5
1000
1 131 492 0 493 0 493 508 492 508 492 507 492 460 492 455 492 452 492 447 492 445 492 402 492 388 492 371 492 369 492 367 492 365 492 364 492 356 492 354 492 350 492 348 492 344 492 342 492 324 492 320 492 319 492 305 492 304 492 303 492 286 492 285 492 281 492 280 492 279 492 275 492 273 492 272 492 263 492 256 492 221 492 219 492 218 492 210 492 209 492 208 492 207 492 203 492 202 492 201 492 198 492 196 492 194 492 190 492 189 492 183 492 181 492 180 492 179 492 177 492 169 492 168 492 166 492 165 492 163 492 159 492 158 492 153 492 152 492 151 492 149 492 137 492 133 492 132 492 131 492 127 492 126 492 125 492 123 492 118 492 117 492 116 492 115 492 113 492 108 492 107 492 105 492 104 492 102 492 99 492 97 492 95 492 94 492 93 492 92 492 89 492 87 492 86 492 83 492 82 492 81 492 79 492 76 492 75 492 56 492 55 492 51 492 50 492 49 492 48 492 47 492 46 492 45 492 42 492 41 492 40 492 38 492 37 492 36 492 35 492 34 492 23 492 21 492 20 492 19 492 18 492 17 492 15 492 14 492 12 492 9 492 4
2 112 0 507 15 507 16 507 17 507 19 507 26 507 27 507 44 507 45 507 47 507 49 507 53 507 65 507 88 507 92 507 98 507 99 507 100 507 111 507 114 507 117 507 118 507 119 507 120 507 123 507 128 507 129 507 130 507 136 507 137 507 138 507 168 507 172 507 176 507 184 507 185 507 190 507 192 507 212 507 217 507 218 507 220 507 221 507 224 507 226 507 227 507 229 507 230 507 234 507 236 507 240 507 242 507 244 507 258 507 271 507 274 507 275 507 276 507 285 507 286 507 298 507 300 507 302 507 303 507 305 507 307 507 308 507 309 507 310 507 313 507 334 507 337 507 344 507 345 507 346 507 348 507 349 507 352 507 354 507 356 507 365 507 368 507 369 507 370 507 371 507 372 507 374 507 388 507 391 507 396 507 414 507 417 507 420 507 422 507 426 507 428 507 430 507 432 507 433 507 436 507 450 507 451 507 458 507 466 507 478 507 480 507 488 507 489 507 490 507 492 507 492 508 0 508
3 9 490 460 492 460 492 507 490 507 490 504 490 476 490 474 490 464 490 463
4 4 489 504 490 504 490 507 489 507
5 6 489 476 490 476 490 504 489 504 489 479 489 478
6 10 488 479 489 479 489 504 489 507 488 507 488 503 488 501 488 500 488 498 488 484
7 8 480 503 481 503 483 503 484 503 485 503 488 503 488 507 480 507
8 5 485 501 488 501 488 503 485 503 485 502
9 6 485 500 486 500 487 500 488 500 488 501 485 501
10 4 484 502 485 502 485 503 484 503
11 5 484 500 485 500 485 501 485 502 484 502
12 4 487 498 488 498 488 500 487 500
13 4 486 498 487 498 487 500 486 500
14 5 484 498 486 498 486 500 485 500 484 500
15 6 483 498 484 498 484 500 484 502 484 503 483 503
16 7 483 484 488 484 488 498 487 498 486 498 484 498 483 498
17 5 481 484 483 484 483 498 483 503 481 503
18 6 480 484 481 484 481 503 480 503 480 499 480 485
19 6 478 499 480 499 480 503 480 507 478 507 478 505
20 8 478 485 480 485 480 499 478 499 478 497 478 496 478 495 478 486
21 7 466 505 472 505 473 505 474 505 478 505 478 507 466 507
22 7 474 497 476 497 477 497 478 497 478 499 478 505 474 505
23 4 477 496 478 496 478 497 477 497
24 4 477 495 478 495 478 496 477 496
25 5 476 495 477 495 477 496 477 497 476 497
26 10 476 486 478 486 478 495 477 495 476 495 476 494 476 493 476 491 476 488 476 487
27 5 474 494 476 494 476 495 476 497 474 497
28 5 473 494 474 494 474 497 474 505 473 505
29 4 472 494 473 494 473 505 472 505
30 6 466 494 468 494 469 494 472 494 472 505 466 505
31 7 469 493 476 493 476 494 474 494 473 494 472 494 469 494
32 5 469 491 470 491 476 491 476 493 469 493
33 6 470 488 475 488 476 488 476 491 470 491 470 490
34 4 475 487 476 487 476 488 475 488
35 4 475 486 476 486 476 487 475 487
36 5 475 485 478 485 478 486 476 486 475 486
37 6 470 485 475 485 475 486 475 487 475 488 470 488
38 4 469 490 470 490 470 491 469 491
39 6 468 490 469 490 469 491 469 493 469 494 468 494
40 4 466 490 468 490 468 494 466 494
41 9 458 490 459 490 460 490 463 490 466 490 466 494 466 505 466 507 458 507
42 10 463 485 464 485 465 485 470 485 470 488 470 490 469 490 468 490 466 490 463 490
43 7 465 484 480 484 480 485 478 485 475 485 470 485 465 485
44 9 465 479 488 479 488 484 483 484 481 484 480 484 465 484 465 481 465 480
45 5 465 478 489 478 489 479 488 479 465 479
46 5 464 481 465 481 465 484 465 485 464 485
47 4 464 480 465 480 465 481 464 481
48 5 463 480 464 480 464 481 464 485 463 485
49 6 463 478 465 478 465 479 465 480 464 480 463 480
50 6 460 478 463 478 463 480 463 485 463 490 460 490
51 7 460 476 467 476 489 476 489 478 465 478 463 478 460 478
52 7 459 476 460 476 460 478 460 490 459 490 459 482 459 477
53 5 467 474 490 474 490 476 489 476 467 476
54 5 467 464 490 464 490 474 467 474 467 465
55 8 459 465 467 465 467 474 467 476 460 476 459 476 459 467 459 466
56 4 458 482 459 482 459 490 458 490
57 8 451 482 452 482 454 482 456 482 458 482 458 490 458 507 451 507
58 6 456 477 457 477 459 477 459 482 458 482 456 482
59 6 457 467 459 467 459 476 459 477 457 477 457 469
60 5 456 469 457 469 457 477 456 477 456 475
61 6 454 475 455 475 456 475 456 477 456 482 454 482
62 5 455 469 456 469 456 475 455 475 455 473
63 4 454 473 455 473 455 475 454 475
64 4 454 469 455 469 455 473 454 473
65 6 452 469 454 469 454 473 454 475 454 482 452 482
66 8 452 467 457 467 457 469 456 469 455 469 454 469 452 469 452 468
67 6 451 468 452 468 452 469 452 482 451 482 451 471
68 5 450 471 451 471 451 482 451 507 450 507
69 8 436 471 437 471 438 471 442 471 446 471 450 471 450 507 436 507
70 7 446 468 447 468 449 468 451 468 451 471 450 471 446 471
71 5 449 467 452 467 452 468 451 468 449 468
72 6 449 466 459 466 459 467 457 467 452 467 449 467
73 5 447 466 449 466 449 467 449 468 447 468
74 5 447 465 459 465 459 466 449 466 447 466
75 5 446 465 447 465 447 466 447 468 446 468
76 6 446 464 467 464 467 465 459 465 447 465 446 465
77 6 442 464 446 464 446 465 446 468 446 471 442 471
78 6 442 463 490 463 490 464 467 464 446 464 442 464
79 7 438 463 440 463 441 463 442 463 442 464 442 471 438 471
80 9 441 460 443 460 444 460 445 460 461 460 490 460 490 463 442 463 441 463
81 5 461 455 492 455 492 460 490 460 461 460
82 5 461 452 492 452 492 455 461 455 461 453
83 5 445 453 461 453 461 455 461 460 445 460
84 4 444 453 445 453 445 460 444 460
85 6 444 452 453 452 461 452 461 453 445 453 444 453
86 7 453 447 471 447 491 447 492 447 492 452 461 452 453 452
87 4 491 445 492 445 492 447 491 447
88 4 471 445 491 445 491 447 471 447
89 7 471 402 492 402 492 445 491 445 471 445 471 406 471 404
90 10 453 406 471 406 471 445 471 447 453 447 453 441 453 438 453 411 453 409 453 407
91 5 444 441 453 441 453 447 453 452 444 452
92 7 443 441 444 441 444 452 444 453 444 460 443 460 443 442
93 6 441 442 443 442 443 460 441 460 441 459 441 448
94 5 440 459 441 459 441 460 441 463 440 463
95 5 440 448 441 448 441 459 440 459 440 458
96 4 440 442 441 442 441 448 440 448
97 5 438 458 440 458 440 459 440 463 438 463
98 5 438 442 440 442 440 448 440 458 438 458
99 7 437 442 438 442 438 458 438 463 438 471 437 471 437 443
100 7 437 441 443 441 443 442 441 442 440 442 438 442 437 442
101 5 436 443 437 443 437 471 436 471 436 444
102 5 433 444 436 444 436 471 436 507 433 507
103 4 432 444 433 444 433 507 432 507
104 5 430 444 432 444 432 507 430 507 430 462
105 4 428 462 430 462 430 507 428 507
106 7 426 462 427 462 428 462 428 507 426 507 426 506 426 492
107 5 422 506 425 506 426 506 426 507 422 507
108 4 425 492 426 492 426 506 425 506
109 4 425 462 426 462 426 492 425 492
110 6 422 462 423 462 425 462 425 492 425 506 422 506
111 5 420 462 422 462 422 506 422 507 420 507
112 6 427 444 429 444 430 444 430 462 428 462 427 462
113 9 429 443 431 443 435 443 436 443 436 444 433 444 432 444 430 444 429 444
114 6 435 441 437 441 437 442 437 443 436 443 435 443
115 7 435 438 453 438 453 441 444 441 443 441 437 441 435 441
116 5 435 411 453 411 453 438 435 438 435 430
117 6 431 430 435 430 435 438 435 441 435 443 431 443
118 4 429 430 431 430 431 443 429 443
119 7 429 411 435 411 435 430 431 430 429 430 429 420 429 418
120 7 427 420 429 420 429 430 429 443 429 444 427 444 427 423
121 10 423 423 427 423 427 444 427 462 426 462 425 462 423 462 423 434 423 431 423 425
122 7 420 434 423 434 423 462 422 462 420 462 420 461 420 446
123 5 417 461 420 461 420 462 420 507 417 507
124 5 414 461 415 461 417 461 417 507 414 507
125 6 396 461 397 461 401 461 414 461 414 507 396 507
126 8 415 446 416 446 420 446 420 461 417 461 415 461 415 457 415 449
127 9 401 457 408 457 409 457 410 457 412 457 415 457 415 461 414 461 401 461
128 4 412 449 415 449 415 457 412 457
129 5 410 449 411 449 412 449 412 457 410 457
130 5 411 446 415 446 415 449 412 449 411 449
131 5 416 434 418 434 420 434 420 446 416 446
132 6 411 434 416 434 416 446 415 446 411 446 411 437
133 5 410 437 411 437 411 446 411 449 410 449
134 5 409 437 410 437 410 449 410 457 409 457
135 4 408 437 409 437 409 457 408 457
136 9 401 437 403 437 404 437 405 437 406 437 407 437 408 437 408 457 401 457
137 6 397 437 400 437 401 437 401 457 401 461 397 461
138 7 407 434 411 434 411 437 410 437 409 437 408 437 407 437
139 5 418 431 423 431 423 434 420 434 418 434
140 4 418 425 423 425 423 431 418 431
141 7 407 425 418 425 418 431 418 434 416 434 411 434 407 434
142 5 406 425 407 425 407 434 407 437 406 437
143 6 406 423 423 423 423 425 418 425 407 425 406 425
144 5 406 420 427 420 427 423 423 423 406 423
145 7 405 420 406 420 406 423 406 425 406 437 405 437 405 426
146 5 404 426 405 426 405 437 404 437 404 436
147 4 403 436 404 436 404 437 403 437
148 4 403 426 404 426 404 436 403 436
149 6 400 426 403 426 403 436 403 437 401 437 400 437
150 7 400 420 405 420 405 426 404 426 403 426 400 426 400 422
151 9 400 418 402 418 429 418 429 420 427 420 406 420 405 420 400 420 400 419
152 5 397 422 400 422 400 426 400 437 397 437
153 7 397 419 398 419 399 419 400 419 400 420 400 422 397 422
154 6 396 419 397 419 397 422 397 437 397 461 396 461
155 4 399 418 400 418 400 419 399 419
156 6 402 411 429 411 429 418 402 418 402 413 402 412
157 5 399 413 402 413 402 418 400 418 399 418
158 4 399 412 402 412 402 413 399 413
159 8 398 412 399 412 399 413 399 418 399 419 398 419 398 417 398 415
160 5 396 417 398 417 398 419 397 419 396 419
161 6 391 417 396 417 396 419 396 461 396 507 391 507
162 6 388 417 389 417 391 417 391 507 388 507 388 429
163 9 389 415 390 415 392 415 393 415 398 415 398 417 396 417 391 417 389 417
164 4 393 412 398 412 398 415 393 415
165 4 392 412 393 412 393 415 392 415
166 4 390 412 392 412 392 415 390 415
167 8 390 411 402 411 402 412 399 412 398 412 393 412 392 412 390 412
168 7 390 409 453 409 453 411 435 411 429 411 402 411 390 411
169 4 390 407 453 407 453 409 390 409
170 7 389 407 390 407 390 409 390 411 390 412 390 415 389 415
171 6 389 406 439 406 453 406 453 407 390 407 389 407
172 6 388 406 389 406 389 407 389 415 389 417 388 417
173 5 439 404 471 404 471 406 453 406 439 406
174 5 388 404 439 404 439 406 389 406 388 406
175 4 374 429 388 429 388 507 374 507
176 7 374 404 376 404 388 404 388 406 388 417 388 429 374 429
177 9 376 402 378 402 385 402 434 402 471 402 471 404 439 404 388 404 376 404
178 7 434 388 492 388 492 402 471 402 434 402 434 401 434 399
179 5 385 401 387 401 434 401 434 402 385 402
180 5 387 399 413 399 434 399 434 401 387 401
181 5 413 388 434 388 434 399 413 399 413 390
182 5 387 390 413 390 413 399 387 399 387 395
183 8 385 395 386 395 387 395 387 399 387 401 385 401 385 400 385 398
184 7 378 400 380 400 382 400 385 400 385 401 385 402 378 402
185 5 382 398 383 398 385 398 385 400 382 400
186 5 383 395 384 395 385 395 385 398 383 398
187 4 382 395 383 395 383 398 382 398
188 5 386 390 387 390 387 395 386 395 386 393
189 6 384 393 386 393 386 395 385 395 384 395 384 394
190 5 382 394 384 394 384 395 383 395 382 395
191 4 382 393 384 393 384 394 382 394
192 8 380 393 381 393 382 393 382 394 382 395 382 398 382 400 380 400
193 6 378 393 379 393 380 393 380 400 378 400 378 396
194 7 381 390 386 390 386 393 384 393 382 393 381 393 381 391
195 5 379 391 381 391 381 393 380 393 379 393
196 4 379 390 381 390 381 391 379 391
197 8 379 388 413 388 413 390 387 390 386 390 381 390 379 390 379 389
198 7 379 371 492 371 492 388 434 388 413 388 379 388 379 375
199 6 378 389 379 389 379 390 379 391 379 393 378 393
200 6 376 396 377 396 378 396 378 400 378 402 376 402
201 5 377 389 378 389 378 393 378 396 377 396
202 4 376 389 377 389 377 396 376 396
203 9 376 375 379 375 379 388 379 389 378 389 377 389 376 389 376 382 376 379
204 10 374 382 376 382 376 389 376 396 376 402 376 404 374 404 374 387 374 386 374 385
205 7 372 387 374 387 374 404 374 429 374 507 372 507 372 392
206 5 371 392 372 392 372 507 371 507 371 428
207 4 370 428 371 428 371 507 370 507
208 4 370 392 371 392 371 428 370 428
209 5 370 387 372 387 372 392 371 392 370 392
210 6 369 387 370 387 370 392 370 428 370 507 369 507
211 5 368 387 369 387 369 507 368 507 368 439
212 7 368 386 374 386 374 387 372 387 370 387 369 387 368 387
213 5 365 439 367 439 368 439 368 507 365 507
214 5 356 439 361 439 365 439 365 507 356 507
215 5 354 439 355 439 356 439 356 507 354 507
216 4 352 439 354 439 354 507 352 507
217 5 349 439 352 439 352 507 349 507 349 470
218 5 367 386 368 386 368 387 368 439 367 439
219 6 361 386 367 386 367 439 365 439 361 439 361 405
220 6 361 385 374 385 374 386 368 386 367 386 361 386
221 5 355 405 361 405 361 439 356 439 355 439
222 6 349 405 355 405 355 439 354 439 352 439 349 439
223 4 348 470 349 470 349 507 348 507
224 4 346 470 348 470 348 507 346 507
225 4 345 470 346 470 346 507 345 507
226 8 345 405 349 405 349 439 349 470 348 470 346 470 345 470 345 408
227 7 345 385 361 385 361 386 361 405 355 405 349 405 345 405
228 5 344 408 345 408 345 470 345 507 344 507
229 5 344 385 345 385 345 405 345 408 344 408
230 6 337 385 340 385 344 385 344 408 344 507 337 507
231 12 340 382 341 382 342 382 359 382 374 382 374 385 361 385 345 385 344 385 340 385 340 384 340 383
232 6 359 379 376 379 376 382 374 382 359 382 359 381
233 5 342 381 347 381 359 381 359 382 342 382
234 6 347 379 351 379 353 379 359 379 359 381 347 381
235 5 342 379 343 379 347 379 347 381 342 381
236 6 353 375 362 375 376 375 376 379 359 379 353 379
237 7 362 371 379 371 379 375 376 375 362 375 362 374 362 372
238 5 362 369 492 369 492 371 379 371 362 371
239 4 353 374 362 374 362 375 353 375
240 6 351 374 353 374 353 375 353 379 351 379 351 376
241 5 351 372 362 372 362 374 353 374 351 374
242 5 343 376 351 376 351 379 347 379 343 379
243 4 342 376 343 376 343 379 342 379
244 6 341 376 342 376 342 379 342 381 342 382 341 382
245 7 341 372 351 372 351 374 351 376 343 376 342 376 341 376
246 5 340 372 341 372 341 376 341 382 340 382
247 7 340 369 362 369 362 371 362 372 351 372 341 372 340 372
248 4 337 384 340 384 340 385 337 385
249 5 334 384 337 384 337 385 337 507 334 507
250 7 334 383 335 383 339 383 340 383 340 384 337 384 334 384
251 7 339 369 340 369 340 372 340 382 340 383 339 383 339 378
252 7 339 367 350 367 492 367 492 369 362 369 340 369 339 369
253 6 335 378 336 378 338 378 339 378 339 383 335 383
254 4 334 378 335 378 335 383 334 383
255 10 313 378 314 378 322 378 325 378 334 378 334 383 334 384 334 507 313 507 313 456
256 6 338 367 339 367 339 369 339 378 338 378 338 368
257 5 350 365 364 365 492 365 492 367 350 367
258 5 364 364 424 364 492 364 492 365 364 365
259 6 424 356 492 356 492 364 424 364 424 361 424 358
260 4 364 361 424 361 424 364 364 364
261 5 350 361 364 361 364 364 364 365 350 365
262 6 338 361 350 361 350 365 350 367 339 367 338 367
263 5 336 368 338 368 338 378 336 378 336 370
264 5 336 361 338 361 338 367 338 368 336 368
265 9 336 358 373 358 424 358 424 361 364 361 350 361 338 361 336 361 336 360
266 7 325 370 333 370 336 370 336 378 335 378 334 378 325 378
267 7 333 360 336 360 336 361 336 368 336 370 333 370 333 363
268 4 333 358 336 358 336 360 333 360
269 8 325 363 327 363 328 363 329 363 330 363 333 363 333 370 325 370
270 6 330 358 333 358 333 360 333 363 330 363 330 359
271 4 329 359 330 359 330 363 329 363
272 4 328 359 329 359 329 363 328 363
273 4 327 359 328 359 328 363 327 363
274 6 327 358 330 358 330 359 329 359 328 359 327 359
275 4 373 356 424 356 424 358 373 358
276 5 373 354 492 354 492 356 424 356 373 356
277 8 327 354 373 354 373 356 373 358 336 358 333 358 330 358 327 358
278 7 327 350 492 350 492 354 373 354 327 354 327 353 327 352
279 8 325 353 327 353 327 354 327 358 327 359 327 363 325 363 325 362
280 6 322 362 325 362 325 363 325 370 325 378 322 378
281 5 314 362 318 362 322 362 322 378 314 378
282 5 318 353 325 353 325 362 322 362 318 362
283 4 314 353 318 353 318 362 314 362
284 8 314 352 315 352 326 352 327 352 327 353 325 353 318 353 314 353
285 6 313 352 314 352 314 353 314 362 314 378 313 378
286 4 326 350 327 350 327 352 326 352
287 6 326 348 479 348 492 348 492 350 327 350 326 350
288 5 479 344 492 344 492 348 479 348 479 346
289 4 326 346 479 346 479 348 326 348
290 6 315 346 326 346 326 348 326 350 326 352 315 352
291 7 315 344 317 344 320 344 479 344 479 346 326 346 315 346
292 6 320 342 324 342 492 342 492 344 479 344 320 344
293 11 324 324 357 324 492 324 492 342 324 342 324 341 324 338 324 337 324 336 324 328 324 325
294 5 320 341 321 341 324 341 324 342 320 342
295 4 321 338 324 338 324 341 321 341
296 4 320 338 321 338 321 341 320 341
297 7 317 338 320 338 320 341 320 342 320 344 317 344 317 340
298 5 315 340 317 340 317 344 315 344 315 343
299 7 313 343 315 343 315 344 315 346 315 352 314 352 313 352
300 5 310 456 312 456 313 456 313 507 310 507
301 9 312 343 313 343 313 352 313 378 313 456 312 456 312 454 312 355 312 349
302 5 310 454 311 454 312 454 312 456 310 456
303 5 309 454 310 454 310 456 310 507 309 507
304 4 308 454 309 454 309 507 308 507
305 4 311 355 312 355 312 454 311 454
306 6 308 355 311 355 311 454 310 454 309 454 308 454
307 6 307 355 308 355 308 454 308 507 307 507 307 421
308 6 307 349 312 349 312 355 311 355 308 355 307 355
309 4 305 421 307 421 307 507 305 507
310 4 303 421 305 421 305 507 303 507
311 5 302 421 303 421 303 507 302 507 302 433
312 4 300 433 302 433 302 507 300 507
313 4 298 433 300 433 300 507 298 507
314 5 286 433 287 433 298 433 298 507 286 507
315 7 287 421 289 421 302 421 302 433 300 433 298 433 287 433
316 9 289 349 304 349 307 349 307 355 307 421 305 421 303 421 302 421 289 421
317 6 304 343 312 343 312 349 307 349 304 349 304 345
318 6 304 340 315 340 315 343 313 343 312 343 304 343
319 5 289 345 290 345 304 345 304 349 289 349
320 5 290 340 304 340 304 343 304 345 290 345
321 7 290 338 294 338 317 338 317 340 315 340 304 340 290 340
322 7 294 337 324 337 324 338 321 338 320 338 317 338 294 338
323 5 294 336 299 336 324 336 324 337 294 337
324 9 299 328 324 328 324 336 299 336 299 334 299 332 299 331 299 330 299 329
325 6 294 334 297 334 299 334 299 336 294 336 294 335
326 6 290 335 294 335 294 336 294 337 294 338 290 338
327 5 290 334 293 334 294 334 294 335 290 335
328 4 297 332 299 332 299 334 297 334
329 4 297 331 299 331 299 332 297 332
330 7 293 331 297 331 297 332 297 334 294 334 293 334 293 333
331 6 293 330 296 330 299 330 299 331 297 331 293 331
332 4 290 333 293 333 293 334 290 334
333 8 289 333 290 333 290 334 290 335 290 338 290 340 290 345 289 345
334 6 289 330 293 330 293 331 293 333 290 333 289 333
335 7 287 330 289 330 289 333 289 345 289 349 289 421 287 421
336 4 296 329 299 329 299 330 296 330
337 7 287 329 288 329 296 329 296 330 293 330 289 330 287 330
338 6 286 329 287 329 287 330 287 421 287 433 286 433
339 5 288 328 299 328 299 329 296 329 288 329
340 7 288 325 324 325 324 328 299 328 288 328 288 327 288 326
341 6 286 327 288 327 288 328 288 329 287 329 286 329
342 7 285 327 286 327 286 329 286 433 286 507 285 507 285 435
343 7 276 435 279 435 281 435 284 435 285 435 285 507 276 507
344 7 284 327 285 327 285 435 284 435 284 416 284 366 284 357
345 6 284 326 288 326 288 327 286 327 285 327 284 327
346 5 281 416 282 416 284 416 284 435 281 435
347 5 282 366 284 366 284 416 282 416 282 377
348 4 282 357 284 357 284 366 282 366
349 4 281 377 282 377 282 416 281 416
350 6 279 377 281 377 281 416 281 435 279 435 279 424
351 4 276 424 279 424 279 435 276 435
352 5 275 424 276 424 276 435 276 507 275 507
353 4 274 424 275 424 275 507 274 507
354 7 274 377 279 377 279 424 276 424 275 424 274 424 274 380
355 7 274 357 282 357 282 366 282 377 281 377 279 377 274 377
356 6 271 380 272 380 274 380 274 424 274 507 271 507
357 5 272 357 274 357 274 377 274 380 272 380
358 7 272 326 284 326 284 327 284 357 282 357 274 357 272 357
359 6 271 326 272 326 272 357 272 380 271 380 271 347
360 7 258 347 260 347 262 347 271 347 271 380 271 507 258 507
361 4 262 326 271 326 271 347 262 347
362 10 262 325 268 325 269 325 270 325 288 325 288 326 284 326 272 326 271 326 262 326
363 8 270 324 273 324 291 324 292 324 324 324 324 325 288 325 270 325
364 5 357 320 492 320 492 324 357 324 357 323
365 5 357 319 358 319 492 319 492 320 357 320
366 8 358 305 492 305 492 319 358 319 358 317 358 315 358 309 358 308
367 4 357 317 358 317 358 319 357 319
368 5 292 323 357 323 357 324 324 324 292 324
369 6 292 317 357 317 357 319 357 320 357 323 292 323
370 5 291 317 292 317 292 323 292 324 291 324
371 6 291 315 358 315 358 317 357 317 292 317 291 317
372 6 291 309 358 309 358 315 291 315 291 312 291 311
373 7 273 312 277 312 291 312 291 315 291 317 291 324 273 324
374 6 270 312 273 312 273 324 270 324 270 322 270 316
375 5 269 322 270 322 270 324 270 325 269 325
376 4 269 316 270 316 270 322 269 322
377 4 269 312 270 312 270 316 269 316
378 8 268 312 269 312 269 316 269 322 269 325 268 325 268 321 268 313
379 4 277 311 291 311 291 312 277 312
380 4 277 309 291 309 291 311 277 311
381 6 277 308 319 308 358 308 358 309 291 309 277 309
382 5 319 305 358 305 358 308 319 308 319 306
383 5 319 304 492 304 492 305 358 305 319 305
384 5 319 303 363 303 492 303 492 304 319 304
385 9 363 286 492 286 492 303 363 303 363 301 363 299 363 297 363 296 363 290
386 4 319 301 363 301 363 303 319 303
387 6 277 306 295 306 319 306 319 308 277 308 277 307
388 10 268 307 277 307 277 308 277 309 277 311 277 312 273 312 270 312 269 312 268 312
389 4 268 306 277 306 277 307 268 307
390 4 262 321 268 321 268 325 262 325
391 7 260 321 262 321 262 325 262 326 262 347 260 347 260 339
392 4 258 339 260 339 260 347 258 347
393 7 244 339 245 339 258 339 258 347 258 507 244 507 244 432
394 6 245 321 247 321 260 321 260 339 258 339 245 339
395 8 247 313 248 313 264 313 268 313 268 321 262 321 260 321 247 321
396 6 264 306 268 306 268 307 268 312 268 313 264 313
397 7 295 301 319 301 319 303 319 304 319 305 319 306 295 306
398 6 295 299 363 299 363 301 319 301 295 301 295 300
399 8 264 300 283 300 295 300 295 301 295 306 277 306 268 306 264 306
400 6 248 300 249 300 264 300 264 306 264 313 248 313
401 4 283 299 295 299 295 300 283 300
402 6 283 297 363 297 363 299 295 299 283 299 283 298
403 4 283 296 363 296 363 297 283 297
404 8 283 290 323 290 360 290 363 290 363 296 283 296 283 294 283 292
405 11 249 298 250 298 252 298 253 298 261 298 266 298 283 298 283 299 283 300 264 300 249 300
406 6 266 294 283 294 283 296 283 297 283 298 266 298
407 5 261 294 266 294 266 298 261 298 261 295
408 5 261 292 283 292 283 294 266 294 261 294
409 5 253 295 259 295 261 295 261 298 253 298
410 6 259 292 261 292 261 294 261 295 259 295 259 293
411 5 259 290 283 290 283 292 261 292 259 292
412 5 360 286 363 286 363 290 360 290 360 289
413 5 323 289 331 289 360 289 360 290 323 290
414 5 259 289 323 289 323 290 283 290 259 290
415 4 253 293 259 293 259 295 253 295
416 6 253 289 259 289 259 290 259 292 259 293 253 293
417 4 331 286 360 286 360 289 331 289
418 7 331 285 421 285 492 285 492 286 363 286 360 286 331 286
419 5 421 281 492 281 492 285 421 285 421 284
420 4 421 280 492 280 492 281 421 281
421 4 421 279 492 279 492 280 421 280
422 4 331 284 421 284 421 285 331 285
423 12 253 284 255 284 256 284 257 284 280 284 331 284 331 285 331 286 331 289 323 289 259 289 253 289
424 7 280 279 421 279 421 280 421 281 421 284 331 284 280 284
425 4 257 279 280 279 280 284 257 284
426 7 257 275 492 275 492 279 421 279 280 279 257 279 257 276
427 5 256 276 257 276 257 279 257 284 256 284
428 5 255 276 256 276 256 284 255 284 255 277
429 5 255 275 257 275 257 276 256 276 255 276
430 5 253 277 254 277 255 277 255 284 253 284
431 9 252 277 253 277 253 284 253 289 253 293 253 295 253 298 252 298 252 283
432 5 254 275 255 275 255 276 255 277 254 277
433 6 254 273 492 273 492 275 257 275 255 275 254 275
434 6 252 273 254 273 254 275 254 277 253 277 252 277
435 5 252 272 492 272 492 273 254 273 252 273
436 4 252 263 492 263 492 272 252 272
437 5 252 256 492 256 492 263 252 263 252 257
438 4 250 283 252 283 252 298 250 298
439 4 249 283 250 283 250 298 249 298
440 6 248 283 249 283 249 298 249 300 248 300 248 287
441 16 248 257 252 257 252 263 252 272 252 273 252 277 252 283 250 283 249 283 248 283 248 282 248 271 248 269 248 267 248 266 248 262
442 5 247 287 248 287 248 300 248 313 247 313
443 5 247 282 248 282 248 283 248 287 247 287
444 6 245 282 247 282 247 287 247 313 247 321 245 321
445 6 244 282 245 282 245 321 245 339 244 339 244 318
446 5 242 432 244 432 244 507 242 507 242 489
447 4 240 489 242 489 242 507 240 507
448 4 236 489 240 489 240 507 236 507
449 6 236 432 242 432 242 489 240 489 236 489 236 451
450 7 236 318 238 318 244 318 244 339 244 432 242 432 236 432
451 6 234 451 235 451 236 451 236 489 236 507 234 507
452 6 230 451 231 451 232 451 234 451 234 507 230 507
453 5 235 318 236 318 236 432 236 451 235 451
454 5 232 318 235 318 235 451 234 451 232 451
455 5 238 282 244 282 244 318 238 318 238 291
456 8 238 271 239 271 248 271 248 282 247 282 245 282 244 282 238 282
457 6 232 291 238 291 238 318 236 318 235 318 232 318
458 5 232 271 238 271 238 282 238 291 232 291
459 7 231 271 232 271 232 291 232 318 232 451 231 451 231 274
460 4 239 269 248 269 248 271 239 271
461 4 239 267 248 267 248 269 239 269
462 7 231 267 239 267 239 269 239 271 238 271 232 271 231 271
463 5 230 274 231 274 231 451 230 451 230 302
464 6 229 302 230 302 230 451 230 507 229 507 229 310
465 4 227 310 229 310 229 507 227 507
466 6 226 310 227 310 227 507 226 507 226 427 226 314
467 5 224 427 225 427 226 427 226 507 224 507
468 5 221 427 223 427 224 427 224 507 221 507
469 4 225 314 226 314 226 427 225 427
470 4 225 310 226 310 226 314 225 314
471 7 223 310 225 310 225 314 225 427 224 427 223 427 223 397
472 7 223 302 229 302 229 310 227 310 226 310 225 310 223 310
473 4 221 397 223 397 223 427 221 427
474 5 220 397 221 397 221 427 221 507 220 507
475 4 218 397 220 397 220 507 218 507
476 4 217 397 218 397 218 507 217 507
477 8 217 302 223 302 223 310 223 397 221 397 220 397 218 397 217 397
478 6 212 302 214 302 217 302 217 397 217 507 212 507
479 7 214 274 230 274 230 302 229 302 223 302 217 302 214 302
480 9 214 267 215 267 222 267 231 267 231 271 231 274 230 274 214 274 214 270
481 6 222 266 248 266 248 267 239 267 231 267 222 267
482 5 222 262 248 262 248 266 222 266 222 265
483 6 215 265 216 265 222 265 222 266 222 267 215 267
484 4 216 262 222 262 222 265 216 265
485 6 216 257 246 257 248 257 248 262 222 262 216 262
486 5 246 256 252 256 252 257 248 257 246 257
487 9 246 221 492 221 492 256 252 256 246 256 246 248 246 247 246 236 246 232
488 8 216 248 246 248 246 256 246 257 216 257 216 253 216 251 216 249
489 8 215 253 216 253 216 257 216 262 216 265 215 265 215 264 215 260
490 5 214 264 215 264 215 265 215 267 214 267
491 6 212 270 213 270 214 270 214 274 214 302 212 302
492 11 192 270 196 270 197 270 199 270 202 270 211 270 212 270 212 302 212 507 192 507 192 351
493 5 213 264 214 264 214 267 214 270 213 270
494 5 213 260 215 260 215 264 214 264 213 264
495 6 211 260 213 260 213 264 213 270 212 270 211 270
496 6 211 253 215 253 215 260 213 260 211 260 211 254
497 11 202 254 203 254 205 254 207 254 208 254 209 254 211 254 211 260 211 270 202 270 202 268
498 4 209 253 211 253 211 254 209 254
499 6 209 251 216 251 216 253 215 253 211 253 209 253
500 5 208 251 209 251 209 253 209 254 208 254
501 5 207 251 208 251 208 254 207 254 207 252
502 7 207 249 216 249 216 251 209 251 208 251 207 251 207 250
503 4 205 252 207 252 207 254 205 254
504 5 205 250 207 250 207 251 207 252 205 252
505 6 203 250 204 250 205 250 205 252 205 254 203 254
506 4 202 250 203 250 203 254 202 254
507 5 204 249 207 249 207 250 205 250 204 250
508 5 204 248 216 248 216 249 207 249 204 249
509 5 204 247 246 247 246 248 216 248 204 248
510 6 204 236 219 236 246 236 246 247 204 247 204 238
511 11 202 238 204 238 204 247 204 248 204 249 204 250 203 250 202 250 202 245 202 242 202 239
512 5 199 268 200 268 202 268 202 270 199 270
513 6 200 245 202 245 202 250 202 254 202 268 200 268
514 4 199 245 200 245 200 268 199 268
515 8 197 245 198 245 199 245 199 268 199 270 197 270 197 255 197 246
516 5 196 255 197 255 197 270 196 270 196 258
517 6 192 258 196 258 196 270 192 270 192 261 192 259
518 4 190 351 192 351 192 507 190 507
519 5 190 261 192 261 192 270 192 351 190 351
520 5 185 261 190 261 190 351 190 507 185 507
521 6 185 259 191 259 192 259 192 261 190 261 185 261
522 5 184 259 185 259 185 261 185 507 184 507
523 4 191 258 192 258 192 259 191 259
524 5 191 255 196 255 196 258 192 258 191 258
525 6 184 255 191 255 191 258 191 259 185 259 184 259
526 8 176 255 181 255 182 255 183 255 184 255 184 259 184 507 176 507
527 7 183 246 197 246 197 255 196 255 191 255 184 255 183 255
528 4 183 245 197 245 197 246 183 246
529 7 198 242 202 242 202 245 200 245 199 245 198 245 198 244
530 5 183 244 198 244 198 245 197 245 183 245
531 6 182 244 183 244 183 245 183 246 183 255 182 255
532 5 182 242 198 242 198 244 183 244 182 244
533 6 181 242 182 242 182 244 182 255 181 255 181 243
534 7 181 239 202 239 202 242 198 242 182 242 181 242 181 240
535 4 176 243 181 243 181 255 176 255
536 7 172 243 173 243 174 243 176 243 176 255 176 507 172 507
537 7 174 240 175 240 181 240 181 242 181 243 176 243 174 243
538 5 175 239 177 239 181 239 181 240 175 240
539 5 177 238 202 238 202 239 181 239 177 239
540 7 177 236 179 236 187 236 204 236 204 238 202 238 177 238
541 5 219 232 228 232 246 232 246 236 219 236
542 7 187 232 219 232 219 236 204 236 187 236 187 235 187 234
543 5 179 235 180 235 187 235 187 236 179 236
544 4 180 234 187 234 187 235 180 235
545 4 180 232 187 232 187 234 180 234
546 7 228 221 246 221 246 232 228 232 228 231 228 230 228 223
547 6 180 231 228 231 228 232 219 232 187 232 180 232
548 4 180 230 228 230 228 231 180 231
549 7 179 230 180 230 180 231 180 232 180 234 180 235 179 235
550 7 179 223 189 223 228 223 228 230 180 230 179 230 179 224
551 7 177 224 179 224 179 230 179 235 179 236 177 236 177 227
552 7 175 227 177 227 177 236 177 238 177 239 175 239 175 228
553 5 175 224 177 224 177 227 175 227 175 226
554 6 174 228 175 228 175 239 175 240 174 240 174 237
555 5 174 226 175 226 175 227 175 228 174 228
556 5 173 237 174 237 174 240 174 243 173 243
557 4 172 237 173 237 173 243 172 243
558 6 172 226 174 226 174 228 174 237 173 237 172 237
559 6 168 226 172 226 172 237 172 243 172 507 168 507
560 8 138 226 154 226 157 226 166 226 167 226 168 226 168 507 138 507
561 7 167 224 175 224 175 226 174 226 172 226 168 226 167 226
562 6 167 223 179 223 179 224 177 224 175 224 167 224
563 5 189 221 228 221 228 223 189 223 189 222
564 7 189 219 492 219 492 221 246 221 228 221 189 221 189 220
565 5 167 222 189 222 189 223 179 223 167 223
566 6 166 222 167 222 167 223 167 224 167 226 166 226
567 5 157 222 160 222 166 222 166 226 157 226
568 9 160 220 161 220 188 220 189 220 189 221 189 222 167 222 166 222 160 222
569 4 188 219 189 219 189 220 188 220
570 5 188 218 492 218 492 219 189 219 188 219
571 8 188 210 492 210 492 218 188 218 188 217 188 214 188 212 188 211
572 8 161 217 163 217 165 217 188 217 188 218 188 219 188 220 161 220
573 4 165 214 188 214 188 217 165 217
574 4 165 212 188 212 188 214 165 214
575 5 165 211 186 211 188 211 188 212 165 212
576 7 163 211 165 211 165 212 165 214 165 217 163 217 163 215
577 4 186 210 188 210 188 211 186 211
578 5 186 209 492 209 492 210 188 210 186 210
579 4 186 208 492 208 492 209 186 209
580 7 163 208 186 208 186 209 186 210 186 211 165 211 163 211
581 5 163 207 492 207 492 208 186 208 163 208
582 4 163 203 492 203 492 207 163 207
583 5 161 215 162 215 163 215 163 217 161 217
584 7 162 203 163 203 163 207 163 208 163 211 163 215 162 215
585 4 161 203 162 203 162 215 161 215
586 7 161 202 195 202 492 202 492 203 163 203 162 203 161 203
587 10 160 202 161 202 161 203 161 215 161 217 161 220 160 220 160 216 160 206 160 205
588 4 195 201 492 201 492 202 195 202
589 7 195 198 278 198 492 198 492 201 195 201 195 200 195 199
590 5 278 196 492 196 492 198 278 198 278 197
591 4 195 197 278 197 278 198 195 198
592 4 195 196 278 196 278 197 195 197
593 6 160 200 195 200 195 201 195 202 161 202 160 202
594 5 157 216 160 216 160 220 160 222 157 222
595 4 157 206 160 206 160 216 157 216
596 6 154 206 157 206 157 216 157 222 157 226 154 226
597 5 154 205 160 205 160 206 157 206 154 206
598 6 154 200 160 200 160 202 160 205 154 205 154 204
599 7 138 204 139 204 154 204 154 205 154 206 154 226 138 226
600 6 139 200 140 200 141 200 154 200 154 204 139 204
601 6 141 199 195 199 195 200 160 200 154 200 141 200
602 11 141 196 142 196 146 196 158 196 164 196 194 196 195 196 195 197 195 198 195 199 141 199
603 7 194 194 492 194 492 196 278 196 195 196 194 196 194 195
604 4 164 195 194 195 194 196 164 196
605 4 164 194 194 194 194 195 164 195
606 8 164 190 366 190 462 190 492 190 492 194 194 194 164 194 164 192
607 4 462 189 492 189 492 190 462 190
608 9 462 183 492 183 492 189 462 189 462 188 462 187 462 186 462 185 462 184
609 5 366 188 462 188 462 189 462 190 366 190
610 4 164 188 366 188 366 190 164 190
611 6 158 192 164 192 164 194 164 195 164 196 158 196
612 5 158 188 164 188 164 190 164 192 158 192
613 6 158 187 462 187 462 188 366 188 164 188 158 188
614 6 146 187 158 187 158 188 158 192 158 196 146 196
615 5 146 186 462 186 462 187 158 187 146 187
616 5 146 185 148 185 462 185 462 186 146 186
617 4 148 184 462 184 462 185 148 185
618 6 148 183 149 183 306 183 462 183 462 184 148 184
619 5 306 181 492 181 492 183 462 183 306 183
620 4 149 181 306 181 306 183 149 183
621 5 149 180 492 180 492 181 306 181 149 181
622 8 149 179 150 179 151 179 152 179 153 179 492 179 492 180 149 180
623 5 153 177 251 177 492 177 492 179 153 179
624 8 251 169 492 169 492 177 251 177 251 174 251 173 251 172 251 171
625 4 153 174 251 174 251 177 153 177
626 6 152 174 153 174 153 177 153 179 152 179 152 178
627 5 152 173 251 173 251 174 153 174 152 174
628 4 151 178 152 178 152 179 151 179
629 5 151 173 152 173 152 174 152 178 151 178
630 5 150 173 151 173 151 178 151 179 150 179
631 6 150 172 251 172 251 173 152 173 151 173 150 173
632 5 149 172 150 172 150 173 150 179 149 179
633 5 149 171 251 171 251 172 150 172 149 172
634 10 148 171 149 171 149 172 149 179 149 180 149 181 149 183 148 183 148 182 148 176
635 5 148 169 251 169 251 171 149 171 148 171
636 5 148 168 492 168 492 169 251 169 148 169
637 6 146 182 148 182 148 183 148 184 148 185 146 185
638 8 142 182 144 182 146 182 146 185 146 186 146 187 146 196 142 196
639 6 144 176 147 176 148 176 148 182 146 182 144 182
640 4 142 176 144 176 144 182 142 182
641 6 147 168 148 168 148 169 148 171 148 176 147 176
642 7 147 166 210 166 492 166 492 168 148 168 147 168 147 167
643 4 210 165 492 165 492 166 210 166
644 4 147 165 210 165 210 166 147 166
645 5 147 163 492 163 492 165 210 165 147 165
646 6 142 167 147 167 147 168 147 176 144 176 142 176
647 6 141 167 142 167 142 176 142 182 142 196 141 196
648 7 141 163 147 163 147 165 147 166 147 167 142 167 141 167
649 7 140 163 141 163 141 167 141 196 141 199 141 200 140 200
650 7 140 159 237 159 492 159 492 163 147 163 141 163 140 163
651 4 237 158 492 158 492 159 237 159
652 5 237 153 492 153 492 158 237 158 237 157
653 5 237 152 265 152 492 152 492 153 237 153
654 4 265 151 492 151 492 152 265 152
655 4 265 149 492 149 492 151 265 151
656 5 237 149 265 149 265 151 265 152 237 152
657 10 237 137 492 137 492 149 265 149 237 149 237 148 237 147 237 145 237 139 237 138
658 6 140 157 156 157 237 157 237 158 237 159 140 159
659 8 139 157 140 157 140 159 140 163 140 200 139 200 139 191 139 162
660 5 138 191 139 191 139 200 139 204 138 204
661 6 137 191 138 191 138 204 138 226 138 507 137 507
662 4 136 191 137 191 137 507 136 507
663 7 130 191 131 191 133 191 134 191 136 191 136 507 130 507
664 7 134 162 139 162 139 191 138 191 137 191 136 191 134 191
665 4 134 157 139 157 139 162 134 162
666 8 156 148 237 148 237 149 237 152 237 153 237 157 156 157 156 156
667 6 134 156 156 156 156 157 140 157 139 157 134 157
668 5 134 148 145 148 156 148 156 156 134 156
669 10 133 148 134 148 134 156 134 157 134 162 134 191 133 191 133 155 133 154 133 150
670 5 145 147 237 147 237 148 156 148 145 148
671 5 133 147 145 147 145 148 134 148 133 148
672 7 133 145 170 145 237 145 237 147 145 147 133 147 133 146
673 5 131 155 133 155 133 191 131 191 131 161
674 4 130 161 131 161 131 191 130 191
675 4 130 155 131 155 131 161 130 161
676 6 129 155 130 155 130 161 130 191 130 507 129 507
677 6 129 154 133 154 133 155 131 155 130 155 129 155
678 5 128 154 129 154 129 155 129 507 128 507
679 6 123 154 128 154 128 507 123 507 123 414 123 229
680 7 123 150 125 150 133 150 133 154 129 154 128 154 123 154
681 5 120 414 122 414 123 414 123 507 120 507
682 4 122 229 123 229 123 414 122 414
683 4 120 229 122 229 122 414 120 414
684 6 120 150 123 150 123 154 123 229 122 229 120 229
685 7 119 150 120 150 120 229 120 414 120 507 119 507 119 170
686 6 125 146 133 146 133 147 133 148 133 150 125 150
687 4 125 145 133 145 133 146 125 146
688 6 170 139 237 139 237 145 170 145 170 144 170 142
689 6 125 144 155 144 170 144 170 145 133 145 125 145
690 8 119 144 125 144 125 145 125 146 125 150 123 150 120 150 119 150
691 4 118 170 119 170 119 507 118 507
692 6 117 170 118 170 118 507 117 507 117 288 117 175
693 5 114 288 117 288 117 507 114 507 114 440
694 5 114 175 115 175 117 175 117 288 114 288
695 5 111 440 113 440 114 440 114 507 111 507
696 6 100 440 101 440 104 440 111 440 111 507 100 507
697 6 113 175 114 175 114 288 114 440 113 440 113 193
698 4 115 170 117 170 117 175 115 175
699 8 115 144 119 144 119 150 119 170 118 170 117 170 115 170 115 164
700 4 155 142 170 142 170 144 155 144
701 8 115 142 124 142 126 142 155 142 155 144 125 144 119 144 115 144
702 6 113 164 115 164 115 170 115 175 114 175 113 175
703 5 113 142 115 142 115 144 115 164 113 164
704 8 104 193 105 193 106 193 113 193 113 440 111 440 104 440 104 373
705 11 106 142 107 142 108 142 109 142 110 142 112 142 113 142 113 164 113 175 113 193 106 193
706 5 126 139 170 139 170 142 155 142 126 142
707 7 126 138 127 138 132 138 237 138 237 139 170 139 126 139
708 4 132 137 237 137 237 138 132 138
709 8 132 133 143 133 492 133 492 137 237 137 132 137 132 135 132 134
710 5 143 132 233 132 492 132 492 133 143 133
711 4 132 132 143 132 143 133 132 133
712 4 233 131 492 131 492 132 233 132
713 6 233 127 316 127 492 127 492 131 233 131 233 129
714 7 132 129 233 129 233 131 233 132 143 132 132 132 132 130
715 5 127 135 132 135 132 137 132 138 127 138
716 4 126 135 127 135 127 138 126 138
717 7 124 135 126 135 126 138 126 139 126 142 124 142 124 136
718 6 112 136 124 136 124 142 115 142 113 142 112 142
719 4 110 136 112 136 112 142 110 142
720 4 109 136 110 136 110 142 109 142
721 4 108 136 109 136 109 142 108 142
722 4 107 136 108 136 108 142 107 142
723 8 107 135 124 135 124 136 112 136 110 136 109 136 108 136 107 136
724 7 107 134 132 134 132 135 127 135 126 135 124 135 107 135
725 6 106 134 107 134 107 135 107 136 107 142 106 142
726 5 105 134 106 134 106 142 106 193 105 193
727 8 105 130 132 130 132 132 132 133 132 134 107 134 106 134 105 134
728 4 105 129 132 129 132 130 105 130
729 6 104 129 105 129 105 130 105 134 105 193 104 193
730 8 104 127 121 127 233 127 233 129 132 129 105 129 104 129 104 128
731 4 101 373 104 373 104 440 101 440
732 7 101 128 104 128 104 129 104 193 104 373 101 373 101 140
733 5 100 140 101 140 101 373 101 440 100 440
734 5 99 140 100 140 100 440 100 507 99 507
735 6 98 140 99 140 99 507 98 507 98 225 98 143
736 7 92 225 93 225 94 225 97 225 98 225 98 507 92 507
737 4 97 143 98 143 98 225 97 225
738 4 97 140 98 140 98 143 97 143
739 7 97 128 101 128 101 140 100 140 99 140 98 140 97 140
740 7 94 128 97 128 97 140 97 143 97 225 94 225 94 213
741 8 94 127 96 127 103 127 104 127 104 128 101 128 97 128 94 128
742 4 316 126 492 126 492 127 316 127
743 4 316 125 492 125 492 126 316 126
744 4 316 123 492 123 492 125 316 125
745 5 316 118 492 118 492 123 316 123 316 122
746 8 121 122 316 122 316 123 316 125 316 126 316 127 233 127 121 127
747 6 121 118 316 118 316 122 121 122 121 120 121 119
748 5 121 117 492 117 492 118 316 118 121 118
749 5 121 116 135 116 492 116 492 117 121 117
750 8 103 120 121 120 121 122 121 127 104 127 103 127 103 124 103 121
751 4 96 124 103 124 103 127 96 127
752 5 96 121 102 121 103 121 103 124 96 124
753 4 102 120 103 120 103 121 102 121
754 5 102 119 121 119 121 120 103 120 102 120
755 6 102 116 121 116 121 117 121 118 121 119 102 119
756 6 96 116 102 116 102 119 102 120 102 121 96 121
757 5 135 115 171 115 492 115 492 116 135 116
758 4 171 113 492 113 492 115 171 115
759 8 171 108 492 108 492 113 171 113 171 112 171 111 171 110 171 109
760 6 135 112 171 112 171 113 171 115 135 115 135 114
761 4 135 111 171 111 171 112 135 112
762 7 96 114 135 114 135 115 135 116 121 116 102 116 96 116
763 7 94 114 96 114 96 116 96 121 96 124 96 127 94 127
764 4 93 213 94 213 94 225 93 225
765 4 92 213 93 213 93 225 92 225
766 7 88 213 90 213 92 213 92 225 92 507 88 507 88 233
767 8 90 114 94 114 94 127 94 128 94 213 93 213 92 213 90 213
768 7 90 111 135 111 135 112 135 114 96 114 94 114 90 114
769 5 88 111 90 111 90 114 90 213 88 213
770 9 88 110 89 110 91 110 159 110 171 110 171 111 135 111 90 111 88 111
771 15 65 233 67 233 68 233 69 233 70 233 73 233 74 233 75 233 82 233 85 233 86 233 88 233 88 507 65 507 65 278
772 7 86 110 87 110 88 110 88 111 88 213 88 233 86 233
773 4 159 109 171 109 171 110 159 110
774 5 91 109 95 109 159 109 159 110 91 110
775 6 95 108 116 108 171 108 171 109 159 109 95 109
776 5 116 107 492 107 492 108 171 108 116 108
777 4 116 105 492 105 492 107 116 107
778 5 95 105 116 105 116 107 116 108 95 108
779 5 95 104 492 104 492 105 116 105 95 105
780 6 91 104 95 104 95 105 95 108 95 109 91 109
781 6 91 102 243 102 492 102 492 104 95 104 91 104
782 6 89 102 91 102 91 104 91 109 91 110 89 110
783 5 87 102 89 102 89 110 88 110 87 110
784 5 243 99 492 99 492 102 243 102 243 100
785 5 243 97 492 97 492 99 243 99 243 98
786 5 243 95 492 95 492 97 243 97 243 96
787 6 87 100 243 100 243 102 91 102 89 102 87 102
788 6 87 98 241 98 243 98 243 99 243 100 87 100
789 6 86 98 87 98 87 100 87 102 87 110 86 110
790 5 241 96 243 96 243 97 243 98 241 98
791 4 241 95 243 95 243 96 241 96
792 5 241 94 492 94 492 95 243 95 241 95
793 7 86 94 241 94 241 95 241 96 241 98 87 98 86 98
794 5 86 93 492 93 492 94 241 94 86 94
795 8 85 93 86 93 86 94 86 98 86 110 86 233 85 233 85 160
796 7 85 92 332 92 375 92 492 92 492 93 86 93 85 93
797 5 375 89 492 89 492 92 375 92 375 90
798 5 375 87 394 87 492 87 492 89 375 89
799 5 332 90 375 90 375 92 332 92 332 91
800 4 85 91 332 91 332 92 85 92
801 5 82 160 84 160 85 160 85 233 82 233
802 7 84 91 85 91 85 92 85 93 85 160 84 160 84 141
803 4 82 141 84 141 84 160 82 160
804 4 82 91 84 91 84 141 82 141
805 7 75 91 78 91 82 91 82 141 82 160 82 233 75 233
806 8 78 90 206 90 332 90 332 91 85 91 84 91 82 91 78 91
807 4 75 90 78 90 78 91 75 91
808 7 206 87 301 87 375 87 375 89 375 90 332 90 206 90
809 4 394 86 492 86 492 87 394 87
810 6 394 83 492 83 492 86 394 86 394 85 394 84
811 4 394 82 492 82 492 83 394 83
812 6 301 85 394 85 394 86 394 87 375 87 301 87
813 4 301 84 394 84 394 85 301 85
814 5 301 82 394 82 394 83 394 84 301 84
815 6 301 81 448 81 492 81 492 82 394 82 301 82
816 7 206 81 301 81 301 82 301 84 301 85 301 87 206 87
817 4 448 79 492 79 492 81 448 81
818 5 448 76 492 76 492 79 448 79 448 78
819 6 206 78 448 78 448 79 448 81 301 81 206 81
820 7 75 78 206 78 206 81 206 87 206 90 78 90 75 90
821 6 74 78 75 78 75 90 75 91 75 233 74 233
822 7 74 76 201 76 448 76 448 78 206 78 75 78 74 78
823 5 73 76 74 76 74 78 74 233 73 233
824 5 201 75 492 75 492 76 448 76 201 76
825 9 201 56 482 56 492 56 492 75 201 75 201 74 201 72 201 71 201 70
826 6 73 74 201 74 201 75 201 76 74 76 73 76
827 4 73 72 201 72 201 74 73 74
828 6 70 72 73 72 73 74 73 76 73 233 70 233
829 6 70 71 169 71 201 71 201 72 73 72 70 72
830 5 69 71 70 71 70 72 70 233 69 233
831 4 169 70 201 70 201 71 169 71
832 8 69 70 72 70 76 70 83 70 169 70 169 71 70 71 69 71
833 6 68 70 69 70 69 71 69 233 68 233 68 103
834 9 83 56 201 56 201 70 169 70 83 70 83 68 83 62 83 61 83 59
835 7 76 68 79 68 81 68 83 68 83 70 76 70 76 69
836 4 72 69 76 69 76 70 72 70
837 4 72 68 76 68 76 69 72 69
838 6 68 68 72 68 72 69 72 70 69 70 68 70
839 7 81 62 83 62 83 68 81 68 81 67 81 66 81 65
840 4 79 67 81 67 81 68 79 68
841 4 79 66 81 66 81 67 79 67
842 7 68 66 79 66 79 67 79 68 76 68 72 68 68 68
843 4 67 103 68 103 68 233 67 233
844 6 65 103 66 103 67 103 67 233 65 233 65 106
845 6 53 278 57 278 58 278 65 278 65 507 53 507
846 6 58 106 64 106 65 106 65 233 65 278 58 278
847 4 64 103 65 103 65 106 64 106
848 5 58 103 61 103 64 103 64 106 58 106
849 7 66 66 68 66 68 68 68 70 68 103 67 103 66 103
850 8 61 66 66 66 66 103 65 103 64 103 61 103 61 80 61 77
851 9 61 65 62 65 63 65 81 65 81 66 79 66 68 66 66 66 61 66
852 6 63 62 81 62 81 65 63 65 63 64 63 63
853 4 62 64 63 64 63 65 62 65
854 4 61 64 62 64 62 65 61 65
855 4 58 80 61 80 61 103 58 103
856 6 57 80 58 80 58 103 58 106 58 278 57 278
857 4 53 80 57 80 57 278 53 278
858 5 49 80 53 80 53 278 53 507 49 507
859 8 49 77 51 77 61 77 61 80 58 80 57 80 53 80 49 80
860 9 51 64 52 64 55 64 56 64 61 64 61 65 61 66 61 77 51 77
861 6 56 63 63 63 63 64 62 64 61 64 56 64
862 4 56 62 63 62 63 63 56 63
863 5 55 62 56 62 56 63 56 64 55 64
864 7 55 61 83 61 83 62 81 62 63 62 56 62 55 62
865 5 52 61 55 61 55 62 55 64 52 64
866 4 51 61 52 61 52 64 51 64
867 7 51 59 60 59 83 59 83 61 55 61 52 61 51 61
868 5 60 56 83 56 83 59 60 59 60 58
869 4 482 55 492 55 492 56 482 56
870 7 60 55 267 55 482 55 482 56 201 56 83 56 60 56
871 8 267 51 492 51 492 55 482 55 267 55 267 54 267 53 267 52
872 4 60 54 267 54 267 55 60 55
873 4 51 58 60 58 60 59 51 59
874 7 49 58 51 58 51 59 51 61 51 64 51 77 49 77
875 8 47 58 49 58 49 77 49 80 49 507 47 507 47 241 47 60
876 4 45 241 47 241 47 507 45 507
877 4 44 241 45 241 45 507 44 507
878 6 27 241 28 241 44 241 44 507 27 507 27 472
879 17 28 60 29 60 32 60 33 60 36 60 38 60 39 60 40 60 41 60 42 60 43 60 46 60 47 60 47 241 45 241 44 241 28 241
880 4 46 58 47 58 47 60 46 60
881 9 46 54 60 54 60 55 60 56 60 58 51 58 49 58 47 58 46 58
882 5 46 53 267 53 267 54 60 54 46 54
883 5 46 52 48 52 267 52 267 53 46 53
884 7 43 52 46 52 46 53 46 54 46 58 46 60 43 60
885 5 48 51 77 51 267 51 267 52 48 52
886 5 77 50 492 50 492 51 267 51 77 51
887 4 48 50 77 50 77 51 48 51
888 5 48 49 492 49 492 50 77 50 48 50
889 7 43 49 48 49 48 50 48 51 48 52 46 52 43 52
890 5 43 48 492 48 492 49 48 49 43 49
891 6 42 48 43 48 43 49 43 52 43 60 42 60
892 8 42 47 54 47 59 47 419 47 492 47 492 48 43 48 42 48
893 4 419 46 492 46 492 47 419 47
894 4 419 45 492 45 492 46 419 46
895 4 419 42 492 42 492 45 419 45
896 4 419 41 492 41 492 42 419 42
897 4 419 40 492 40 492 41 419 41
898 10 59 40 80 40 419 40 419 41 419 42 419 45 419 46 419 47 59 47 59 44
899 7 80 38 193 38 492 38 492 40 419 40 80 40 80 39
900 4 59 39 80 39 80 40 59 40
901 4 54 44 59 44 59 47 54 47
902 4 42 44 54 44 54 47 42 47
903 7 42 39 50 39 59 39 59 40 59 44 54 44 42 44
904 7 41 39 42 39 42 44 42 47 42 48 42 60 41 60
905 4 40 39 41 39 41 60 40 60
906 5 50 38 80 38 80 39 59 39 50 39
907 4 193 37 492 37 492 38 193 38
908 4 193 36 492 36 492 37 193 37
909 4 193 35 492 35 492 36 193 36
910 7 50 35 193 35 193 36 193 37 193 38 80 38 50 38
911 7 40 35 50 35 50 38 50 39 42 39 41 39 40 39
912 6 40 34 492 34 492 35 193 35 50 35 40 35
913 6 39 34 40 34 40 35 40 39 40 60 39 60
914 5 39 23 492 23 492 34 40 34 39 34
915 8 38 23 39 23 39 34 39 60 38 60 38 31 38 29 38 28
916 5 36 31 37 31 38 31 38 60 36 60
917 7 33 31 36 31 36 60 33 60 33 43 33 33 33 32
918 4 32 43 33 43 33 60 32 60
919 4 32 33 33 33 33 43 32 43
920 4 32 32 33 32 33 33 32 33
921 8 29 32 30 32 32 32 32 33 32 43 32 60 29 60 29 57
922 5 30 31 33 31 33 32 32 32 30 32
923 5 37 29 38 29 38 31 37 31 37 30
924 4 37 28 38 28 38 29 37 29
925 8 37 23 38 23 38 28 37 28 37 27 37 26 37 25 37 24
926 8 37 21 71 21 263 21 492 21 492 23 39 23 38 23 37 23
927 7 30 30 31 30 37 30 37 31 36 31 33 31 30 31
928 6 31 27 37 27 37 28 37 29 37 30 31 30
929 5 31 26 35 26 37 26 37 27 31 27
930 5 30 26 31 26 31 27 31 30 30 30
931 4 35 25 37 25 37 26 35 26
932 6 30 25 34 25 35 25 35 26 31 26 30 26
933 7 29 25 30 25 30 26 30 30 30 31 30 32 29 32
934 5 34 24 37 24 37 25 35 25 34 25
935 5 34 21 37 21 37 23 37 24 34 24
936 4 263 20 492 20 492 21 263 21
937 4 263 19 492 19 492 20 263 20
938 5 71 19 263 19 263 20 263 21 71 21
939 5 71 18 492 18 492 19 263 19 71 19
940 4 71 17 492 17 492 18 71 18
941 4 71 15 492 15 492 17 71 17
942 6 71 14 178 14 395 14 492 14 492 15 71 15
943 9 34 14 71 14 71 15 71 17 71 18 71 19 71 21 37 21 34 21
944 4 395 12 492 12 492 14 395 14
945 5 178 12 395 12 395 14 178 14 178 13
946 5 178 9 492 9 492 12 395 12 178 12
947 5 178 4 492 4 492 9 178 9 178 7
948 5 34 13 178 13 178 14 71 14 34 14
949 8 29 13 34 13 34 14 34 21 34 24 34 25 30 25 29 25
950 4 28 57 29 57 29 60 28 60
951 5 27 57 28 57 28 60 28 241 27 241
952 4 26 472 27 472 27 507 26 507
953 7 19 472 22 472 23 472 24 472 26 472 26 507 19 507
954 8 24 57 25 57 27 57 27 241 27 472 26 472 24 472 24 73
955 8 25 13 29 13 29 25 29 32 29 57 28 57 27 57 25 57
956 11 25 7 178 7 178 9 178 12 178 13 34 13 29 13 25 13 25 11 25 10 25 8
957 6 24 11 25 11 25 13 25 57 24 57 24 16
958 4 23 73 24 73 24 472 23 472
959 5 23 16 24 16 24 57 24 73 23 73
960 6 22 16 23 16 23 73 23 472 22 472 22 22
961 5 19 22 21 22 22 22 22 472 19 472
962 4 21 16 22 16 22 22 21 22
963 6 21 11 24 11 24 16 23 16 22 16 21 16
964 5 21 10 25 10 25 11 24 11 21 11
965 7 19 10 20 10 21 10 21 11 21 16 21 22 19 22
966 7 17 10 18 10 19 10 19 22 19 472 19 507 17 507
967 5 20 8 25 8 25 10 21 10 20 10
968 4 20 7 25 7 25 8 20 8
969 6 18 7 20 7 20 8 20 10 19 10 18 10
970 6 18 4 178 4 178 7 25 7 20 7 18 7
971 6 18 0 492 0 492 4 178 4 18 4 18 1
972 6 17 1 18 1 18 4 18 7 18 10 17 10
973 5 16 1 17 1 17 10 17 507 16 507
974 5 15 1 16 1 16 507 15 507 15 483
975 7 0 483 2 483 5 483 14 483 15 483 15 507 0 507
976 6 14 1 15 1 15 483 14 483 14 450 14 3
977 7 14 0 18 0 18 1 17 1 16 1 15 1 14 1
978 6 5 450 8 450 13 450 14 450 14 483 5 483
979 7 13 3 14 3 14 450 13 450 13 410 13 101 13 88
980 5 8 410 9 410 13 410 13 450 8 450
981 5 9 101 13 101 13 410 9 410 9 403
982 6 9 88 11 88 12 88 13 88 13 101 9 101
983 4 12 3 13 3 13 88 12 88
984 5 11 3 12 3 12 88 11 88 11 6
985 5 9 6 10 6 11 6 11 88 9 88
986 4 8 403 9 403 9 410 8 410
987 6 8 6 9 6 9 88 9 101 9 403 8 403
988 6 5 6 8 6 8 403 8 410 8 450 5 450
989 5 2 6 5 6 5 450 5 483 2 483
990 5 10 3 11 3 11 6 10 6 10 5
991 8 10 0 14 0 14 1 14 3 13 3 12 3 11 3 10 3
992 11 2 5 3 5 4 5 6 5 7 5 10 5 10 6 9 6 8 6 5 6 2 6
993 5 7 0 10 0 10 3 10 5 7 5
994 4 6 0 7 0 7 5 6 5
995 4 4 0 6 0 6 5 4 5
996 5 3 0 4 0 4 5 3 5 3 2
997 4 2 2 3 2 3 5 2 5
998 7 0 2 1 2 2 2 2 5 2 6 2 483 0 483
999 5 1 0 3 0 3 2 2 2 1 2
1000 4 0 0 1 0 1 2 0 2
1000
1 119 0 508 1 508 2 508 5 508 6 508 7 508 8 508 12 508 13 508 15 508 16 508 17 508 18 508 19 508 21 508 22 508 24 508 25 508 26 508 27 508 29 508 30 508 31 508 32 508 33 508 38 508 39 508 40 508 43 508 45 508 47 508 48 508 49 508 50 508 51 508 52 508 53 508 55 508 69 508 70 508 71 508 72 508 84 508 86 508 87 508 88 508 89 508 98 508 99 508 102 508 103 508 136 508 137 508 138 508 140 508 146 508 149 508 170 508 176 508 177 508 189 508 195 508 197 508 198 508 200 508 201 508 202 508 204 508 255 508 256 508 257 508 258 508 259 508 260 508 261 508 262 508 263 508 264 508 273 508 274 508 277 508 280 508 284 508 285 508 286 508 289 508 385 508 387 508 393 508 396 508 398 508 401 508 405 508 406 508 411 508 413 508 415 508 416 508 417 508 418 508 419 508 422 508 424 508 426 508 427 508 428 508 429 508 430 508 431 508 435 508 436 508 437 508 438 508 444 508 447 508 450 508 492 508 492 509 0 509
2 10 450 506 482 506 483 506 488 506 489 506 490 506 491 506 492 506 492 508 450 508
3 149 491 0 492 0 492 506 491 506 491 505 491 499 491 488 491 485 491 469 491 467 491 451 491 448 491 447 491 445 491 443 491 442 491 441 491 433 491 407 491 403 491 400 491 399 491 398 491 396 491 395 491 394 491 393 491 391 491 390 491 388 491 387 491 375 491 370 491 369 491 367 491 363 491 337 491 336 491 335 491 334 491 333 491 330 491 329 491 327 491 325 491 322 491 321 491 320 491 314 491 313 491 312 491 311 491 307 491 304 491 303 491 302 491 300 491 296 491 282 491 272 491 271 491 270 491 254 491 250 491 249 491 248 491 247 491 245 491 232 491 217 491 216 491 215 491 214 491 211 491 210 491 209 491 208 491 207 491 206 491 205 491 204 491 199 491 197 491 196 491 195 491 194 491 189 491 188 491 186 491 184 491 182 491 169 491 168 491 167 491 166 491 163 491 161 491 160 491 159 491 157 491 145 491 144 491 143 491 127 491 126 491 107 491 104 491 97 491 96 491 95 491 94 491 92 491 89 491 88 491 87 491 73 491 71 491 64 491 63 491 60 491 58 491 57 491 55 491 54 491 53 491 52 491 51 491 50 491 43 491 42 491 40 491 38 491 37 491 36 491 35 491 34 491 33 491 32 491 30 491 29 491 28 491 27 491 15 491 14 491 13 491 11 491 10 491 9 491 8
4 4 490 505 491 505 491 506 490 506
5 5 490 499 491 499 491 505 490 505 490 502
6 10 490 488 491 488 491 499 490 499 490 498 490 497 490 494 490 491 490 490 490 489
7 5 489 502 490 502 490 505 490 506 489 506
8 5 489 498 490 498 490 499 490 502 489 502
9 6 488 498 489 498 489 502 489 506 488 506 488 504
10 4 483 504 488 504 488 506 483 506
11 4 482 504 483 504 483 506 482 506
12 5 482 498 488 498 488 504 483 504 482 504
13 7 482 497 487 497 490 497 490 498 489 498 488 498 482 498
14 9 450 497 451 497 475 497 477 497 482 497 482 498 482 504 482 506 450 506
15 5 487 494 490 494 490 497 487 497 487 495
16 8 477 495 478 495 479 495 484 495 487 495 487 497 482 497 477 497
17 5 484 494 486 494 487 494 487 495 484 495
18 5 486 491 490 491 490 494 487 494 486 494
19 5 484 491 486 491 486 494 484 494 484 493
20 6 479 493 480 493 484 493 484 494 484 495 479 495
21 5 480 491 484 491 484 493 480 493 480 492
22 6 480 490 490 490 490 491 486 491 484 491 480 491
23 4 479 492 480 492 480 493 479 493
24 5 478 492 479 492 479 493 479 495 478 495
25 4 477 492 478 492 478 495 477 495
26 7 477 490 480 490 480 491 480 492 479 492 478 492 477 492
27 7 475 490 476 490 477 490 477 492 477 495 477 497 475 497
28 7 451 490 468 490 470 490 471 490 475 490 475 497 451 497
29 6 476 489 490 489 490 490 480 490 477 490 476 490
30 5 471 489 476 489 476 490 475 490 471 490
31 4 470 489 471 489 471 490 470 490
32 7 470 488 473 488 490 488 490 489 476 489 471 489 470 489
33 5 473 485 491 485 491 488 490 488 473 488
34 11 473 469 491 469 491 485 473 485 473 483 473 481 473 476 473 475 473 474 473 471 473 470
35 5 470 483 473 483 473 485 473 488 470 488
36 7 468 483 470 483 470 488 470 489 470 490 468 490 468 484
37 9 451 484 452 484 457 484 462 484 463 484 464 484 468 484 468 490 451 490
38 4 464 483 468 483 468 484 464 484
39 6 464 481 473 481 473 483 470 483 468 483 464 483
40 6 464 476 473 476 473 481 464 481 464 480 464 477
41 4 464 475 473 475 473 476 464 476
42 6 463 480 464 480 464 481 464 483 464 484 463 484
43 4 462 480 463 480 463 484 462 484
44 5 457 480 461 480 462 480 462 484 457 484
45 6 461 477 464 477 464 480 463 480 462 480 461 480
46 5 461 475 464 475 464 476 464 477 461 477
47 5 457 475 461 475 461 477 461 480 457 480
48 6 457 474 473 474 473 475 464 475 461 475 457 475
49 6 457 471 473 471 473 474 457 474 457 473 457 472
50 7 452 473 457 473 457 474 457 475 457 480 457 484 452 484
51 6 452 472 455 472 456 472 457 472 457 473 452 473
52 4 456 471 457 471 457 472 456 472
53 5 456 470 473 470 473 471 457 471 456 471
54 4 456 469 473 469 473 470 456 470
55 6 455 469 456 469 456 470 456 471 456 472 455 472
56 7 455 467 485 467 491 467 491 469 473 469 456 469 455 469
57 4 485 451 491 451 491 467 485 467
58 11 455 451 460 451 485 451 485 467 455 467 455 463 455 462 455 459 455 458 455 455 455 453
59 7 452 463 453 463 455 463 455 467 455 469 455 472 452 472
60 5 453 462 454 462 455 462 455 463 453 463
61 4 454 459 455 459 455 462 454 462
62 5 453 459 454 459 454 462 453 462 453 461
63 5 453 458 455 458 455 459 454 459 453 459
64 5 452 461 453 461 453 462 453 463 452 463
65 8 451 461 452 461 452 463 452 472 452 473 452 484 451 484 451 479
66 6 450 479 451 479 451 484 451 490 451 497 450 497
67 7 447 479 448 479 450 479 450 497 450 506 450 508 447 508
68 5 444 479 446 479 447 479 447 508 444 508
69 5 438 479 441 479 444 479 444 508 438 508
70 5 448 461 451 461 451 479 450 479 448 479
71 7 448 458 453 458 453 459 453 461 452 461 451 461 448 461
72 6 448 455 455 455 455 458 453 458 448 458 448 457
73 4 448 453 455 453 455 455 448 455
74 8 446 457 448 457 448 458 448 461 448 479 447 479 446 479 446 466
75 7 441 466 442 466 445 466 446 466 446 479 444 479 441 479
76 4 445 457 446 457 446 466 445 466
77 6 445 453 448 453 448 455 448 457 446 457 445 457
78 5 442 453 445 453 445 457 445 466 442 466
79 6 442 451 455 451 455 453 448 453 445 453 442 453
80 5 460 448 491 448 491 451 485 451 460 451
81 4 460 447 491 447 491 448 460 448
82 4 460 445 491 445 491 447 460 447
83 4 460 443 491 443 491 445 460 445
84 5 460 442 466 442 491 442 491 443 460 443
85 9 442 442 460 442 460 443 460 445 460 447 460 448 460 451 455 451 442 451
86 5 466 441 467 441 491 441 491 442 466 442
87 5 467 433 491 433 491 441 467 441 467 436
88 4 466 436 467 436 467 441 466 441
89 6 466 433 467 433 467 436 466 436 466 435 466 434
90 7 442 435 466 435 466 436 466 441 466 442 460 442 442 442
91 8 441 435 442 435 442 442 442 451 442 453 442 466 441 466 441 449
92 5 438 449 441 449 441 466 441 479 438 479
93 4 438 435 441 435 441 449 438 449
94 6 437 435 438 435 438 449 438 479 438 508 437 508
95 8 437 434 439 434 466 434 466 435 442 435 441 435 438 435 437 435
96 5 439 433 440 433 466 433 466 434 439 434
97 16 440 407 491 407 491 433 467 433 466 433 440 433 440 428 440 427 440 424 440 423 440 415 440 413 440 412 440 410 440 409 440 408
98 4 439 428 440 428 440 433 439 433
99 5 437 428 439 428 439 433 439 434 437 434
100 7 436 428 437 428 437 434 437 435 437 508 436 508 436 468
101 4 435 468 436 468 436 508 435 508
102 5 431 468 433 468 435 468 435 508 431 508
103 4 430 468 431 468 431 508 430 508
104 5 433 428 436 428 436 468 435 468 433 468
105 7 433 427 440 427 440 428 439 428 437 428 436 428 433 428
106 4 433 424 440 424 440 427 433 427
107 7 430 424 433 424 433 427 433 428 433 468 431 468 430 468
108 6 429 424 430 424 430 468 430 508 429 508 429 496
109 6 429 423 440 423 440 424 433 424 430 424 429 424
110 4 428 496 429 496 429 508 428 508
111 4 427 496 428 496 428 508 427 508
112 5 426 496 427 496 427 508 426 508 426 507
113 9 426 423 429 423 429 424 429 496 428 496 427 496 426 496 426 440 426 437
114 6 426 415 440 415 440 423 429 423 426 423 426 420
115 4 424 507 426 507 426 508 424 508
116 4 422 507 424 507 424 508 422 508
117 7 422 440 426 440 426 496 426 507 424 507 422 507 422 456
118 5 419 456 422 456 422 507 422 508 419 508
119 4 418 456 419 456 419 508 418 508
120 4 417 456 418 456 418 508 417 508
121 6 417 440 422 440 422 456 419 456 418 456 417 456
122 5 417 437 426 437 426 440 422 440 417 440
123 7 416 437 417 437 417 440 417 456 417 508 416 508 416 460
124 5 415 460 416 460 416 508 415 508 415 482
125 4 413 482 415 482 415 508 413 508
126 5 413 460 414 460 415 460 415 482 413 482
127 6 411 460 413 460 413 482 413 508 411 508 411 503
128 5 406 503 410 503 411 503 411 508 406 508
129 4 410 460 411 460 411 503 410 503
130 7 406 460 407 460 408 460 409 460 410 460 410 503 406 503
131 5 414 437 416 437 416 460 415 460 414 460
132 8 414 420 426 420 426 423 426 437 417 437 416 437 414 437 414 432
133 8 409 432 414 432 414 437 414 460 413 460 411 460 410 460 409 460
134 4 409 420 414 420 414 432 409 432
135 5 408 420 409 420 409 432 409 460 408 460
136 7 408 415 426 415 426 420 414 420 409 420 408 420 408 416
137 6 408 413 440 413 440 415 426 415 408 415 408 414
138 4 408 412 440 412 440 413 408 413
139 9 407 416 408 416 408 420 408 460 407 460 407 446 407 438 407 431 407 429
140 4 406 446 407 446 407 460 406 460
141 6 405 446 406 446 406 460 406 503 406 508 405 508
142 5 405 438 407 438 407 446 406 446 405 446
143 4 405 431 407 431 407 438 405 438
144 6 401 431 405 431 405 438 405 446 405 508 401 508
145 4 398 431 401 431 401 508 398 508
146 4 396 431 398 431 398 508 396 508
147 8 396 429 397 429 407 429 407 431 405 431 401 431 398 431 396 431
148 8 393 429 394 429 395 429 396 429 396 431 396 508 393 508 393 487
149 6 397 416 399 416 407 416 407 429 397 429 397 419
150 6 399 414 408 414 408 415 408 416 407 416 399 416
151 4 397 414 399 414 399 416 397 416
152 6 395 419 397 419 397 429 396 429 395 429 395 422
153 4 394 422 395 422 395 429 394 429
154 4 393 422 394 422 394 429 393 429
155 7 387 487 388 487 390 487 392 487 393 487 393 508 387 508
156 6 392 422 393 422 393 429 393 487 392 487 392 450
157 6 392 419 395 419 395 422 394 422 393 422 392 422
158 4 390 450 392 450 392 487 390 487
159 4 388 450 390 450 390 487 388 487
160 8 388 419 389 419 391 419 392 419 392 422 392 450 390 450 388 450
161 7 391 414 397 414 397 416 397 419 395 419 392 419 391 419
162 7 391 412 408 412 408 413 408 414 399 414 397 414 391 414
163 6 391 410 423 410 440 410 440 412 408 412 391 412
164 7 389 410 391 410 391 412 391 414 391 419 389 419 389 411
165 4 423 409 440 409 440 410 423 410
166 5 389 409 423 409 423 410 391 410 389 410
167 8 389 408 400 408 403 408 425 408 440 408 440 409 423 409 389 409
168 4 388 411 389 411 389 419 388 419
169 7 387 411 388 411 388 419 388 450 388 487 387 487 387 421
170 6 385 421 387 421 387 487 387 508 385 508 385 430
171 15 289 430 293 430 305 430 321 430 324 430 327 430 359 430 362 430 376 430 378 430 380 430 384 430 385 430 385 508 289 508
172 4 384 421 385 421 385 430 384 430
173 5 384 411 387 411 387 421 385 421 384 421
174 8 384 408 389 408 389 409 389 410 389 411 388 411 387 411 384 411
175 6 380 408 384 408 384 411 384 421 384 430 380 430
176 4 425 407 440 407 440 408 425 408
177 7 425 403 434 403 491 403 491 407 440 407 425 407 425 406
178 5 434 400 491 400 491 403 434 403 434 401
179 5 425 401 434 401 434 403 425 403 425 402
180 5 403 406 425 406 425 407 425 408 403 408
181 4 400 406 403 406 403 408 400 408
182 8 380 406 381 406 383 406 400 406 400 408 389 408 384 408 380 408
183 5 378 406 380 406 380 408 380 430 378 430
184 8 383 402 425 402 425 403 425 406 403 406 400 406 383 406 383 405
185 4 383 401 425 401 425 402 383 402
186 4 381 405 383 405 383 406 381 406
187 6 378 405 379 405 381 405 381 406 380 406 378 406
188 6 379 401 383 401 383 402 383 405 381 405 379 405
189 6 379 400 434 400 434 401 425 401 383 401 379 401
190 5 379 399 491 399 491 400 434 400 379 400
191 4 379 398 491 398 491 399 379 399
192 7 378 398 379 398 379 399 379 400 379 401 379 405 378 405
193 6 376 398 378 398 378 405 378 406 378 430 376 430
194 8 376 396 377 396 382 396 491 396 491 398 379 398 378 398 376 398
195 5 382 395 421 395 491 395 491 396 382 396
196 5 421 394 459 394 491 394 491 395 421 395
197 4 459 393 491 393 491 394 459 394
198 5 459 391 491 391 491 393 459 393 459 392
199 4 459 390 491 390 491 391 459 391
200 5 421 392 459 392 459 393 459 394 421 394
201 5 382 392 421 392 421 394 421 395 382 395
202 6 382 390 459 390 459 391 459 392 421 392 382 392
203 6 377 390 382 390 382 392 382 395 382 396 377 396
204 6 377 388 491 388 491 390 459 390 382 390 377 390
205 4 377 387 491 387 491 388 377 388
206 5 377 375 491 375 491 387 377 387 377 385
207 8 376 385 377 385 377 387 377 388 377 390 377 396 376 396 376 389
208 10 362 389 363 389 374 389 375 389 376 389 376 396 376 398 376 430 362 430 362 417
209 4 375 385 376 385 376 389 375 389
210 6 375 375 377 375 377 385 376 385 375 385 375 376
211 6 374 376 375 376 375 385 375 389 374 389 374 384
212 6 363 384 365 384 373 384 374 384 374 389 363 389
213 6 373 376 374 376 374 384 373 384 373 382 373 378
214 7 365 382 368 382 370 382 373 382 373 384 365 384 365 383
215 4 363 383 365 383 365 384 363 384
216 5 362 383 363 383 363 384 363 389 362 389
217 5 362 382 365 382 365 383 363 383 362 383
218 4 359 417 362 417 362 430 359 430
219 4 327 417 359 417 359 430 327 430
220 7 327 382 362 382 362 383 362 389 362 417 359 417 327 417
221 5 370 378 371 378 373 378 373 382 370 382
222 6 368 378 370 378 370 382 368 382 368 381 368 379
223 13 327 381 329 381 332 381 334 381 335 381 342 381 345 381 346 381 368 381 368 382 365 382 362 382 327 382
224 6 346 379 347 379 366 379 368 379 368 381 346 381
225 4 366 378 368 378 368 379 366 379
226 4 347 378 366 378 366 379 347 379
227 4 371 376 373 376 373 378 371 378
228 9 347 376 348 376 352 376 371 376 371 378 370 378 368 378 366 378 347 378
229 7 352 375 375 375 375 376 374 376 373 376 371 376 352 376
230 12 352 370 354 370 356 370 361 370 369 370 491 370 491 375 377 375 375 375 352 375 352 374 352 373
231 5 369 369 443 369 491 369 491 370 369 370
232 5 443 367 465 367 491 367 491 369 443 369
233 4 369 367 443 367 443 369 369 369
234 4 465 363 491 363 491 367 465 367
235 5 369 363 465 363 465 367 443 367 369 367
236 5 369 337 491 337 491 363 465 363 369 363
237 18 361 337 369 337 369 363 369 367 369 369 369 370 361 370 361 366 361 364 361 362 361 352 361 348 361 347 361 345 361 342 361 341 361 340 361 338
238 4 356 366 361 366 361 370 356 370
239 4 354 366 356 366 356 370 354 370
240 5 352 366 354 366 354 370 352 370 352 368
241 6 352 364 361 364 361 366 356 366 354 366 352 366
242 6 348 374 349 374 352 374 352 375 352 376 348 376
243 4 349 373 352 373 352 374 349 374
244 5 349 368 352 368 352 370 352 373 349 373
245 5 348 368 349 368 349 373 349 374 348 374
246 5 347 368 348 368 348 374 348 376 347 376
247 7 347 364 352 364 352 366 352 368 349 368 348 368 347 368
248 7 346 364 347 364 347 368 347 376 347 378 347 379 346 379
249 8 346 362 350 362 353 362 361 362 361 364 352 364 347 364 346 364
250 6 345 362 346 362 346 364 346 379 346 381 345 381
251 5 342 362 345 362 345 381 342 381 342 380
252 5 353 352 361 352 361 362 353 362 353 359
253 4 350 359 353 359 353 362 350 362
254 7 342 359 344 359 350 359 350 362 346 362 345 362 342 362
255 9 344 352 353 352 353 359 350 359 344 359 344 358 344 357 344 354 344 353
256 4 342 358 344 358 344 359 342 359
257 6 335 380 338 380 340 380 342 380 342 381 335 381
258 7 340 358 342 358 342 359 342 362 342 380 340 380 340 360
259 6 340 357 343 357 344 357 344 358 342 358 340 358
260 5 338 360 340 360 340 380 338 380 338 361
261 6 335 361 336 361 337 361 338 361 338 380 335 380
262 4 337 360 338 360 338 361 337 361
263 6 337 357 340 357 340 358 340 360 338 360 337 360
264 5 343 354 344 354 344 357 343 357 343 356
265 5 337 356 343 356 343 357 340 357 337 357
266 4 337 354 343 354 343 356 337 356
267 7 336 354 337 354 337 356 337 357 337 360 337 361 336 361
268 6 336 353 344 353 344 354 343 354 337 354 336 354
269 4 336 352 344 352 344 353 336 353
270 9 336 348 360 348 361 348 361 352 353 352 344 352 336 352 336 351 336 349
271 7 335 351 336 351 336 352 336 353 336 354 336 361 335 361
272 4 335 349 336 349 336 351 335 351
273 7 334 349 335 349 335 351 335 361 335 380 335 381 334 381
274 4 332 349 334 349 334 381 332 381
275 7 329 349 332 349 332 381 329 381 329 365 329 355 329 350
276 8 329 348 331 348 336 348 336 349 335 349 334 349 332 349 329 349
277 4 327 365 329 365 329 381 327 381
278 7 324 365 327 365 327 381 327 382 327 417 327 430 324 430
279 5 324 355 329 355 329 365 327 365 324 365
280 4 324 350 329 350 329 355 324 355
281 6 321 350 324 350 324 355 324 365 324 430 321 430
282 4 305 350 321 350 321 430 305 430
283 10 305 348 307 348 308 348 328 348 329 348 329 349 329 350 324 350 321 350 305 350
284 4 360 347 361 347 361 348 360 348
285 4 360 345 361 345 361 347 360 347
286 6 331 345 360 345 360 347 360 348 336 348 331 348
287 7 331 342 361 342 361 345 360 345 331 345 331 344 331 343
288 7 328 344 331 344 331 345 331 348 329 348 328 348 328 346
289 6 308 346 309 346 319 346 328 346 328 348 308 348
290 5 319 344 323 344 328 344 328 346 319 346
291 7 323 343 325 343 330 343 331 343 331 344 328 344 323 344
292 4 330 342 331 342 331 343 330 343
293 5 330 341 361 341 361 342 331 342 330 342
294 4 330 340 361 340 361 341 330 341
295 6 325 340 330 340 330 341 330 342 330 343 325 343
296 6 325 338 361 338 361 340 330 340 325 340 325 339
297 4 325 337 361 337 361 338 325 338
298 6 325 336 491 336 491 337 369 337 361 337 325 337
299 4 325 335 491 335 491 336 325 336
300 5 323 339 325 339 325 340 325 343 323 343
301 7 323 335 325 335 325 336 325 337 325 338 325 339 323 339
302 6 319 335 323 335 323 339 323 343 323 344 319 344
303 6 319 334 491 334 491 335 325 335 323 335 319 335
304 4 319 333 491 333 491 334 319 334
305 6 319 330 491 330 491 333 319 333 319 332 319 331
306 10 309 332 315 332 316 332 319 332 319 333 319 334 319 335 319 344 319 346 309 346
307 4 316 331 319 331 319 332 316 332
308 4 315 331 316 331 316 332 315 332
309 5 315 330 319 330 319 331 316 331 315 331
310 5 309 330 315 330 315 331 315 332 309 332
311 6 309 329 491 329 491 330 319 330 315 330 309 330
312 4 309 327 491 327 491 329 309 329
313 5 309 325 402 325 491 325 491 327 309 327
314 10 308 325 309 325 309 327 309 329 309 330 309 332 309 346 308 346 308 328 308 326
315 5 402 322 491 322 491 325 402 325 402 323
316 5 308 323 402 323 402 325 309 325 308 325
317 5 308 322 351 322 402 322 402 323 308 323
318 5 307 328 308 328 308 346 308 348 307 348
319 4 307 326 308 326 308 328 307 328
320 5 305 326 307 326 307 328 307 348 305 348
321 10 293 326 295 326 299 326 300 326 303 326 305 326 305 348 305 350 305 430 293 430
322 8 303 322 308 322 308 323 308 325 308 326 307 326 305 326 303 326
323 6 351 321 358 321 491 321 491 322 402 322 351 322
324 4 358 320 491 320 491 321 358 321
325 7 358 314 491 314 491 320 358 320 358 319 358 316 358 315
326 5 351 319 358 319 358 320 358 321 351 321
327 4 351 316 358 316 358 319 351 319
328 12 303 316 304 316 311 316 341 316 351 316 351 319 351 321 351 322 308 322 303 322 303 318 303 317
329 6 300 318 302 318 303 318 303 322 303 326 300 326
330 4 302 317 303 317 303 318 302 318
331 4 302 316 303 316 303 317 302 317
332 5 341 315 358 315 358 316 351 316 341 316
333 4 341 314 358 314 358 315 341 315
334 5 311 314 341 314 341 315 341 316 311 316
335 6 311 313 491 313 491 314 358 314 341 314 311 314
336 5 304 313 311 313 311 314 311 316 304 316
337 8 304 312 310 312 318 312 355 312 491 312 491 313 311 313 304 313
338 4 355 311 491 311 491 312 355 312
339 6 355 307 491 307 491 311 355 311 355 310 355 309
340 5 355 304 491 304 491 307 355 307 355 305
341 5 318 310 355 310 355 311 355 312 318 312
342 4 318 309 355 309 355 310 318 310
343 5 318 305 355 305 355 307 355 309 318 309
344 11 310 305 312 305 314 305 317 305 318 305 318 309 318 310 318 312 310 312 310 308 310 306
345 4 304 308 310 308 310 312 304 312
346 5 304 306 306 306 310 306 310 308 304 308
347 4 306 305 310 305 310 306 306 306
348 5 317 304 355 304 355 305 318 305 317 305
349 4 314 304 317 304 317 305 314 305
350 6 314 303 491 303 491 304 355 304 317 304 314 304
351 7 314 302 322 302 326 302 367 302 491 302 491 303 314 303
352 5 367 300 491 300 491 302 367 302 367 301
353 5 367 296 491 296 491 300 367 300 367 297
354 5 326 301 339 301 367 301 367 302 326 302
355 5 339 297 367 297 367 300 367 301 339 301
356 4 339 296 367 296 367 297 339 297
357 5 326 296 339 296 339 297 339 301 326 301
358 8 326 282 491 282 491 296 367 296 339 296 326 296 326 295 326 285
359 6 322 295 326 295 326 296 326 301 326 302 322 302
360 4 314 295 322 295 322 302 314 302
361 8 312 295 314 295 314 302 314 303 314 304 314 305 312 305 312 298
362 7 312 285 326 285 326 295 322 295 314 295 312 295 312 294
363 4 312 282 326 282 326 285 312 285
364 5 312 272 491 272 491 282 326 282 312 282
365 5 306 298 312 298 312 305 310 305 306 305
366 5 306 294 312 294 312 295 312 298 306 298
367 6 304 294 306 294 306 298 306 305 306 306 304 306
368 9 302 294 304 294 304 306 304 308 304 312 304 313 304 316 303 316 302 316
369 12 302 272 312 272 312 282 312 285 312 294 306 294 304 294 302 294 302 278 302 276 302 275 302 274
370 7 300 278 302 278 302 294 302 316 302 317 302 318 300 318
371 9 299 278 300 278 300 318 300 326 299 326 299 288 299 286 299 284 299 283
372 5 295 288 299 288 299 326 295 326 295 290
373 6 293 290 295 290 295 326 293 326 293 299 293 292
374 6 289 299 291 299 293 299 293 326 293 430 289 430
375 7 286 299 287 299 289 299 289 430 289 508 286 508 286 425
376 4 291 292 293 292 293 299 291 299
377 6 287 292 288 292 291 292 291 299 289 299 287 299
378 6 288 290 293 290 293 292 291 292 288 292 288 291
379 4 287 291 288 291 288 292 287 292
380 5 286 291 287 291 287 292 287 299 286 299
381 5 286 290 288 290 288 291 287 291 286 291
382 4 285 425 286 425 286 508 285 508
383 6 285 290 286 290 286 291 286 299 286 425 285 425
384 7 285 288 295 288 295 290 293 290 288 290 286 290 285 290
385 6 284 288 285 288 285 290 285 425 285 508 284 508
386 5 280 288 281 288 284 288 284 508 280 508
387 7 281 286 299 286 299 288 295 288 285 288 284 288 281 288
388 7 281 284 282 284 283 284 297 284 299 284 299 286 281 286
389 4 297 283 299 283 299 284 297 284
390 4 283 283 297 283 297 284 283 284
391 5 283 278 299 278 299 283 297 283 283 283
392 6 283 276 302 276 302 278 300 278 299 278 283 278
393 6 282 276 283 276 283 278 283 283 283 284 282 284
394 6 282 275 301 275 302 275 302 276 283 276 282 276
395 6 281 275 282 275 282 276 282 284 281 284 281 280
396 6 280 280 281 280 281 284 281 286 281 288 280 288
397 6 277 280 278 280 280 280 280 288 280 508 277 508
398 5 274 280 275 280 277 280 277 508 274 508
399 4 273 280 274 280 274 508 273 508
400 7 264 280 265 280 271 280 272 280 273 280 273 508 264 508
401 5 278 275 281 275 281 280 280 280 278 280
402 4 301 274 302 274 302 275 301 275
403 5 301 272 302 272 302 274 301 274 301 273
404 6 301 271 491 271 491 272 312 272 302 272 301 272
405 8 278 273 296 273 301 273 301 274 301 275 282 275 281 275 278 275
406 7 275 273 278 273 278 275 278 280 277 280 275 280 275 277
407 7 272 277 275 277 275 280 274 280 273 280 272 280 272 279
408 4 271 279 272 279 272 280 271 280
409 4 265 279 271 279 271 280 265 280
410 4 264 279 265 279 265 280 264 280
411 6 263 279 264 279 264 280 264 508 263 508 263 386
412 9 263 277 266 277 270 277 272 277 272 279 271 279 265 279 264 279 263 279
413 5 270 273 275 273 275 277 272 277 270 277
414 5 296 271 301 271 301 272 301 273 296 273
415 7 296 270 404 270 412 270 491 270 491 271 301 271 296 271
416 7 270 270 296 270 296 271 296 273 278 273 275 273 270 273
417 5 266 270 270 270 270 273 270 277 266 277
418 10 412 254 458 254 491 254 491 270 412 270 412 261 412 259 412 258 412 256 412 255
419 7 404 261 412 261 412 270 404 270 404 268 404 267 404 262
420 6 266 268 404 268 404 270 296 270 270 270 266 270
421 5 266 267 320 267 404 267 404 268 266 268
422 6 263 267 266 267 266 268 266 270 266 277 263 277
423 4 262 386 263 386 263 508 262 508
424 6 262 267 263 267 263 277 263 279 263 386 262 386
425 5 261 267 262 267 262 386 262 508 261 508
426 7 320 262 404 262 404 267 320 267 320 265 320 264 320 263
427 7 261 265 320 265 320 267 266 267 263 267 262 267 261 267
428 4 261 264 320 264 320 265 261 265
429 7 260 264 261 264 261 265 261 267 261 508 260 508 260 397
430 4 259 397 260 397 260 508 259 508
431 4 259 264 260 264 260 397 259 397
432 6 259 263 320 263 320 264 261 264 260 264 259 264
433 6 258 263 259 263 259 264 259 397 259 508 258 508
434 4 257 263 258 263 258 508 257 508
435 6 256 263 257 263 257 508 256 508 256 454 256 418
436 7 256 262 320 262 320 263 259 263 258 263 257 263 256 263
437 5 256 261 404 261 404 262 320 262 256 262
438 4 255 454 256 454 256 508 255 508
439 5 204 454 255 454 255 508 204 508 204 486
440 11 204 418 205 418 206 418 242 418 244 418 250 418 251 418 256 418 256 454 255 454 204 454
441 6 251 261 256 261 256 262 256 263 256 418 251 418
442 6 251 259 412 259 412 261 404 261 256 261 251 261
443 4 251 258 412 258 412 259 251 259
444 6 250 258 251 258 251 259 251 261 251 418 250 418
445 6 250 256 292 256 412 256 412 258 251 258 250 258
446 4 292 255 412 255 412 256 292 256
447 4 292 254 412 254 412 255 292 255
448 6 458 250 491 250 491 254 458 254 458 252 458 251
449 5 292 252 458 252 458 254 412 254 292 254
450 7 250 252 292 252 292 254 292 255 292 256 250 256 250 253
451 11 244 253 245 253 248 253 249 253 250 253 250 256 250 258 250 418 244 418 244 266 244 257
452 5 242 266 244 266 244 418 242 418 242 269
453 5 242 257 244 257 244 266 242 266 242 260
454 6 206 269 219 269 227 269 242 269 242 418 206 418
455 6 227 260 236 260 242 260 242 266 242 269 227 269
456 5 236 257 240 257 242 257 242 260 236 260
457 7 240 253 241 253 243 253 244 253 244 257 242 257 240 257
458 4 249 252 250 252 250 253 249 253
459 6 249 251 458 251 458 252 292 252 250 252 249 252
460 4 249 250 458 250 458 251 249 251
461 6 248 250 249 250 249 251 249 252 249 253 248 253
462 6 248 249 491 249 491 250 458 250 249 250 248 250
463 6 248 248 279 248 420 248 491 248 491 249 248 249
464 4 420 247 491 247 491 248 420 248
465 5 420 245 491 245 491 247 420 247 420 246
466 4 420 232 491 232 491 245 420 245
467 5 279 246 420 246 420 247 420 248 279 248
468 4 248 246 279 246 279 248 248 248
469 7 248 232 420 232 420 245 420 246 279 246 248 246 248 234
470 9 245 234 248 234 248 246 248 248 248 249 248 250 248 253 245 253 245 235
471 6 243 235 245 235 245 253 244 253 243 253 243 237
472 8 241 237 243 237 243 253 241 253 241 244 241 243 241 242 241 240
473 4 240 244 241 244 241 253 240 253
474 5 236 244 240 244 240 253 240 257 236 257
475 5 227 244 236 244 236 257 236 260 227 260
476 9 227 243 228 243 229 243 234 243 241 243 241 244 240 244 236 244 227 244
477 8 219 243 222 243 226 243 227 243 227 244 227 260 227 269 219 269
478 4 234 242 241 242 241 243 234 243
479 5 229 242 231 242 234 242 234 243 229 243
480 6 231 240 233 240 241 240 241 242 234 242 231 242
481 5 233 237 235 237 241 237 241 240 233 240
482 4 231 237 233 237 233 240 231 240
483 6 229 237 231 237 231 240 231 242 229 242 229 239
484 5 235 235 243 235 243 237 241 237 235 237
485 6 235 234 239 234 245 234 245 235 243 235 235 235
486 9 229 234 230 234 235 234 235 235 235 237 233 237 231 237 229 237 229 236
487 5 239 232 248 232 248 234 245 234 239 234
488 12 239 217 246 217 298 217 491 217 491 232 420 232 248 232 239 232 239 229 239 228 239 227 239 218
489 7 230 229 239 229 239 232 239 234 235 234 230 234 230 230
490 4 230 228 239 228 239 229 230 229
491 4 229 230 230 230 230 234 229 234
492 6 228 239 229 239 229 242 229 243 228 243 228 241
493 5 228 236 229 236 229 237 229 239 228 239
494 5 226 241 228 241 228 243 227 243 226 243
495 6 226 236 228 236 228 239 228 241 226 241 226 238
496 6 222 238 223 238 226 238 226 241 226 243 222 243
497 4 223 236 226 236 226 238 223 238
498 4 222 236 223 236 223 238 222 238
499 8 222 230 229 230 229 234 229 236 228 236 226 236 223 236 222 236
500 6 219 230 222 230 222 236 222 238 222 243 219 243
501 9 219 228 220 228 221 228 230 228 230 229 230 230 229 230 222 230 219 230
502 8 206 228 207 228 208 228 219 228 219 230 219 243 219 269 206 269
503 6 221 227 224 227 239 227 239 228 230 228 221 228
504 5 224 218 238 218 239 218 239 227 224 227
505 9 221 218 224 218 224 227 221 227 221 226 221 223 221 222 221 221 221 220
506 5 220 226 221 226 221 227 221 228 220 228
507 5 208 226 220 226 220 228 219 228 208 228
508 5 208 223 221 223 221 226 220 226 208 226
509 5 208 222 209 222 221 222 221 223 208 223
510 4 209 221 221 221 221 222 209 222
511 4 209 220 221 220 221 221 209 221
512 5 209 218 210 218 221 218 221 220 209 220
513 4 238 217 239 217 239 218 238 218
514 4 298 216 491 216 491 217 298 217
515 5 298 215 372 215 491 215 491 216 298 216
516 5 246 215 298 215 298 216 298 217 246 217
517 4 372 214 491 214 491 215 372 215
518 6 372 211 491 211 491 214 372 214 372 213 372 212
519 6 246 213 372 213 372 214 372 215 298 215 246 215
520 4 246 212 372 212 372 213 246 213
521 7 238 212 246 212 246 213 246 215 246 217 239 217 238 217
522 5 238 211 372 211 372 212 246 212 238 212
523 6 238 210 253 210 491 210 491 211 372 211 238 211
524 9 210 210 238 210 238 211 238 212 238 217 238 218 224 218 221 218 210 218
525 4 253 209 491 209 491 210 253 210
526 4 253 208 491 208 491 209 253 209
527 4 253 207 491 207 491 208 253 208
528 5 253 206 290 206 491 206 491 207 253 207
529 5 290 205 386 205 491 205 491 206 290 206
530 4 386 204 491 204 491 205 386 205
531 5 386 199 491 199 491 204 386 204 386 200
532 6 290 200 386 200 386 204 386 205 290 205 290 203
533 4 290 199 386 199 386 200 290 200
534 5 290 197 491 197 491 199 386 199 290 199
535 4 290 196 491 196 491 197 290 197
536 4 290 195 491 195 491 196 290 196
537 5 253 203 290 203 290 205 290 206 253 206
538 11 210 203 212 203 213 203 253 203 253 206 253 207 253 208 253 209 253 210 238 210 210 210
539 9 213 195 290 195 290 196 290 197 290 199 290 200 290 203 253 203 213 203
540 7 213 194 313 194 474 194 491 194 491 195 290 195 213 195
541 4 474 189 491 189 491 194 474 194
542 5 313 189 474 189 474 194 313 194 313 190
543 9 213 190 214 190 215 190 217 190 218 190 313 190 313 194 213 194 213 191
544 4 218 189 313 189 313 190 218 190
545 6 218 188 491 188 491 189 474 189 313 189 218 189
546 5 217 188 218 188 218 189 218 190 217 190
547 4 215 188 217 188 217 190 215 190
548 6 215 186 491 186 491 188 218 188 217 188 215 188
549 4 215 184 491 184 491 186 215 186
550 6 214 184 215 184 215 186 215 188 215 190 214 190
551 5 214 182 491 182 491 184 215 184 214 184
552 5 213 182 214 182 214 184 214 190 213 190
553 7 212 191 213 191 213 194 213 195 213 203 212 203 212 198
554 5 210 198 211 198 212 198 212 203 210 203
555 4 211 191 212 191 212 198 211 198
556 4 210 191 211 191 211 198 210 198
557 7 210 182 213 182 213 190 213 191 212 191 211 191 210 191
558 12 210 169 267 169 491 169 491 182 214 182 213 182 210 182 210 175 210 174 210 172 210 171 210 170
559 9 209 175 210 175 210 182 210 191 210 198 210 203 210 210 210 218 209 218
560 7 208 175 209 175 209 218 209 220 209 221 209 222 208 222
561 9 207 175 208 175 208 222 208 223 208 226 208 228 207 228 207 177 207 176
562 4 206 177 207 177 207 228 206 228
563 6 205 177 206 177 206 228 206 269 206 418 205 418
564 6 204 177 205 177 205 418 204 418 204 225 204 179
565 4 202 486 204 486 204 508 202 508
566 4 201 486 202 486 202 508 201 508
567 8 201 225 203 225 204 225 204 418 204 454 204 486 202 486 201 486
568 5 203 179 204 179 204 225 203 225 203 180
569 8 201 180 203 180 203 225 201 225 201 192 201 185 201 183 201 181
570 7 200 192 201 192 201 225 201 486 201 508 200 508 200 371
571 4 198 371 200 371 200 508 198 508
572 4 198 192 200 192 200 371 198 371
573 5 197 192 198 192 198 371 198 508 197 508
574 4 195 192 197 192 197 508 195 508
575 6 189 192 190 192 195 192 195 508 189 508 189 404
576 10 190 185 196 185 201 185 201 192 200 192 198 192 197 192 195 192 190 192 190 187
577 4 196 183 201 183 201 185 196 185
578 4 190 183 196 183 196 185 190 185
579 4 189 187 190 187 190 192 189 192
580 9 177 404 180 404 182 404 183 404 185 404 186 404 189 404 189 508 177 508
581 5 186 187 189 187 189 192 189 404 186 404
582 6 186 183 190 183 190 185 190 187 189 187 186 187
583 5 185 183 186 183 186 187 186 404 185 404
584 9 185 181 194 181 199 181 201 181 201 183 196 183 190 183 186 183 185 183
585 4 199 180 201 180 201 181 199 181
586 5 199 179 203 179 203 180 201 180 199 180
587 5 194 179 199 179 199 180 199 181 194 181
588 4 185 179 194 179 194 181 185 181
589 6 183 179 185 179 185 181 185 183 185 404 183 404
590 9 183 177 184 177 204 177 204 179 203 179 199 179 194 179 185 179 183 179
591 8 184 176 187 176 207 176 207 177 206 177 205 177 204 177 184 177
592 5 187 175 191 175 207 175 207 176 187 176
593 8 191 174 193 174 210 174 210 175 209 175 208 175 207 175 191 175
594 5 193 172 210 172 210 174 193 174 193 173
595 4 191 173 193 173 193 174 191 174
596 4 191 172 193 172 193 173 191 173
597 6 187 172 191 172 191 173 191 174 191 175 187 175
598 6 187 171 210 171 210 172 193 172 191 172 187 172
599 5 187 170 188 170 210 170 210 171 187 171
600 7 184 170 187 170 187 171 187 172 187 175 187 176 184 176
601 4 188 169 210 169 210 170 188 170
602 4 267 168 491 168 491 169 267 169
603 4 267 167 491 167 491 168 267 168
604 6 267 166 268 166 269 166 491 166 491 167 267 167
605 4 269 163 491 163 491 166 269 166
606 4 268 163 269 163 269 166 268 166
607 5 268 161 491 161 491 163 269 163 268 163
608 5 268 160 449 160 491 160 491 161 268 161
609 4 449 159 491 159 491 160 449 160
610 4 449 157 491 157 491 159 449 159
611 5 449 145 491 145 491 157 449 157 449 146
612 6 268 146 449 146 449 157 449 159 449 160 268 160
613 8 267 146 268 146 268 160 268 161 268 163 268 166 267 166 267 147
614 13 188 147 267 147 267 166 267 167 267 168 267 169 210 169 188 169 188 162 188 156 188 154 188 149 188 148
615 6 184 162 188 162 188 169 188 170 187 170 184 170
616 6 183 162 184 162 184 170 184 176 184 177 183 177
617 6 182 162 183 162 183 177 183 179 183 404 182 404
618 6 182 156 188 156 188 162 184 162 183 162 182 162
619 5 182 154 188 154 188 156 182 156 182 155
620 7 180 155 182 155 182 156 182 162 182 404 180 404 180 377
621 6 177 377 178 377 179 377 180 377 180 404 177 404
622 5 179 155 180 155 180 377 179 377 179 289
623 4 178 289 179 289 179 377 178 377
624 4 178 155 179 155 179 289 178 289
625 6 177 155 178 155 178 289 178 377 177 377 177 158
626 7 176 158 177 158 177 377 177 404 177 508 176 508 176 426
627 5 170 426 176 426 176 508 170 508 170 500
628 6 170 158 176 158 176 426 170 426 170 287 170 224
629 9 149 500 150 500 151 500 161 500 165 500 167 500 170 500 170 508 149 508
630 6 167 287 169 287 170 287 170 426 170 500 167 500
631 4 169 224 170 224 170 287 169 287
632 4 167 224 169 224 169 287 167 287
633 6 165 224 167 224 167 287 167 500 165 500 165 478
634 4 161 478 165 478 165 500 161 500
635 5 151 478 152 478 161 478 161 500 151 500
636 9 152 224 154 224 156 224 157 224 164 224 165 224 165 478 161 478 152 478
637 9 164 158 168 158 170 158 170 224 169 224 167 224 165 224 164 224 164 165
638 6 168 155 177 155 177 158 176 158 170 158 168 158
639 9 168 154 175 154 182 154 182 155 180 155 179 155 178 155 177 155 168 155
640 7 175 149 188 149 188 154 182 154 175 154 175 153 175 151
641 4 168 153 175 153 175 154 168 154
642 6 164 153 168 153 168 154 168 155 168 158 164 158
643 4 157 165 164 165 164 224 157 224
644 4 156 165 157 165 157 224 156 224
645 5 154 165 155 165 156 165 156 224 154 224
646 4 152 165 154 165 154 224 152 224
647 7 155 153 164 153 164 158 164 165 157 165 156 165 155 165
648 7 155 151 174 151 175 151 175 153 168 153 164 153 155 153
649 6 152 151 155 151 155 153 155 165 154 165 152 165
650 6 151 151 152 151 152 165 152 224 152 478 151 478
651 5 150 151 151 151 151 478 151 500 150 500
652 4 174 149 175 149 175 151 174 151
653 7 150 149 174 149 174 151 155 151 152 151 151 151 150 151
654 6 149 149 150 149 150 151 150 500 149 500 149 231
655 7 149 148 188 148 188 149 175 149 174 149 150 149 149 149
656 6 146 231 147 231 149 231 149 500 149 508 146 508
657 10 140 231 141 231 142 231 143 231 144 231 145 231 146 231 146 508 140 508 140 465
658 5 147 148 149 148 149 149 149 231 147 231
659 5 147 147 188 147 188 148 149 148 147 148
660 6 145 147 147 147 147 148 147 231 146 231 145 231
661 9 145 146 148 146 162 146 166 146 267 146 267 147 188 147 147 147 145 147
662 6 166 145 449 145 449 146 268 146 267 146 166 146
663 7 166 144 181 144 481 144 491 144 491 145 449 145 166 145
664 4 481 143 491 143 491 144 481 144
665 6 181 143 237 143 469 143 481 143 481 144 181 144
666 4 166 143 181 143 181 144 166 144
667 11 469 127 491 127 491 143 481 143 469 143 469 142 469 140 469 133 469 132 469 131 469 130
668 4 237 142 469 142 469 143 237 143
669 4 237 140 469 140 469 142 237 142
670 5 237 133 469 133 469 140 237 140 237 134
671 8 166 134 237 134 237 140 237 142 237 143 181 143 166 143 166 141
672 7 162 141 166 141 166 143 166 144 166 145 166 146 162 146
673 7 162 134 166 134 166 141 162 141 162 137 162 136 162 135
674 5 148 137 162 137 162 141 162 146 148 146
675 4 145 137 148 137 148 146 145 146
676 7 144 137 145 137 145 146 145 147 145 231 144 231 144 138
677 4 143 138 144 138 144 231 143 231
678 5 142 138 143 138 143 231 142 231 142 139
679 5 141 139 142 139 142 231 141 231 141 150
680 4 140 150 141 150 141 231 140 231
681 4 138 465 140 465 140 508 138 508
682 4 137 465 138 465 138 508 137 508
683 7 137 150 139 150 140 150 140 231 140 465 138 465 137 465
684 5 136 150 137 150 137 465 137 508 136 508
685 10 103 150 117 150 118 150 125 150 131 150 132 150 133 150 136 150 136 508 103 508
686 5 139 139 141 139 141 150 140 150 139 150
687 5 139 138 142 138 142 139 141 139 139 139
688 6 139 137 144 137 144 138 143 138 142 138 139 138
689 7 139 136 162 136 162 137 148 137 145 137 144 137 139 137
690 9 133 136 139 136 139 137 139 138 139 139 139 150 137 150 136 150 133 150
691 6 133 135 134 135 162 135 162 136 139 136 133 136
692 4 134 134 162 134 162 135 134 135
693 6 134 133 237 133 237 134 166 134 162 134 134 134
694 5 134 132 469 132 469 133 237 133 134 133
695 4 134 131 469 131 469 132 134 132
696 7 133 131 134 131 134 132 134 133 134 134 134 135 133 135
697 6 132 131 133 131 133 135 133 136 133 150 132 150
698 6 132 130 469 130 469 131 134 131 133 131 132 131
699 5 131 130 132 130 132 131 132 150 131 150
700 9 131 127 158 127 160 127 294 127 469 127 469 130 132 130 131 130 131 129
701 7 125 129 128 129 130 129 131 129 131 130 131 150 125 150
702 5 130 127 131 127 131 129 130 129 130 128
703 5 294 126 491 126 491 127 469 127 294 127
704 11 294 107 491 107 491 126 294 126 294 123 294 122 294 117 294 116 294 115 294 112 294 109
705 6 160 123 173 123 294 123 294 126 294 127 160 127
706 4 173 122 294 122 294 123 173 123
707 6 173 117 294 117 294 122 173 122 173 119 173 118
708 7 160 119 173 119 173 122 173 123 160 123 160 121 160 120
709 5 158 121 160 121 160 123 160 127 158 127
710 4 158 120 160 120 160 121 158 121
711 4 158 119 160 119 160 120 158 120
712 5 158 118 173 118 173 119 160 119 158 119
713 8 130 118 158 118 158 119 158 120 158 121 158 127 131 127 130 127
714 4 128 128 130 128 130 129 128 129
715 5 125 128 126 128 128 128 128 129 125 129
716 8 118 128 121 128 123 128 124 128 125 128 125 129 125 150 118 150
717 6 126 118 130 118 130 127 130 128 128 128 126 128
718 5 124 118 126 118 126 128 125 128 124 128
719 9 124 117 135 117 159 117 173 117 173 118 158 118 130 118 126 118 124 118
720 5 123 117 124 117 124 118 124 128 123 128
721 6 159 116 276 116 294 116 294 117 173 117 159 117
722 4 276 115 294 115 294 116 276 116
723 4 276 112 294 112 294 115 276 115
724 7 159 112 163 112 276 112 276 115 276 116 159 116 159 114
725 5 163 109 294 109 294 112 276 112 163 112
726 4 159 109 163 109 163 112 159 112
727 6 135 114 153 114 159 114 159 116 159 117 135 117
728 6 153 109 159 109 159 112 159 114 153 114 153 110
729 6 153 107 294 107 294 109 163 109 159 109 153 109
730 5 153 104 491 104 491 107 294 107 153 107
731 6 153 97 491 97 491 104 153 104 153 100 153 99
732 4 135 110 153 110 153 114 135 114
733 7 135 100 153 100 153 104 153 107 153 109 153 110 135 110
734 10 123 100 135 100 135 110 135 114 135 117 124 117 123 117 123 106 123 105 123 101
735 5 121 106 123 106 123 117 123 128 121 128
736 5 121 105 122 105 123 105 123 106 121 106
737 7 118 105 119 105 121 105 121 106 121 128 118 128 118 125
738 5 122 101 123 101 123 105 122 105 122 102
739 5 119 102 122 102 122 105 121 105 119 105
740 4 118 102 119 102 119 105 118 105
741 5 117 125 118 125 118 128 118 150 117 150
742 6 117 102 118 102 118 105 118 125 117 125 117 124
743 6 117 101 122 101 122 102 119 102 118 102 117 102
744 6 103 124 104 124 117 124 117 125 117 150 103 150
745 6 104 101 117 101 117 102 117 124 104 124 104 108
746 10 104 100 105 100 106 100 109 100 110 100 123 100 123 101 122 101 117 101 104 101
747 7 110 99 120 99 153 99 153 100 135 100 123 100 110 100
748 5 120 97 153 97 153 99 120 99 120 98
749 5 120 96 491 96 491 97 153 97 120 97
750 7 110 98 111 98 112 98 113 98 120 98 120 99 110 99
751 5 113 96 120 96 120 97 120 98 113 98
752 8 113 95 115 95 116 95 333 95 491 95 491 96 120 96 113 96
753 4 333 94 491 94 491 95 333 95
754 4 333 92 491 92 491 94 333 94
755 4 333 89 491 89 491 92 333 92
756 7 116 89 127 89 333 89 333 92 333 94 333 95 116 95
757 8 127 88 129 88 172 88 364 88 491 88 491 89 333 89 127 89
758 4 364 87 491 87 491 88 364 88
759 9 364 73 491 73 491 87 364 87 364 85 364 84 364 82 364 76 364 74
760 5 172 85 364 85 364 87 364 88 172 88
761 4 129 85 172 85 172 88 129 88
762 5 129 84 364 84 364 85 172 85 129 85
763 5 127 84 129 84 129 85 129 88 127 88
764 7 127 82 252 82 357 82 364 82 364 84 129 84 127 84
765 5 357 76 364 76 364 82 357 82 357 77
766 6 252 77 357 77 357 82 252 82 252 80 252 78
767 4 127 80 252 80 252 82 127 82
768 5 127 78 171 78 252 78 252 80 127 80
769 4 171 77 252 77 252 78 171 78
770 5 171 76 357 76 357 77 252 77 171 77
771 5 171 74 364 74 364 76 357 76 171 76
772 6 127 74 171 74 171 76 171 77 171 78 127 78
773 9 116 74 127 74 127 78 127 80 127 82 127 84 127 88 127 89 116 89
774 7 116 73 247 73 364 73 364 74 171 74 127 74 116 74
775 7 115 73 116 73 116 74 116 89 116 95 115 95 115 86
776 6 247 71 491 71 491 73 364 73 247 73 247 72
777 5 115 72 247 72 247 73 116 73 115 73
778 5 113 86 114 86 115 86 115 95 113 95
779 6 114 72 115 72 115 73 115 86 114 86 114 75
780 5 114 71 247 71 247 72 115 72 114 72
781 8 114 64 491 64 491 71 247 71 114 71 114 70 114 69 114 65
782 4 113 75 114 75 114 86 113 86
783 8 112 75 113 75 113 86 113 95 113 96 113 98 112 98 112 81
784 7 112 70 114 70 114 71 114 72 114 75 113 75 112 75
785 4 111 81 112 81 112 98 111 98
786 5 111 70 112 70 112 75 112 81 111 81
787 5 111 69 114 69 114 70 112 70 111 70
788 5 111 65 114 65 114 69 111 69 111 66
789 8 110 66 111 66 111 69 111 70 111 81 111 98 110 98 110 68
790 7 109 68 110 68 110 98 110 99 110 100 109 100 109 83
791 6 106 83 109 83 109 100 106 100 106 91 106 90
792 5 105 91 106 91 106 100 105 100 105 93
793 4 105 90 106 90 106 91 105 91
794 4 104 93 105 93 105 100 104 100
795 4 103 108 104 108 104 124 103 124
796 7 102 108 103 108 103 124 103 150 103 508 102 508 102 439
797 5 99 439 100 439 102 439 102 508 99 508
798 4 100 108 102 108 102 439 100 439
799 8 100 93 104 93 104 100 104 101 104 108 103 108 102 108 100 108
800 6 100 90 105 90 105 91 105 93 104 93 100 93
801 6 99 90 100 90 100 93 100 108 100 439 99 439
802 5 98 90 99 90 99 439 99 508 98 508
803 9 89 90 90 90 91 90 92 90 94 90 97 90 98 90 98 508 89 508
804 8 97 83 106 83 106 90 105 90 100 90 99 90 98 90 97 90
805 4 94 83 97 83 97 90 94 90
806 4 92 83 94 83 94 90 92 90
807 8 92 68 96 68 109 68 109 83 106 83 97 83 94 83 92 83
808 5 91 68 92 68 92 83 92 90 91 90
809 4 90 68 91 68 91 90 90 90
810 7 96 66 101 66 110 66 110 68 109 68 96 68 96 67
811 7 90 67 95 67 96 67 96 68 92 68 91 68 90 68
812 5 89 67 90 67 90 68 90 90 89 90
813 6 88 67 89 67 89 90 89 508 88 508 88 79
814 4 87 79 88 79 88 508 87 508
815 6 86 79 87 79 87 508 86 508 86 444 86 193
816 6 84 444 85 444 86 444 86 508 84 508 84 464
817 5 72 464 77 464 84 464 84 508 72 508
818 6 77 444 78 444 79 444 84 444 84 464 77 464
819 4 85 193 86 193 86 444 85 444
820 5 85 79 86 79 86 193 85 193 85 113
821 7 79 113 83 113 85 113 85 193 85 444 84 444 79 444
822 4 83 79 85 79 85 113 83 113
823 5 79 79 80 79 83 79 83 113 79 113
824 8 80 67 88 67 88 79 87 79 86 79 85 79 83 79 80 79
825 4 95 66 96 66 96 67 95 67
826 5 101 65 111 65 111 66 110 66 101 66
827 5 101 64 114 64 114 65 111 65 101 65
828 6 95 64 101 64 101 65 101 66 96 66 95 66
829 6 95 63 491 63 491 64 114 64 101 64 95 64
830 6 95 60 491 60 491 63 95 63 95 62 95 61
831 10 80 62 95 62 95 63 95 64 95 66 95 67 90 67 89 67 88 67 80 67
832 6 80 61 81 61 82 61 95 61 95 62 80 62
833 4 82 60 95 60 95 61 82 61
834 5 82 58 491 58 491 60 95 60 82 60
835 4 82 57 491 57 491 58 82 58
836 7 81 57 82 57 82 58 82 60 82 61 81 61 81 59
837 6 81 55 491 55 491 57 82 57 81 57 81 56
838 4 80 59 81 59 81 61 80 61
839 7 79 59 80 59 80 61 80 62 80 67 80 79 79 79
840 6 79 56 81 56 81 57 81 59 80 59 79 59
841 7 78 56 79 56 79 59 79 79 79 113 79 444 78 444
842 5 78 55 81 55 81 56 79 56 78 56
843 5 78 54 491 54 491 55 81 55 78 55
844 7 77 54 78 54 78 55 78 56 78 444 77 444 77 281
845 6 77 53 254 53 491 53 491 54 78 54 77 54
846 7 72 281 73 281 76 281 77 281 77 444 77 464 72 464
847 5 76 53 77 53 77 54 77 281 76 281
848 4 254 52 491 52 491 53 254 53
849 4 254 51 491 51 491 52 254 52
850 6 76 51 254 51 254 52 254 53 77 53 76 53
851 5 76 50 491 50 491 51 254 51 76 51
852 9 76 43 107 43 491 43 491 50 76 50 76 49 76 47 76 45 76 44
853 8 73 49 75 49 76 49 76 50 76 51 76 53 76 281 73 281
854 5 75 47 76 47 76 49 75 49 75 48
855 5 75 45 76 45 76 47 75 47 75 46
856 4 73 48 75 48 75 49 73 49
857 8 72 48 73 48 73 49 73 281 72 281 72 201 72 164 72 111
858 6 71 201 72 201 72 281 72 464 72 508 71 508
859 4 70 201 71 201 71 508 70 508
860 5 70 164 72 164 72 201 71 201 70 201
861 5 69 164 70 164 70 201 70 508 69 508
862 7 55 164 57 164 58 164 69 164 69 508 55 508 55 293
863 7 58 111 59 111 72 111 72 164 70 164 69 164 58 164
864 6 59 48 60 48 61 48 72 48 72 111 59 111
865 14 61 46 62 46 63 46 64 46 65 46 66 46 67 46 68 46 75 46 75 47 75 48 73 48 72 48 61 48
866 5 68 45 74 45 75 45 75 46 68 46
867 4 67 45 68 45 68 46 67 46
868 5 74 44 76 44 76 45 75 45 74 45
869 5 67 44 74 44 74 45 68 45 67 45
870 5 66 44 67 44 67 45 67 46 66 46
871 6 66 43 76 43 76 44 74 44 67 44 66 44
872 5 65 43 66 43 66 44 66 46 65 46
873 6 107 42 108 42 432 42 491 42 491 43 107 43
874 5 432 40 491 40 491 42 432 42 432 41
875 4 432 38 491 38 491 40 432 40
876 4 108 41 432 41 432 42 108 42
877 5 108 38 432 38 432 40 432 41 108 41
878 5 108 37 491 37 491 38 432 38 108 38
879 4 108 36 491 36 491 37 108 37
880 8 107 36 108 36 108 37 108 38 108 41 108 42 107 42 107 39
881 7 65 39 107 39 107 42 107 43 76 43 66 43 65 43
882 4 65 36 107 36 107 39 65 39
883 7 65 35 192 35 491 35 491 36 108 36 107 36 65 36
884 4 192 34 491 34 491 35 192 35
885 4 192 33 491 33 491 34 192 34
886 4 192 32 491 32 491 33 192 33
887 7 192 30 225 30 232 30 491 30 491 32 192 32 192 31
888 4 232 29 491 29 491 30 232 30
889 4 232 28 491 28 491 29 232 29
890 4 232 27 491 27 491 28 232 28
891 6 225 27 232 27 232 28 232 29 232 30 225 30
892 5 225 15 491 15 491 27 232 27 225 27
893 6 192 15 225 15 225 27 225 30 192 30 192 16
894 7 65 31 192 31 192 32 192 33 192 34 192 35 65 35
895 8 64 31 65 31 65 35 65 36 65 39 65 43 65 46 64 46
896 4 63 31 64 31 64 46 63 46
897 8 63 16 93 16 192 16 192 30 192 31 65 31 64 31 63 31
898 7 62 16 63 16 63 31 63 46 62 46 62 21 62 19
899 5 61 21 62 21 62 46 61 46 61 25
900 5 60 25 61 25 61 46 61 48 60 48
901 4 59 25 60 25 60 48 59 48
902 5 58 25 59 25 59 48 59 111 58 111
903 6 57 25 58 25 58 111 58 164 57 164 57 26
904 8 57 21 61 21 61 25 60 25 59 25 58 25 57 25 57 23
905 5 55 26 56 26 57 26 57 164 55 164
906 6 56 23 57 23 57 25 57 26 56 26 56 24
907 4 55 24 56 24 56 26 55 26
908 5 53 293 54 293 55 293 55 508 53 508
909 6 54 24 55 24 55 26 55 164 55 293 54 293
910 4 53 24 54 24 54 293 53 293
911 5 52 24 53 24 53 293 53 508 52 508
912 7 52 23 56 23 56 24 55 24 54 24 53 24 52 24
913 5 52 21 57 21 57 23 56 23 52 23
914 6 51 21 52 21 52 23 52 24 52 508 51 508
915 4 50 21 51 21 51 508 50 508
916 8 50 19 62 19 62 21 61 21 57 21 52 21 51 21 50 21
917 6 49 19 50 19 50 21 50 508 49 508 49 372
918 4 48 372 49 372 49 508 48 508
919 4 47 372 48 372 48 508 47 508
920 4 45 372 47 372 47 508 45 508
921 4 43 372 45 372 45 508 43 508
922 4 40 372 43 372 43 508 40 508
923 11 40 19 41 19 42 19 49 19 49 372 48 372 47 372 45 372 43 372 40 372 40 324
924 7 42 16 44 16 62 16 62 19 50 19 49 19 42 19
925 4 93 15 192 15 192 16 93 16
926 6 93 14 491 14 491 15 225 15 192 15 93 15
927 5 93 13 216 13 491 13 491 14 93 14
928 5 216 11 491 11 491 13 216 13 216 12
929 4 93 12 216 12 216 13 93 13
930 9 44 12 93 12 93 13 93 14 93 15 93 16 63 16 62 16 44 16
931 5 44 11 216 11 216 12 93 12 44 12
932 6 44 10 46 10 491 10 491 11 216 11 44 11
933 4 46 9 491 9 491 10 46 10
934 5 46 8 472 8 491 8 491 9 46 9
935 4 472 0 491 0 491 8 472 8
936 4 46 0 472 0 472 8 46 8
937 6 44 0 46 0 46 8 46 9 46 10 44 10
938 8 42 0 44 0 44 10 44 11 44 12 44 16 42 16 42 1
939 8 41 1 42 1 42 16 42 19 41 19 41 4 41 3 41 2
940 4 40 4 41 4 41 19 40 19
941 6 39 324 40 324 40 372 40 508 39 508 39 501
942 4 38 501 39 501 39 508 38 508
943 7 33 501 34 501 36 501 37 501 38 501 38 508 33 508
944 5 37 324 39 324 39 501 38 501 37 501
945 11 37 4 40 4 40 19 40 324 39 324 37 324 37 152 37 22 37 20 37 18 37 6
946 5 36 152 37 152 37 324 37 501 36 501
947 4 34 152 36 152 36 501 34 501
948 5 33 152 34 152 34 501 33 501 33 178
949 6 32 178 33 178 33 501 33 508 32 508 32 452
950 4 32 152 33 152 33 178 32 178
951 4 31 452 32 452 32 508 31 508
952 4 30 452 31 452 31 508 30 508
953 4 29 452 30 452 30 508 29 508
954 7 29 152 32 152 32 178 32 452 31 452 30 452 29 452
955 8 29 22 37 22 37 152 36 152 34 152 33 152 32 152 29 152
956 7 27 22 29 22 29 152 29 452 29 508 27 508 27 219
957 4 26 219 27 219 27 508 26 508
958 4 26 22 27 22 27 219 26 219
959 5 25 22 26 22 26 219 26 508 25 508
960 4 24 22 25 22 25 508 24 508
961 8 24 20 37 20 37 22 29 22 27 22 26 22 25 22 24 22
962 5 22 20 24 20 24 22 24 508 22 508
963 4 21 20 22 20 22 508 21 508
964 8 21 18 23 18 28 18 37 18 37 20 24 20 22 20 21 20
965 5 19 18 21 18 21 20 21 508 19 508
966 4 18 18 19 18 19 508 18 508
967 4 17 18 18 18 18 508 17 508
968 4 16 18 17 18 17 508 16 508
969 5 28 6 37 6 37 18 28 18 28 7
970 5 23 7 28 7 28 18 23 18 23 17
971 8 16 17 23 17 23 18 21 18 19 18 18 18 17 18 16 18
972 5 15 17 16 17 16 18 16 508 15 508
973 4 13 17 15 17 15 508 13 508
974 5 12 17 13 17 13 508 12 508 12 103
975 7 12 7 23 7 23 17 16 17 15 17 13 17 12 17
976 5 8 103 11 103 12 103 12 508 8 508
977 5 11 7 12 7 12 17 12 103 11 103
978 8 11 6 14 6 20 6 28 6 28 7 23 7 12 7 11 7
979 7 8 6 9 6 10 6 11 6 11 7 11 103 8 103
980 6 7 6 8 6 8 103 8 508 7 508 7 202
981 5 20 4 37 4 37 6 28 6 20 6
982 4 14 4 20 4 20 6 14 6
983 6 10 4 14 4 14 6 11 6 10 6 10 5
984 8 10 3 41 3 41 4 40 4 37 4 20 4 14 4 10 4
985 4 9 5 10 5 10 6 9 6
986 5 7 5 9 5 9 6 8 6 7 6
987 6 7 3 10 3 10 4 10 5 9 5 7 5
988 4 6 202 7 202 7 508 6 508
989 5 5 202 6 202 6 508 5 508 5 233
990 4 2 233 5 233 5 508 2 508
991 4 1 233 2 233 2 508 1 508
992 7 1 202 3 202 4 202 5 202 5 233 2 233 1 233
993 5 0 202 1 202 1 233 1 508 0 508
994 8 4 3 7 3 7 5 7 6 7 202 6 202 5 202 4 202
995 4 3 3 4 3 4 202 3 202
996 8 3 2 35 2 41 2 41 3 10 3 7 3 4 3 3 3
997 6 0 2 3 2 3 3 3 202 1 202 0 202
998 4 35 1 41 1 41 2 35 2
999 5 35 0 42 0 42 1 41 1 35 1
1000 6 0 0 35 0 35 1 35 2 3 2 0 2
1000
1 96 514 0 515 0 515 486 514 486 514 485 514 484 514 483 514 481 514 480 514 476 514 475 514 474 514 473 514 469 514 466 514 465 514 462 514 455 514 454 514 453 514 451 514 438 514 437 514 432 514 431 514 416 514 415 514 414 514 410 514 409 514 407 514 406 514 405 514 403 514 402 514 401 514 400 514 399 514 398 514 397 514 385 514 384 514 369 514 328 514 327 514 326 514 324 514 319 514 294 514 293 514 290 514 289 514 287 514 279 514 278 514 275 514 199 514 172 514 171 514 170 514 169 514 163 514 160 514 126 514 124 514 123 514 121 514 118 514 117 514 89 514 87 514 85 514 84 514 83 514 82 514 81 514 80 514 79 514 77 514 72 514 48 514 45 514 36 514 35 514 34 514 28 514 25 514 24 514 17 514 16 514 15 514 14 514 9 514 8 514 7 514 6
2 122 0 485 1 485 2 485 3 485 16 485 21 485 23 485 26 485 27 485 28 485 30 485 36 485 38 485 102 485 103 485 111 485 114 485 115 485 124 485 126 485 137 485 138 485 139 485 140 485 144 485 145 485 149 485 150 485 151 485 155 485 162 485 163 485 171 485 173 485 175 485 176 485 177 485 178 485 179 485 182 485 183 485 186 485 187 485 190 485 192 485 193 485 194 485 195 485 196 485 198 485 205 485 206 485 207 485 208 485 209 485 210 485 213 485 216 485 218 485 221 485 224 485 228 485 248 485 250 485 251 485 253 485 255 485 256 485 257 485 258 485 259 485 261 485 262 485 263 485 284 485 289 485 290 485 292 485 293 485 294 485 296 485 297 485 312 485 318 485 319 485 332 485 335 485 336 485 338 485 348 485 350 485 351 485 359 485 361 485 363 485 364 485 365 485 366 485 367 485 368 485 369 485 371 485 373 485 390 485 392 485 393 485 396 485 398 485 399 485 410 485 411 485 412 485 422 485 423 485 464 485 466 485 467 485 475 485 510 485 514 485 514 486 0 486
3 4 510 484 514 484 514 485 510 485
4 4 510 483 514 483 514 484 510 484
5 5 475 483 510 483 510 484 510 485 475 485
6 6 475 481 479 481 514 481 514 483 510 483 475 483
7 5 479 480 502 480 514 480 514 481 479 481
8 5 502 476 514 476 514 480 502 480 502 479
9 5 502 475 511 475 514 475 514 476 502 476
10 7 479 479 480 479 492 479 501 479 502 479 502 480 479 480
11 5 501 475 502 475 502 476 502 479 501 479
12 4 511 474 514 474 514 475 511 475
13 7 501 474 504 474 506 474 511 474 511 475 502 475 501 475
14 6 506 473 509 473 514 473 514 474 511 474 506 474
15 6 509 469 514 469 514 473 509 473 509 471 509 470
16 5 506 471 509 471 509 473 506 473 506 472
17 5 504 472 506 472 506 473 506 474 504 474
18 4 501 472 504 472 504 474 501 474
19 6 492 472 501 472 501 474 501 475 501 479 492 479
20 7 492 471 505 471 506 471 506 472 504 472 501 472 492 472
21 6 505 470 508 470 509 470 509 471 506 471 505 471
22 4 508 469 509 469 509 470 508 470
23 7 508 466 514 466 514 469 509 469 508 469 508 468 508 467
24 4 508 465 514 465 514 466 508 466
25 5 508 462 513 462 514 462 514 465 508 465
26 5 513 455 514 455 514 462 513 462 513 457
27 5 508 457 513 457 513 462 508 462 508 459
28 5 505 468 508 468 508 469 508 470 505 470
29 5 505 467 507 467 508 467 508 468 505 468
30 8 507 459 508 459 508 462 508 465 508 466 508 467 507 467 507 460
31 4 505 460 507 460 507 467 505 467
32 10 492 460 493 460 503 460 505 460 505 467 505 468 505 470 505 471 492 471 492 463
33 8 480 463 491 463 492 463 492 471 492 472 492 479 480 479 480 464
34 5 491 460 492 460 492 463 491 463 491 461
35 6 480 461 482 461 490 461 491 461 491 463 480 463
36 4 490 460 491 460 491 461 490 461
37 5 503 459 507 459 507 460 505 460 503 460
38 4 493 459 503 459 503 460 493 460
39 6 493 457 508 457 508 459 507 459 503 459 493 459
40 8 493 455 494 455 495 455 499 455 513 455 513 457 508 457 493 457
41 5 499 454 514 454 514 455 513 455 499 455
42 4 495 454 499 454 499 455 495 455
43 5 495 453 514 453 514 454 499 454 495 454
44 5 495 451 514 451 514 453 495 453 495 452
45 8 495 438 514 438 514 451 495 451 495 442 495 441 495 440 495 439
46 6 494 452 495 452 495 453 495 454 495 455 494 455
47 6 494 442 495 442 495 451 495 452 494 452 494 450
48 5 493 450 494 450 494 452 494 455 493 455
49 9 493 442 494 442 494 450 493 450 493 448 493 447 493 446 493 445 493 444
50 11 490 448 493 448 493 450 493 455 493 457 493 459 493 460 492 460 491 460 490 460 490 458
51 9 482 458 483 458 484 458 486 458 488 458 490 458 490 460 490 461 482 461
52 5 488 448 490 448 490 458 488 458 488 449
53 4 486 449 488 449 488 458 486 458
54 4 486 448 488 448 488 449 486 449
55 5 484 448 486 448 486 449 486 458 484 458
56 9 484 447 485 447 487 447 493 447 493 448 490 448 488 448 486 448 484 448
57 4 487 446 493 446 493 447 487 447
58 4 487 445 493 445 493 446 487 446
59 5 485 445 487 445 487 446 487 447 485 447
60 5 485 444 493 444 493 445 487 445 485 445
61 5 484 444 485 444 485 445 485 447 484 447
62 6 483 444 484 444 484 447 484 448 484 458 483 458
63 6 483 442 493 442 493 444 485 444 484 444 483 444
64 6 483 441 495 441 495 442 494 442 493 442 483 442
65 6 482 441 483 441 483 442 483 444 483 458 482 458
66 5 482 440 495 440 495 441 483 441 482 441
67 4 482 439 495 439 495 440 482 440
68 7 480 439 482 439 482 440 482 441 482 458 482 461 480 461
69 5 480 438 495 438 495 439 482 439 480 439
70 4 479 464 480 464 480 479 479 479
71 7 475 464 477 464 479 464 479 479 479 480 479 481 475 481
72 9 467 464 468 464 470 464 473 464 475 464 475 481 475 483 475 485 467 485
73 8 477 438 480 438 480 439 480 461 480 463 480 464 479 464 477 464
74 7 477 437 500 437 514 437 514 438 495 438 480 438 477 438
75 5 500 432 514 432 514 437 500 437 500 436
76 4 500 431 514 431 514 432 500 432
77 4 500 416 514 416 514 431 500 431
78 5 477 436 481 436 500 436 500 437 477 437
79 7 473 436 477 436 477 437 477 438 477 464 475 464 473 464
80 4 470 436 473 436 473 464 470 464
81 10 481 416 500 416 500 431 500 432 500 436 481 436 481 430 481 428 481 427 481 417
82 9 470 430 471 430 472 430 481 430 481 436 477 436 473 436 470 436 470 433
83 5 472 428 481 428 481 430 472 430 472 429
84 4 471 429 472 429 472 430 471 430
85 4 471 428 472 428 472 429 471 429
86 6 471 427 476 427 481 427 481 428 472 428 471 428
87 6 470 427 471 427 471 428 471 429 471 430 470 430
88 6 468 433 470 433 470 436 470 464 468 464 468 456
89 5 468 427 470 427 470 430 470 433 468 433
90 5 476 417 481 417 481 427 476 427 476 421
91 7 468 421 474 421 476 421 476 427 471 427 470 427 468 427
92 4 467 456 468 456 468 464 467 464
93 6 466 456 467 456 467 464 467 485 466 485 466 478
94 4 464 478 466 478 466 485 464 485
95 8 423 478 424 478 426 478 427 478 428 478 464 478 464 485 423 485
96 8 428 456 430 456 460 456 463 456 466 456 466 478 464 478 428 478
97 11 463 421 468 421 468 427 468 433 468 456 467 456 466 456 463 456 463 426 463 425 463 423
98 6 460 426 461 426 462 426 463 426 463 456 460 456
99 6 430 426 431 426 433 426 460 426 460 456 430 456
100 4 462 425 463 425 463 426 462 426
101 4 462 423 463 423 463 425 462 425
102 6 461 423 462 423 462 425 462 426 461 426 461 424
103 6 461 421 463 421 463 423 462 423 461 423 461 422
104 5 474 417 476 417 476 421 474 421 474 418
105 7 461 418 474 418 474 421 468 421 463 421 461 421 461 419
106 4 461 417 474 417 474 418 461 418
107 5 433 424 461 424 461 426 460 426 433 426
108 5 433 422 461 422 461 423 461 424 433 424
109 7 433 419 436 419 459 419 461 419 461 421 461 422 433 422
110 5 459 417 461 417 461 418 461 419 459 419
111 7 459 416 481 416 481 417 476 417 474 417 461 417 459 417
112 7 459 415 497 415 514 415 514 416 500 416 481 416 459 416
113 6 436 415 459 415 459 416 459 417 459 419 436 419
114 5 497 414 498 414 514 414 514 415 497 415
115 6 498 410 514 410 514 414 498 414 498 413 498 412
116 4 498 409 514 409 514 410 498 410
117 5 498 407 514 407 514 409 498 409 498 408
118 4 497 413 498 413 498 414 497 414
119 4 497 412 498 412 498 413 497 413
120 6 497 408 498 408 498 409 498 410 498 412 497 412
121 9 436 408 437 408 497 408 497 412 497 413 497 414 497 415 459 415 436 415
122 6 437 407 438 407 498 407 498 408 497 408 437 408
123 5 438 406 514 406 514 407 498 407 438 407
124 6 438 405 441 405 442 405 514 405 514 406 438 406
125 4 442 403 514 403 514 405 442 405
126 5 442 402 444 402 514 402 514 403 442 403
127 10 444 401 447 401 448 401 449 401 450 401 453 401 455 401 514 401 514 402 444 402
128 4 455 400 514 400 514 401 455 401
129 7 455 399 457 399 458 399 465 399 514 399 514 400 455 400
130 4 465 398 514 398 514 399 465 399
131 4 465 397 514 397 514 398 465 398
132 5 465 385 514 385 514 397 465 397 465 388
133 9 458 388 465 388 465 397 465 398 465 399 458 399 458 395 458 391 458 390
134 4 457 395 458 395 458 399 457 399
135 4 455 395 457 395 457 399 455 399
136 6 453 395 455 395 455 399 455 400 455 401 453 401
137 4 450 395 453 395 453 401 450 401
138 8 450 391 458 391 458 395 457 395 455 395 453 395 450 395 450 392
139 7 449 392 450 392 450 395 450 401 449 401 449 394 449 393
140 4 448 394 449 394 449 401 448 401
141 4 447 394 448 394 448 401 447 401
142 5 447 393 449 393 449 394 448 394 447 394
143 4 447 392 449 392 449 393 447 393
144 8 444 392 445 392 446 392 447 392 447 393 447 394 447 401 444 401
145 6 446 391 450 391 450 392 449 392 447 392 446 392
146 5 446 390 458 390 458 391 450 391 446 391
147 5 445 390 446 390 446 391 446 392 445 392
148 5 445 388 458 388 458 390 446 390 445 390
149 6 445 385 465 385 465 388 458 388 445 388 445 386
150 6 444 386 445 386 445 388 445 390 445 392 444 392
151 6 442 386 444 386 444 392 444 401 444 402 442 402
152 5 442 385 445 385 445 386 444 386 442 386
153 7 442 384 478 384 514 384 514 385 465 385 445 385 442 385
154 9 478 369 514 369 514 384 478 384 478 383 478 382 478 381 478 378 478 372
155 5 442 383 469 383 478 383 478 384 442 384
156 9 441 383 442 383 442 384 442 385 442 386 442 402 442 403 442 405 441 405
157 4 438 383 441 383 441 405 438 405
158 4 469 382 478 382 478 383 469 383
159 4 469 381 478 381 478 382 469 382
160 7 438 381 469 381 469 382 469 383 442 383 441 383 438 383
161 7 437 381 438 381 438 383 438 405 438 406 438 407 437 407
162 6 436 381 437 381 437 407 437 408 436 408 436 404
163 9 436 378 451 378 456 378 478 378 478 381 469 381 438 381 437 381 436 381
164 6 433 404 436 404 436 408 436 415 436 419 433 419
165 7 431 404 433 404 433 419 433 422 433 424 433 426 431 426
166 6 431 378 436 378 436 381 436 404 433 404 431 404
167 5 456 372 478 372 478 378 456 378 456 374
168 6 451 374 452 374 456 374 456 378 451 378 451 375
169 5 431 375 451 375 451 378 436 378 431 378
170 7 431 374 434 374 435 374 443 374 451 374 451 375 431 375
171 8 430 374 431 374 431 375 431 378 431 404 431 426 430 426 430 380
172 4 452 372 456 372 456 374 452 374
173 5 443 372 452 372 452 374 451 374 443 374
174 6 443 369 478 369 478 372 456 372 452 372 443 372
175 8 443 328 514 328 514 369 478 369 443 369 443 366 443 353 443 334
176 7 435 366 443 366 443 369 443 372 443 374 435 374 435 367
177 9 435 353 440 353 443 353 443 366 435 366 435 361 435 359 435 358 435 357
178 4 434 367 435 367 435 374 434 374
179 6 430 367 432 367 434 367 434 374 431 374 430 374
180 8 432 361 435 361 435 366 435 367 434 367 432 367 432 364 432 363
181 4 430 364 432 364 432 367 430 367
182 5 428 380 430 380 430 426 430 456 428 456
183 5 427 380 428 380 428 456 428 478 427 478
184 7 427 364 430 364 430 367 430 374 430 380 428 380 427 380
185 7 426 364 427 364 427 380 427 478 426 478 426 387 426 371
186 6 426 363 432 363 432 364 430 364 427 364 426 364
187 4 426 361 432 361 432 363 426 363
188 4 424 387 426 387 426 478 424 478
189 4 423 387 424 387 424 478 423 478
190 5 422 387 423 387 423 478 423 485 422 485
191 7 412 387 413 387 419 387 420 387 422 387 422 485 412 485
192 7 420 371 426 371 426 387 424 387 423 387 422 387 420 387
193 5 419 371 420 371 420 387 419 387 419 373
194 8 419 361 426 361 426 363 426 364 426 371 420 371 419 371 419 365
195 5 413 373 414 373 419 373 419 387 413 387
196 6 414 365 417 365 419 365 419 371 419 373 414 373
197 4 417 361 419 361 419 365 417 365
198 8 417 359 429 359 435 359 435 361 432 361 426 361 419 361 417 361
199 5 414 359 417 359 417 361 417 365 414 365
200 4 429 358 435 358 435 359 429 359
201 4 429 357 435 357 435 358 429 358
202 8 414 357 416 357 421 357 429 357 429 358 429 359 417 359 414 359
203 6 413 357 414 357 414 359 414 365 414 373 413 373
204 6 421 353 435 353 435 357 429 357 421 357 421 354
205 5 440 334 443 334 443 353 440 353 440 340
206 5 421 340 440 340 440 353 435 353 421 353
207 7 416 354 418 354 421 354 421 357 416 357 416 356 416 355
208 5 418 340 421 340 421 353 421 354 418 354
209 10 416 340 418 340 418 354 416 354 416 352 416 351 416 350 416 346 416 345 416 341
210 5 413 356 416 356 416 357 414 357 413 357
211 6 412 356 413 356 413 357 413 373 413 387 412 387
212 6 411 356 412 356 412 387 412 485 411 485 411 379
213 5 410 379 411 379 411 485 410 485 410 389
214 8 399 389 400 389 401 389 404 389 406 389 410 389 410 485 399 485
215 4 406 379 410 379 410 389 406 389
216 5 404 379 405 379 406 379 406 389 404 389
217 5 401 379 403 379 404 379 404 389 401 389
218 8 405 356 407 356 409 356 411 356 411 379 410 379 406 379 405 379
219 5 403 356 405 356 405 379 404 379 403 379
220 7 409 355 416 355 416 356 413 356 412 356 411 356 409 356
221 5 409 352 416 352 416 354 416 355 409 355
222 4 409 351 416 351 416 352 409 352
223 6 407 351 409 351 409 352 409 355 409 356 407 356
224 6 407 350 408 350 416 350 416 351 409 351 407 351
225 5 408 346 416 346 416 350 408 350 408 347
226 4 407 347 408 347 408 350 407 350
227 8 403 347 407 347 407 350 407 351 407 356 405 356 403 356 403 348
228 6 401 348 403 348 403 356 403 379 401 379 401 349
229 5 400 349 401 349 401 379 401 389 400 389
230 4 400 348 401 348 401 349 400 349
231 5 399 348 400 348 400 349 400 389 399 389
232 5 398 348 399 348 399 389 399 485 398 485
233 4 396 348 398 348 398 485 396 485
234 8 396 347 403 347 403 348 401 348 400 348 399 348 398 348 396 348
235 6 393 347 396 347 396 348 396 485 393 485 393 411
236 7 393 346 408 346 408 347 407 347 403 347 396 347 393 347
237 5 392 411 393 411 393 485 392 485 392 435
238 4 390 435 392 435 392 485 390 485
239 4 390 411 392 411 392 435 390 435
240 9 373 411 374 411 376 411 378 411 390 411 390 435 390 485 373 485 373 477
241 9 378 346 382 346 388 346 393 346 393 347 393 411 392 411 390 411 378 411
242 8 388 345 391 345 395 345 416 345 416 346 408 346 393 346 388 346
243 6 395 341 402 341 416 341 416 345 395 345 395 342
244 4 402 340 416 340 416 341 402 341
245 8 402 334 425 334 440 334 440 340 421 340 418 340 416 340 402 340
246 8 395 334 402 334 402 340 402 341 395 341 395 338 395 337 395 336
247 7 425 328 443 328 443 334 440 334 425 334 425 332 425 330
248 6 395 332 425 332 425 334 402 334 395 334 395 333
249 4 391 342 395 342 395 345 391 345
250 5 391 338 395 338 395 341 395 342 391 342
251 5 391 337 394 337 395 337 395 338 391 338
252 6 388 337 391 337 391 338 391 342 391 345 388 345
253 4 394 336 395 336 395 337 394 337
254 5 388 336 394 336 394 337 391 337 388 337
255 9 382 336 383 336 385 336 386 336 388 336 388 337 388 345 388 346 382 346
256 8 386 333 389 333 395 333 395 334 395 336 394 336 388 336 386 336
257 4 389 332 395 332 395 333 389 333
258 5 389 330 425 330 425 332 395 332 389 332
259 4 389 328 425 328 425 330 389 330
260 6 389 327 514 327 514 328 443 328 425 328 389 328
261 7 386 327 389 327 389 328 389 330 389 332 389 333 386 333
262 5 385 327 386 327 386 333 386 336 385 336
263 7 385 326 496 326 514 326 514 327 389 327 386 327 385 327
264 5 383 326 385 326 385 327 385 336 383 336
265 4 496 324 514 324 514 326 496 326
266 7 383 324 454 324 496 324 496 326 385 326 383 326 383 325
267 6 454 319 514 319 514 324 496 324 454 324 454 320
268 5 383 320 454 320 454 324 383 324 383 323
269 4 383 319 454 319 454 320 383 320
270 5 382 325 383 325 383 326 383 336 382 336
271 6 378 325 381 325 382 325 382 336 382 346 378 346
272 6 376 325 377 325 378 325 378 346 378 411 376 411
273 6 381 323 383 323 383 324 383 325 382 325 381 325
274 5 381 319 383 319 383 320 383 323 381 323
275 9 381 294 514 294 514 319 454 319 383 319 381 319 381 316 381 300 381 298
276 9 377 316 379 316 380 316 381 316 381 319 381 323 381 325 378 325 377 325
277 4 376 316 377 316 377 325 376 325
278 5 374 316 376 316 376 325 376 411 374 411
279 7 380 300 381 300 381 316 380 316 380 304 380 303 380 301
280 5 379 304 380 304 380 316 379 316 379 312
281 6 374 312 379 312 379 316 377 316 376 316 374 316
282 5 374 304 379 304 379 312 374 312 374 305
283 6 373 305 374 305 374 312 374 316 374 411 373 411
284 5 371 477 372 477 373 477 373 485 371 485
285 8 372 305 373 305 373 411 373 477 372 477 372 368 372 309 372 306
286 4 371 368 372 368 372 477 371 477
287 5 369 368 371 368 371 477 371 485 369 485
288 4 368 368 369 368 369 485 368 485
289 4 367 368 368 368 368 485 367 485
290 9 367 309 370 309 372 309 372 368 371 368 369 368 368 368 367 368 367 310
291 6 366 310 367 310 367 368 367 485 366 485 366 311
292 4 365 311 366 311 366 485 365 485
293 5 364 311 365 311 365 485 364 485 364 420
294 4 363 420 364 420 364 485 363 485
295 7 363 311 364 311 364 420 363 420 363 362 363 335 363 314
296 6 361 362 363 362 363 420 363 485 361 485 361 443
297 5 359 443 360 443 361 443 361 485 359 485
298 7 351 443 355 443 356 443 357 443 359 443 359 485 351 485
299 4 360 362 361 362 361 443 360 443
300 6 360 335 362 335 363 335 363 362 361 362 360 362
301 6 357 335 360 335 360 362 360 443 359 443 357 443
302 4 356 335 357 335 357 443 356 443
303 4 362 314 363 314 363 335 362 335
304 6 356 314 362 314 362 335 360 335 357 335 356 335
305 5 355 314 356 314 356 335 356 443 355 443
306 4 351 314 355 314 355 443 351 443
307 6 350 314 351 314 351 443 351 485 350 485 350 321
308 5 348 321 349 321 350 321 350 485 348 485
309 8 338 321 340 321 341 321 343 321 346 321 348 321 348 485 338 485
310 4 349 314 350 314 350 321 349 321
311 9 349 311 363 311 363 314 362 314 356 314 355 314 351 314 350 314 349 314
312 8 346 311 349 311 349 314 349 321 348 321 346 321 346 317 346 313
313 9 346 310 358 310 366 310 366 311 365 311 364 311 363 311 349 311 346 311
314 5 343 317 344 317 346 317 346 321 343 321
315 5 344 313 346 313 346 317 344 317 344 315
316 4 343 315 344 315 344 317 343 317
317 6 341 315 342 315 343 315 343 317 343 321 341 321
318 5 342 313 344 313 344 315 343 315 342 315
319 4 341 313 342 313 342 315 341 315
320 5 340 313 341 313 341 315 341 321 340 321
321 4 338 313 340 313 340 321 338 321
322 9 338 310 346 310 346 311 346 313 344 313 342 313 341 313 340 313 338 313
323 6 336 310 338 310 338 313 338 321 338 485 336 485
324 4 335 310 336 310 336 485 335 485
325 5 358 309 367 309 367 310 366 310 358 310
326 9 335 309 339 309 345 309 358 309 358 310 346 310 338 310 336 310 335 310
327 6 332 309 334 309 335 309 335 310 335 485 332 485
328 5 370 306 372 306 372 309 370 309 370 308
329 7 345 308 354 308 370 308 370 309 367 309 358 309 345 309
330 4 354 306 370 306 370 308 354 308
331 5 354 305 372 305 372 306 370 306 354 306
332 6 345 305 354 305 354 306 354 308 345 308 345 307
333 7 345 304 374 304 374 305 373 305 372 305 354 305 345 305
334 5 339 307 345 307 345 308 345 309 339 309
335 5 339 304 345 304 345 305 345 307 339 307
336 7 339 303 380 303 380 304 379 304 374 304 345 304 339 304
337 8 334 303 337 303 339 303 339 304 339 307 339 309 335 309 334 309
338 5 337 301 380 301 380 303 339 303 337 303
339 4 334 301 337 301 337 303 334 303
340 5 332 301 334 301 334 303 334 309 332 309
341 10 319 301 320 301 321 301 323 301 329 301 330 301 332 301 332 309 332 485 319 485
342 9 330 300 333 300 347 300 380 300 380 301 337 301 334 301 332 301 330 301
343 5 347 298 381 298 381 300 380 300 347 300
344 5 333 298 347 298 347 300 333 300 333 299
345 4 330 299 333 299 333 300 330 300
346 5 329 299 330 299 330 300 330 301 329 301
347 6 323 299 324 299 325 299 329 299 329 301 323 301
348 8 325 298 327 298 328 298 333 298 333 299 330 299 329 299 325 299
349 9 328 294 352 294 381 294 381 298 347 298 333 298 328 298 328 296 328 295
350 4 327 296 328 296 328 298 327 298
351 4 327 295 328 295 328 296 327 296
352 6 325 295 326 295 327 295 327 296 327 298 325 298
353 5 324 295 325 295 325 298 325 299 324 299
354 5 326 294 328 294 328 295 327 295 326 295
355 6 352 293 375 293 514 293 514 294 381 294 352 294
356 4 375 290 514 290 514 293 375 293
357 4 375 289 514 289 514 290 375 290
358 5 352 289 375 289 375 290 375 293 352 293
359 6 326 289 352 289 352 293 352 294 328 294 326 294
360 6 326 287 514 287 514 289 375 289 352 289 326 289
361 7 324 287 326 287 326 289 326 294 326 295 325 295 324 295
362 6 323 287 324 287 324 295 324 299 323 299 323 288
363 7 323 279 415 279 514 279 514 287 326 287 324 287 323 287
364 6 321 288 322 288 323 288 323 299 323 301 321 301
365 8 322 279 323 279 323 287 323 288 322 288 322 286 322 285 322 282
366 4 321 286 322 286 322 288 321 288
367 5 320 286 321 286 321 288 321 301 320 301
368 4 319 286 320 286 320 301 319 301
369 6 319 285 322 285 322 286 321 286 320 286 319 286
370 6 318 285 319 285 319 286 319 301 319 485 318 485
371 8 312 285 316 285 317 285 318 285 318 485 312 485 312 376 312 331
372 6 317 282 322 282 322 285 319 285 318 285 317 285
373 5 316 282 317 282 317 285 316 285 316 284
374 6 316 279 322 279 322 282 317 282 316 282 316 280
375 4 415 278 514 278 514 279 415 279
376 4 415 275 514 275 514 278 415 278
377 9 415 199 514 199 514 275 415 275 415 218 415 216 415 213 415 204 415 202
378 11 316 218 415 218 415 275 415 278 415 279 323 279 322 279 316 279 316 270 316 256 316 219
379 4 312 284 316 284 316 285 312 285
380 5 297 376 298 376 312 376 312 485 297 485
381 7 298 331 299 331 306 331 310 331 312 331 312 376 298 376
382 6 310 284 312 284 312 285 312 331 310 331 310 318
383 4 306 318 310 318 310 331 306 331
384 4 306 284 310 284 310 318 306 318
385 9 306 280 313 280 315 280 316 280 316 282 316 284 312 284 310 284 306 284
386 7 299 280 300 280 306 280 306 284 306 318 306 331 299 331
387 6 315 270 316 270 316 279 316 280 315 280 315 271
388 5 313 271 315 271 315 280 313 280 313 277
389 9 300 277 301 277 304 277 309 277 311 277 313 277 313 280 306 280 300 280
390 5 311 271 313 271 313 277 311 277 311 273
391 4 309 273 311 273 311 277 309 277
392 4 309 271 311 271 311 273 309 273
393 5 304 271 309 271 309 273 309 277 304 277
394 8 304 270 314 270 315 270 315 271 313 271 311 271 309 271 304 271
395 8 314 256 316 256 316 270 315 270 314 270 314 264 314 263 314 262
396 6 304 264 305 264 307 264 314 264 314 270 304 270
397 4 307 263 314 263 314 264 307 264
398 4 305 263 307 263 307 264 305 264
399 4 304 263 305 263 305 264 304 264
400 7 301 263 304 263 304 264 304 270 304 271 304 277 301 277
401 7 301 262 314 262 314 263 307 263 305 263 304 263 301 263
402 5 300 262 301 262 301 263 301 277 300 277
403 5 300 256 314 256 314 262 301 262 300 262
404 6 299 256 300 256 300 262 300 277 300 280 299 280
405 6 298 256 299 256 299 280 299 331 298 331 298 281
406 11 298 219 316 219 316 256 314 256 300 256 299 256 298 256 298 254 298 243 298 222 298 221
407 5 297 281 298 281 298 331 298 376 297 376
408 6 296 281 297 281 297 376 297 485 296 485 296 302
409 8 296 254 298 254 298 256 298 281 297 281 296 281 296 265 296 258
410 4 294 302 296 302 296 485 294 485
411 4 293 302 294 302 294 485 293 485
412 5 292 302 293 302 293 485 292 485 292 344
413 6 290 344 291 344 292 344 292 485 290 485 290 370
414 4 291 302 292 302 292 344 291 344
415 11 291 265 296 265 296 281 296 302 294 302 293 302 292 302 291 302 291 297 291 283 291 267
416 5 290 297 291 297 291 302 291 344 290 344
417 4 289 370 290 370 290 485 289 485
418 4 284 370 289 370 289 485 284 485
419 10 263 370 264 370 267 370 268 370 269 370 275 370 277 370 284 370 284 485 263 485
420 11 277 297 280 297 281 297 282 297 283 297 290 297 290 344 290 370 289 370 284 370 277 370
421 5 283 283 291 283 291 297 290 297 283 297
422 5 283 267 287 267 291 267 291 283 283 283
423 4 287 265 291 265 291 267 287 267
424 5 287 258 296 258 296 265 291 265 287 265
425 5 287 254 296 254 296 258 287 258 287 255
426 8 287 243 298 243 298 254 296 254 287 254 287 251 287 250 287 247
427 7 283 255 286 255 287 255 287 258 287 265 287 267 283 267
428 5 286 251 287 251 287 254 287 255 286 255
429 4 286 250 287 250 287 251 286 251
430 5 283 250 286 250 286 251 286 255 283 255
431 7 282 250 283 250 283 255 283 267 283 283 283 297 282 297
432 6 282 247 287 247 287 250 286 250 283 250 282 250
433 5 281 247 282 247 282 250 282 297 281 297
434 5 280 247 281 247 281 297 280 297 280 268
435 7 280 243 287 243 287 247 282 247 281 247 280 247 280 245
436 6 277 268 279 268 280 268 280 297 277 297 277 276
437 5 275 276 277 276 277 297 277 370 275 370
438 4 269 276 275 276 275 370 269 370
439 8 269 268 272 268 274 268 277 268 277 276 275 276 269 276 269 269
440 6 279 245 280 245 280 247 280 268 279 268 279 248
441 6 274 248 278 248 279 248 279 268 277 268 274 268
442 5 278 245 279 245 279 248 278 248 278 246
443 5 274 246 276 246 278 246 278 248 274 248
444 6 272 246 274 246 274 248 274 268 272 268 272 249
445 6 269 249 270 249 272 249 272 268 269 268 269 261
446 6 268 269 269 269 269 276 269 370 268 370 268 292
447 5 267 292 268 292 268 370 267 370 267 322
448 5 264 322 265 322 267 322 267 370 264 370
449 4 265 292 267 292 267 322 265 322
450 6 265 269 268 269 268 292 267 292 265 292 265 291
451 7 265 261 266 261 269 261 269 268 269 269 268 269 265 269
452 4 266 249 269 249 269 261 266 261
453 4 270 246 272 246 272 249 270 249
454 4 276 245 278 245 278 246 276 246
455 6 270 245 276 245 276 246 274 246 272 246 270 246
456 7 270 243 280 243 280 245 279 245 278 245 276 245 270 245
457 7 266 243 270 243 270 245 270 246 270 249 269 249 266 249
458 8 266 222 298 222 298 243 287 243 280 243 270 243 266 243 266 224
459 9 265 224 266 224 266 243 266 249 266 261 265 261 265 237 265 226 265 225
460 5 264 291 265 291 265 292 265 322 264 322
461 7 264 237 265 237 265 261 265 269 265 291 264 291 264 239
462 6 263 239 264 239 264 291 264 322 264 370 263 370
463 8 262 239 263 239 263 370 263 485 262 485 262 242 262 241 262 240
464 6 261 242 262 242 262 485 261 485 261 274 261 260
465 5 259 274 260 274 261 274 261 485 259 485
466 4 260 260 261 260 261 274 260 274
467 4 259 260 260 260 260 274 259 274
468 5 258 260 259 260 259 274 259 485 258 485
469 7 258 242 261 242 261 260 260 260 259 260 258 260 258 244
470 5 257 244 258 244 258 260 258 485 257 485
471 5 256 244 257 244 257 485 256 485 256 266
472 4 255 266 256 266 256 485 255 485
473 4 255 244 256 244 256 266 255 266
474 6 255 242 258 242 258 244 257 244 256 244 255 244
475 6 253 242 255 242 255 244 255 266 255 485 253 485
476 4 251 242 253 242 253 485 251 485
477 4 250 242 251 242 251 485 250 485
478 9 250 241 262 241 262 242 261 242 258 242 255 242 253 242 251 242 250 242
479 5 250 240 252 240 262 240 262 241 250 241
480 6 248 240 250 240 250 241 250 242 250 485 248 485
481 6 228 240 234 240 238 240 248 240 248 485 228 485
482 4 252 239 262 239 262 240 252 240
483 8 252 237 254 237 264 237 264 239 263 239 262 239 252 239 252 238
484 5 254 226 265 226 265 237 264 237 254 237
485 5 252 226 254 226 254 237 252 237 252 227
486 10 238 238 239 238 247 238 249 238 252 238 252 239 252 240 250 240 248 240 238 240
487 8 249 227 252 227 252 237 252 238 249 238 249 232 249 230 249 229
488 5 247 232 249 232 249 238 247 238 247 234
489 5 247 230 249 230 249 232 247 232 247 231
490 5 239 234 246 234 247 234 247 238 239 238
491 5 246 231 247 231 247 232 247 234 246 234
492 7 239 231 240 231 241 231 242 231 246 231 246 234 239 234
493 5 242 230 247 230 247 231 246 231 242 231
494 5 242 229 249 229 249 230 247 230 242 230
495 6 242 227 243 227 249 227 249 229 242 229 242 228
496 5 243 226 252 226 252 227 249 227 243 227
497 8 243 225 244 225 245 225 265 225 265 226 254 226 252 226 243 226
498 5 242 225 243 225 243 226 243 227 242 227
499 6 241 228 242 228 242 229 242 230 242 231 241 231
500 5 241 225 242 225 242 227 242 228 241 228
501 5 240 225 241 225 241 228 241 231 240 231
502 4 245 224 265 224 265 225 245 225
503 5 245 222 266 222 266 224 265 224 245 224
504 5 244 222 245 222 245 224 245 225 244 225
505 7 244 221 271 221 298 221 298 222 266 222 245 222 244 222
506 4 271 219 298 219 298 221 271 221
507 5 271 218 316 218 316 219 298 219 271 219
508 7 271 216 273 216 353 216 415 216 415 218 316 218 271 218
509 4 353 213 415 213 415 216 353 216
510 4 273 213 353 213 353 216 273 216
511 4 271 213 273 213 273 216 271 216
512 7 271 204 415 204 415 213 353 213 273 213 271 213 271 210
513 10 244 210 271 210 271 213 271 216 271 218 271 219 271 221 244 221 244 220 244 212
514 9 240 220 244 220 244 221 244 222 244 225 243 225 242 225 241 225 240 225
515 5 239 220 240 220 240 225 240 231 239 231
516 7 238 220 239 220 239 231 239 234 239 238 238 238 238 236
517 6 238 212 244 212 244 220 240 220 239 220 238 220
518 4 238 210 244 210 244 212 238 212
519 7 234 236 235 236 237 236 238 236 238 238 238 240 234 240
520 6 237 210 238 210 238 212 238 220 238 236 237 236
521 8 237 204 271 204 271 210 244 210 238 210 237 210 237 209 237 205
522 5 237 202 415 202 415 204 271 204 237 204
523 5 235 209 237 209 237 210 237 236 235 236
524 6 234 209 235 209 235 236 234 236 234 235 234 214
525 6 228 235 231 235 234 235 234 236 234 240 228 240
526 6 231 214 232 214 234 214 234 235 231 235 231 223
527 4 232 209 234 209 234 214 232 214
528 4 231 209 232 209 232 214 231 214
529 9 231 205 233 205 236 205 237 205 237 209 235 209 234 209 232 209 231 209
530 5 236 202 237 202 237 204 237 205 236 205
531 5 233 202 236 202 236 205 233 205 233 203
532 7 233 199 331 199 415 199 415 202 237 202 236 202 233 202
533 4 231 203 233 203 233 205 231 205
534 5 228 223 230 223 231 223 231 235 228 235
535 7 224 223 228 223 228 235 228 240 228 485 224 485 224 259
536 7 230 203 231 203 231 205 231 209 231 214 231 223 230 223
537 6 224 203 226 203 230 203 230 223 228 223 224 223
538 8 226 199 233 199 233 202 233 203 231 203 230 203 226 203 226 200
539 12 331 172 514 172 514 199 415 199 331 199 331 198 331 192 331 190 331 183 331 182 331 181 331 180
540 7 226 198 227 198 229 198 331 198 331 199 233 199 226 199
541 5 229 192 285 192 331 192 331 198 229 198
542 7 227 192 229 192 229 198 227 198 227 197 227 196 227 194
543 4 226 197 227 197 227 198 226 198
544 5 224 200 225 200 226 200 226 203 224 203
545 6 221 259 222 259 224 259 224 485 221 485 221 343
546 7 222 200 223 200 224 200 224 203 224 223 224 259 222 259
547 4 221 200 222 200 222 259 221 259
548 6 225 197 226 197 226 198 226 199 226 200 225 200
549 5 225 196 227 196 227 197 226 197 225 197
550 4 225 194 227 194 227 196 225 196
551 7 223 194 225 194 225 196 225 197 225 200 224 200 223 200
552 5 223 192 227 192 227 194 225 194 223 194
553 4 285 190 331 190 331 192 285 192
554 6 223 190 285 190 285 192 229 192 227 192 223 192
555 7 223 183 331 183 331 190 285 190 223 190 223 185 223 184
556 9 221 185 223 185 223 190 223 192 223 194 223 200 222 200 221 200 221 187
557 6 218 343 219 343 221 343 221 485 218 485 218 434
558 6 219 187 221 187 221 200 221 259 221 343 219 343
559 6 218 187 219 187 219 343 218 343 218 189 218 188
560 4 216 434 218 434 218 485 216 485
561 5 213 434 215 434 216 434 216 485 213 485
562 8 215 189 218 189 218 343 218 434 216 434 215 434 215 329 215 215
563 5 213 329 214 329 215 329 215 434 213 434
564 4 214 215 215 215 215 329 214 329
565 4 213 215 214 215 214 329 213 329
566 7 210 215 212 215 213 215 213 329 213 434 213 485 210 485
567 4 209 215 210 215 210 485 209 485
568 4 208 215 209 215 209 485 208 485
569 8 212 189 215 189 215 215 214 215 213 215 212 215 212 211 212 193
570 6 208 211 212 211 212 215 210 215 209 215 208 215
571 5 207 211 208 211 208 215 208 485 207 485
572 4 206 211 207 211 207 485 206 485
573 6 206 193 212 193 212 211 208 211 207 211 206 211
574 4 206 189 212 189 212 193 206 193
575 8 205 189 206 189 206 193 206 211 206 485 205 485 205 377 205 217
576 6 198 377 203 377 204 377 205 377 205 485 198 485
577 4 204 217 205 217 205 377 204 377
578 4 203 217 204 217 204 377 203 377
579 5 203 189 205 189 205 217 204 217 203 217
580 8 203 188 218 188 218 189 215 189 212 189 206 189 205 189 203 189
581 7 198 188 199 188 203 188 203 189 203 217 203 377 198 377
582 5 196 188 198 188 198 377 198 485 196 485
583 6 199 187 201 187 218 187 218 188 203 188 199 188
584 6 201 185 221 185 221 187 219 187 218 187 201 187
585 6 201 184 220 184 223 184 223 185 221 185 201 185
586 6 199 184 201 184 201 185 201 187 199 187 199 186
587 7 196 186 197 186 199 186 199 187 199 188 198 188 196 188
588 4 197 184 199 184 199 186 197 186
589 4 220 183 223 183 223 184 220 184
590 6 197 183 220 183 220 184 201 184 199 184 197 184
591 6 197 182 331 182 331 183 223 183 220 183 197 183
592 6 196 182 197 182 197 183 197 184 197 186 196 186
593 6 195 182 196 182 196 186 196 188 196 485 195 485
594 6 195 181 331 181 331 182 197 182 196 182 195 182
595 5 194 181 195 181 195 182 195 485 194 485
596 6 194 180 308 180 331 180 331 181 195 181 194 181
597 6 193 180 194 180 194 181 194 485 193 485 193 257
598 8 308 172 331 172 331 180 308 180 308 178 308 177 308 176 308 175
599 5 193 178 308 178 308 180 194 180 193 180
600 4 192 257 193 257 193 485 192 485
601 5 190 257 191 257 192 257 192 485 190 485
602 4 187 257 190 257 190 485 187 485
603 6 191 178 193 178 193 180 193 257 192 257 191 257
604 5 187 178 191 178 191 257 190 257 187 257
605 5 186 178 187 178 187 257 187 485 186 485
606 7 186 177 308 177 308 178 193 178 191 178 187 178 186 178
607 5 183 177 186 177 186 178 186 485 183 485
608 6 183 176 211 176 308 176 308 177 186 177 183 177
609 4 211 175 308 175 308 176 211 176
610 6 183 175 185 175 188 175 211 175 211 176 183 176
611 7 182 175 183 175 183 176 183 177 183 485 182 485 182 482
612 5 188 172 308 172 308 175 211 175 188 175
613 8 188 171 200 171 202 171 514 171 514 172 331 172 308 172 188 172
614 4 202 170 514 170 514 171 202 171
615 5 202 169 288 169 514 169 514 170 202 170
616 7 288 163 489 163 514 163 514 169 288 169 288 168 288 167
617 4 202 168 288 168 288 169 202 169
618 4 202 167 288 167 288 168 202 168
619 7 200 167 202 167 202 168 202 169 202 170 202 171 200 171
620 6 200 163 288 163 288 167 202 167 200 167 200 166
621 6 188 166 189 166 200 166 200 167 200 171 188 171
622 6 185 166 188 166 188 171 188 172 188 175 185 175
623 5 182 166 185 166 185 175 183 175 182 175
624 4 179 482 182 482 182 485 179 485
625 8 179 166 180 166 181 166 182 166 182 175 182 482 179 482 179 272
626 5 189 163 200 163 200 166 189 166 189 165
627 4 489 160 514 160 514 163 489 163
628 9 489 126 514 126 514 160 489 160 489 154 489 134 489 133 489 132 489 127
629 9 189 154 489 154 489 160 489 163 288 163 200 163 189 163 189 159 189 158
630 8 181 165 184 165 189 165 189 166 188 166 185 166 182 166 181 166
631 6 184 159 189 159 189 163 189 165 184 165 184 161
632 4 181 161 184 161 184 165 181 165
633 6 180 161 181 161 181 165 181 166 180 166 180 162
634 4 179 162 180 162 180 166 179 166
635 5 178 272 179 272 179 482 179 485 178 485
636 5 178 162 179 162 179 166 179 272 178 272
637 7 177 162 178 162 178 272 178 485 177 485 177 179 177 164
638 4 176 179 177 179 177 485 176 485
639 4 175 179 176 179 176 485 175 485
640 5 173 179 175 179 175 485 173 485 173 191
641 5 171 191 172 191 173 191 173 485 171 485
642 6 163 191 164 191 165 191 171 191 171 485 163 485
643 4 172 179 173 179 173 191 172 191
644 7 172 164 177 164 177 179 176 179 175 179 173 179 172 179
645 7 165 164 172 164 172 179 172 191 171 191 165 191 165 173
646 6 165 162 170 162 177 162 177 164 172 164 165 164
647 8 170 161 174 161 180 161 180 162 179 162 178 162 177 162 170 162
648 6 174 159 184 159 184 161 181 161 180 161 174 161
649 4 170 159 174 159 174 161 170 161
650 7 165 159 166 159 167 159 170 159 170 161 170 162 165 162
651 9 167 158 168 158 169 158 189 158 189 159 184 159 174 159 170 159 167 159
652 5 169 154 189 154 189 158 169 158 169 157
653 4 168 157 169 157 169 158 168 158
654 4 168 154 169 154 169 157 168 157
655 8 168 134 489 134 489 154 189 154 169 154 168 154 168 139 168 135
656 7 167 139 168 139 168 154 168 157 168 158 167 158 167 141
657 8 166 141 167 141 167 158 167 159 166 159 166 155 166 146 166 144
658 4 165 155 166 155 166 159 165 159
659 4 164 173 165 173 165 191 164 191
660 4 163 173 164 173 164 191 163 191
661 5 162 173 163 173 163 191 163 485 162 485
662 9 162 155 165 155 165 159 165 162 165 164 165 173 164 173 163 173 162 173
663 9 155 155 156 155 158 155 159 155 160 155 162 155 162 173 162 485 155 485
664 6 160 146 166 146 166 155 165 155 162 155 160 155
665 7 159 146 160 146 160 155 159 155 159 153 159 152 159 148
666 4 158 153 159 153 159 155 158 155
667 4 158 152 159 152 159 153 158 153
668 5 156 152 158 152 158 153 158 155 156 155
669 4 155 152 156 152 156 155 155 155
670 7 151 152 153 152 154 152 155 152 155 155 155 485 151 485
671 8 154 148 157 148 159 148 159 152 158 152 156 152 155 152 154 152
672 6 153 148 154 148 154 152 153 152 153 150 153 149
673 5 151 150 152 150 153 150 153 152 151 152
674 5 150 150 151 150 151 152 151 485 150 485
675 4 149 150 150 150 150 485 149 485
676 5 145 150 148 150 149 150 149 485 145 485
677 4 144 150 145 150 145 485 144 485
678 4 140 150 144 150 144 485 140 485
679 4 152 149 153 149 153 150 152 150
680 7 148 149 152 149 152 150 151 150 150 150 149 150 148 150
681 10 140 149 141 149 143 149 146 149 147 149 148 149 148 150 145 150 144 150 140 150
682 6 147 148 153 148 153 149 152 149 148 149 147 149
683 4 146 148 147 148 147 149 146 149
684 4 157 146 159 146 159 148 157 148
685 6 157 144 166 144 166 146 160 146 159 146 157 146
686 9 146 144 157 144 157 146 157 148 154 148 153 148 147 148 146 148 146 145
687 7 146 141 166 141 166 144 157 144 146 144 146 143 146 142
688 6 146 139 167 139 167 141 166 141 146 141 146 140
689 6 143 145 146 145 146 148 146 149 143 149 143 147
690 4 141 147 143 147 143 149 141 149
691 5 141 145 142 145 143 145 143 147 141 147
692 6 142 143 146 143 146 144 146 145 143 145 142 145
693 4 141 143 142 143 142 145 141 145
694 6 140 143 141 143 141 145 141 147 141 149 140 149
695 7 139 143 140 143 140 149 140 150 140 485 139 485 139 195
696 4 138 195 139 195 139 485 138 485
697 5 137 195 138 195 138 485 137 485 137 208
698 6 126 208 130 208 136 208 137 208 137 485 126 485
699 5 136 195 137 195 137 208 136 208 136 201
700 6 136 143 139 143 139 195 138 195 137 195 136 195
701 8 136 142 146 142 146 143 142 143 141 143 140 143 139 143 136 143
702 8 130 201 132 201 133 201 134 201 135 201 136 201 136 208 130 208
703 6 135 142 136 142 136 143 136 195 136 201 135 201
704 6 134 142 135 142 135 201 134 201 134 156 134 151
705 7 134 140 146 140 146 141 146 142 136 142 135 142 134 142
706 4 133 156 134 156 134 201 133 201
707 4 132 156 133 156 133 201 132 201
708 4 130 156 132 156 132 201 130 201
709 5 126 156 130 156 130 201 130 208 126 208
710 7 126 151 134 151 134 156 133 156 132 156 130 156 126 156
711 6 124 151 126 151 126 156 126 208 126 485 124 485
712 6 115 151 116 151 124 151 124 485 115 485 115 396
713 12 116 140 117 140 118 140 119 140 125 140 128 140 134 140 134 142 134 151 126 151 124 151 116 151
714 6 128 139 131 139 146 139 146 140 134 140 128 140
715 6 131 135 168 135 168 139 167 139 146 139 131 139
716 4 128 135 131 135 131 139 128 139
717 5 128 134 168 134 168 135 131 135 128 135
718 7 125 134 128 134 128 135 128 139 128 140 125 140 125 138
719 6 125 133 489 133 489 134 168 134 128 134 125 134
720 5 125 132 217 132 489 132 489 133 125 133
721 6 119 138 122 138 123 138 125 138 125 140 119 140
722 7 123 132 125 132 125 133 125 134 125 138 123 138 123 137
723 4 122 137 123 137 123 138 122 138
724 6 119 137 120 137 121 137 122 137 122 138 119 138
725 5 121 132 123 132 123 137 122 137 121 137
726 5 217 127 489 127 489 132 217 132 217 131
727 6 121 131 217 131 217 132 125 132 123 132 121 132
728 5 120 131 121 131 121 132 121 137 120 137
729 6 120 127 217 127 217 131 121 131 120 131 120 129
730 5 119 129 120 129 120 131 120 137 119 137
731 6 118 129 119 129 119 137 119 138 119 140 118 140
732 5 118 127 120 127 120 129 119 129 118 129
733 6 118 126 489 126 489 127 217 127 120 127 118 127
734 5 118 124 514 124 514 126 489 126 118 126
735 9 117 124 118 124 118 126 118 127 118 129 118 140 117 140 117 130 117 128
736 5 117 123 514 123 514 124 118 124 117 124
737 6 117 121 295 121 514 121 514 123 117 123 117 122
738 5 116 130 117 130 117 140 116 140 116 136
739 4 116 128 117 128 117 130 116 130
740 6 116 122 117 122 117 123 117 124 117 128 116 128
741 5 115 136 116 136 116 140 116 151 115 151
742 4 114 396 115 396 115 485 114 485
743 4 111 396 114 396 114 485 111 485
744 8 103 396 104 396 105 396 108 396 110 396 111 396 111 485 103 485
745 9 110 136 113 136 115 136 115 151 115 396 114 396 111 396 110 396 110 174
746 7 113 122 116 122 116 128 116 130 116 136 115 136 113 136
747 5 110 122 113 122 113 136 110 136 110 125
748 6 110 121 117 121 117 122 116 122 113 122 110 122
749 6 295 118 302 118 514 118 514 121 295 121 295 119
750 5 302 117 384 117 514 117 514 118 302 118
751 4 295 117 302 117 302 118 295 118
752 11 384 89 514 89 514 117 384 117 384 116 384 115 384 104 384 93 384 92 384 91 384 90
753 5 295 116 384 116 384 117 302 117 295 117
754 4 295 115 384 115 384 116 295 116
755 6 110 119 295 119 295 121 117 121 110 121 110 120
756 4 108 174 110 174 110 396 108 396
757 4 105 174 108 174 108 396 105 396
758 4 104 174 105 174 105 396 104 396
759 7 104 125 110 125 110 136 110 174 108 174 105 174 104 174
760 5 103 125 104 125 104 174 104 396 103 396
761 6 102 125 103 125 103 396 103 485 102 485 102 233
762 6 38 233 39 233 102 233 102 485 38 485 38 339
763 7 39 125 40 125 43 125 73 125 102 125 102 233 39 233
764 11 73 120 97 120 98 120 110 120 110 121 110 122 110 125 104 125 103 125 102 125 73 125
765 4 98 119 110 119 110 120 98 120
766 11 98 115 99 115 100 115 112 115 295 115 295 116 295 117 295 118 295 119 110 119 98 119
767 7 112 104 384 104 384 115 295 115 112 115 112 107 112 105
768 4 100 107 112 107 112 115 100 115
769 6 99 107 100 107 100 115 99 115 99 112 99 109
770 5 98 112 99 112 99 115 98 115 98 114
771 6 97 114 98 114 98 115 98 119 98 120 97 120
772 7 73 114 76 114 93 114 94 114 97 114 97 120 73 120
773 7 94 112 95 112 98 112 98 114 97 114 94 114 94 113
774 8 95 109 96 109 99 109 99 112 98 112 95 112 95 111 95 110
775 4 96 107 99 107 99 109 96 109
776 7 96 105 106 105 112 105 112 107 100 107 99 107 96 107
777 4 106 104 112 104 112 105 106 105
778 11 106 93 384 93 384 104 112 104 106 104 106 102 106 101 106 100 106 96 106 95 106 94
779 6 96 102 106 102 106 104 106 105 96 105 96 103
780 7 95 103 96 103 96 105 96 107 96 109 95 109 95 106
781 4 95 102 96 102 96 103 95 103
782 4 94 111 95 111 95 112 94 112
783 4 94 110 95 110 95 111 94 111
784 5 94 106 95 106 95 109 95 110 94 110
785 4 93 113 94 113 94 114 93 114
786 11 76 113 79 113 80 113 83 113 84 113 86 113 88 113 90 113 93 113 93 114 76 114
787 9 90 106 91 106 94 106 94 110 94 111 94 112 94 113 93 113 90 113
788 7 91 102 92 102 95 102 95 103 95 106 94 106 91 106
789 6 92 101 106 101 106 102 96 102 95 102 92 102
790 4 92 100 106 100 106 101 92 101
791 5 91 100 92 100 92 101 92 102 91 102
792 5 90 100 91 100 91 102 91 106 90 106
793 7 90 96 101 96 106 96 106 100 92 100 91 100 90 100
794 7 88 96 90 96 90 100 90 106 90 113 88 113 88 98
795 6 86 98 88 98 88 113 86 113 86 108 86 99
796 4 84 108 86 108 86 113 84 113
797 4 83 108 84 108 84 113 83 113
798 5 83 99 86 99 86 108 84 108 83 108
799 5 80 99 83 99 83 108 83 113 80 113
800 4 79 99 80 99 80 113 79 113
801 5 76 99 78 99 79 99 79 113 76 113
802 5 73 99 76 99 76 113 76 114 73 114
803 8 78 98 81 98 86 98 86 99 83 99 80 99 79 99 78 99
804 6 73 98 74 98 78 98 78 99 76 99 73 99
805 7 43 98 73 98 73 99 73 114 73 120 73 125 43 125
806 6 81 96 88 96 88 98 86 98 81 98 81 97
807 5 74 97 81 97 81 98 78 98 74 98
808 4 74 96 81 96 81 97 74 97
809 4 101 95 106 95 106 96 101 96
810 7 74 95 101 95 101 96 90 96 88 96 81 96 74 96
811 5 74 94 106 94 106 95 101 95 74 95
812 10 43 94 44 94 60 94 74 94 74 95 74 96 74 97 74 98 73 98 43 98
813 7 60 93 61 93 64 93 106 93 106 94 74 94 60 94
814 5 64 92 384 92 384 93 106 93 64 93
815 4 64 91 384 91 384 92 64 92
816 7 64 90 67 90 69 90 70 90 384 90 384 91 64 91
817 7 70 89 71 89 87 89 109 89 384 89 384 90 70 90
818 6 109 87 512 87 514 87 514 89 384 89 109 89
819 5 512 85 514 85 514 87 512 87 512 86
820 5 109 86 397 86 512 86 512 87 109 87
821 5 87 86 109 86 109 87 109 89 87 89
822 5 71 86 72 86 87 86 87 89 71 89
823 4 397 85 512 85 512 86 397 86
824 5 397 84 514 84 514 85 512 85 397 85
825 4 397 83 514 83 514 84 397 84
826 8 72 83 397 83 397 84 397 85 397 86 109 86 87 86 72 86
827 8 72 82 75 82 77 82 161 82 514 82 514 83 397 83 72 83
828 4 161 81 514 81 514 82 161 82
829 4 77 81 161 81 161 82 77 82
830 6 77 80 82 80 514 80 514 81 161 81 77 81
831 4 82 79 514 79 514 80 82 80
832 5 82 77 127 77 514 77 514 79 82 79
833 5 127 72 514 72 514 77 127 77 127 76
834 4 82 76 127 76 127 77 82 77
835 6 77 76 82 76 82 77 82 79 82 80 77 80
836 5 77 72 127 72 127 76 82 76 77 76
837 9 77 48 514 48 514 72 127 72 77 72 77 71 77 58 77 57 77 55
838 8 75 71 77 71 77 72 77 76 77 80 77 81 77 82 75 82
839 6 75 58 77 58 77 71 75 71 75 62 75 60
840 10 72 62 75 62 75 71 75 82 72 82 72 75 72 73 72 65 72 64 72 63
841 7 71 75 72 75 72 82 72 83 72 86 71 86 71 78
842 5 70 78 71 78 71 86 71 89 70 89
843 5 69 78 70 78 70 89 70 90 69 90
844 5 69 75 71 75 71 78 70 78 69 78
845 5 69 73 72 73 72 75 71 75 69 75
846 6 67 73 69 73 69 75 69 78 69 90 67 90
847 5 67 65 72 65 72 73 69 73 67 73
848 9 64 65 67 65 67 73 67 90 64 90 64 74 64 69 64 68 64 66
849 8 61 74 64 74 64 90 64 91 64 92 64 93 61 93 61 88
850 4 60 88 61 88 61 93 60 93
851 5 44 88 60 88 60 93 60 94 44 94
852 9 44 74 45 74 49 74 55 74 59 74 61 74 61 88 60 88 44 88
853 5 59 69 64 69 64 74 61 74 59 74
854 4 59 68 64 68 64 69 59 69
855 5 55 68 59 68 59 69 59 74 55 74
856 6 55 66 64 66 64 68 59 68 55 68 55 67
857 4 55 65 64 65 64 66 55 66
858 7 55 64 56 64 72 64 72 65 67 65 64 65 55 65
859 5 56 63 57 63 72 63 72 64 56 64
860 5 57 62 62 62 72 62 72 63 57 63
861 5 62 60 75 60 75 62 72 62 62 62
862 4 62 58 75 58 75 60 62 60
863 7 62 57 65 57 66 57 77 57 77 58 75 58 62 58
864 7 57 57 58 57 62 57 62 58 62 60 62 62 57 62
865 5 56 57 57 57 57 62 57 63 56 63
866 4 66 55 77 55 77 57 66 57
867 4 65 55 66 55 66 57 65 57
868 8 65 48 77 48 77 55 66 55 65 55 65 54 65 52 65 51
869 6 58 54 65 54 65 55 65 57 62 57 58 57
870 5 58 52 65 52 65 54 58 54 58 53
871 4 58 51 65 51 65 52 58 52
872 4 58 48 65 48 65 51 58 51
873 8 58 45 514 45 514 48 77 48 65 48 58 48 58 47 58 46
874 6 56 53 58 53 58 54 58 57 57 57 56 57
875 9 56 47 58 47 58 48 58 51 58 52 58 53 56 53 56 50 56 49
876 7 55 50 56 50 56 53 56 57 56 63 56 64 55 64
877 5 49 67 55 67 55 68 55 74 49 74
878 10 49 50 53 50 54 50 55 50 55 64 55 65 55 66 55 67 49 67 49 56
879 7 45 56 46 56 49 56 49 67 49 74 45 74 45 70
880 4 46 50 49 50 49 56 46 56
881 5 54 49 56 49 56 50 55 50 54 50
882 4 53 49 54 49 54 50 53 50
883 5 53 47 56 47 56 49 54 49 53 49
884 5 53 46 58 46 58 47 56 47 53 47
885 4 53 45 58 45 58 46 53 46
886 8 53 36 387 36 514 36 514 45 58 45 53 45 53 41 53 38
887 10 46 41 47 41 53 41 53 45 53 46 53 47 53 49 53 50 49 50 46 50
888 5 45 41 46 41 46 50 46 56 45 56
889 6 47 38 51 38 52 38 53 38 53 41 47 41
890 4 52 36 53 36 53 38 52 38
891 4 51 36 52 36 52 38 51 38
892 4 387 35 514 35 514 36 387 36
893 7 51 35 63 35 387 35 387 36 53 36 52 36 51 36
894 5 63 34 514 34 514 35 387 35 63 35
895 7 63 28 303 28 514 28 514 34 63 34 63 31 63 30
896 5 51 31 63 31 63 34 63 35 51 35
897 6 47 31 51 31 51 35 51 36 51 38 47 38
898 5 47 30 63 30 63 31 51 31 47 31
899 4 47 28 63 28 63 30 47 30
900 5 303 25 514 25 514 28 303 28 303 27
901 4 303 24 514 24 514 25 303 25
902 7 47 27 107 27 129 27 303 27 303 28 63 28 47 28
903 13 45 27 47 27 47 28 47 30 47 31 47 38 47 41 46 41 45 41 45 40 45 39 45 32 45 29
904 4 44 70 45 70 45 74 44 74
905 6 44 40 45 40 45 41 45 56 45 70 44 70
906 9 43 40 44 40 44 70 44 74 44 88 44 94 43 94 43 44 43 42
907 6 40 44 43 44 43 94 43 98 43 125 40 125
908 4 40 42 43 42 43 44 40 44
909 4 40 40 43 40 43 42 40 42
910 6 39 40 40 40 40 42 40 44 40 125 39 125
911 9 39 39 41 39 42 39 45 39 45 40 44 40 43 40 40 40 39 40
912 6 38 39 39 39 39 40 39 125 39 233 38 233
913 5 42 32 45 32 45 39 42 39 42 37
914 4 41 37 42 37 42 39 41 39
915 4 41 32 42 32 42 37 41 37
916 5 41 29 45 29 45 32 42 32 41 32
917 7 38 29 41 29 41 32 41 37 41 39 39 39 38 39
918 5 36 339 37 339 38 339 38 485 36 485
919 6 37 29 38 29 38 39 38 233 38 339 37 339
920 6 37 27 45 27 45 29 41 29 38 29 37 29
921 6 129 24 303 24 303 25 303 27 129 27 129 26
922 4 107 26 129 26 129 27 107 27
923 6 37 26 107 26 107 27 47 27 45 27 37 27
924 6 36 26 37 26 37 27 37 29 37 339 36 339
925 7 30 26 33 26 35 26 36 26 36 339 36 485 30 485
926 7 35 24 129 24 129 26 107 26 37 26 36 26 35 26
927 9 35 17 439 17 514 17 514 24 303 24 129 24 35 24 35 20 35 18
928 9 33 20 34 20 35 20 35 24 35 26 33 26 33 23 33 22 33 21
929 4 30 23 33 23 33 26 30 26
930 5 28 23 30 23 30 26 30 485 28 485
931 5 27 23 28 23 28 485 27 485 27 33
932 7 27 22 29 22 33 22 33 23 30 23 28 23 27 23
933 8 26 33 27 33 27 485 26 485 26 360 26 253 26 59 26 43
934 5 23 360 25 360 26 360 26 485 23 485
935 4 21 360 23 360 23 485 21 485
936 5 16 360 20 360 21 360 21 485 16 485
937 10 3 360 4 360 8 360 11 360 12 360 13 360 15 360 16 360 16 485 3 485
938 4 25 253 26 253 26 360 25 360
939 8 20 253 22 253 24 253 25 253 25 360 23 360 21 360 20 360
940 5 24 59 26 59 26 253 25 253 24 253
941 5 22 59 24 59 24 253 22 253 22 252
942 5 22 43 26 43 26 59 24 59 22 59
943 4 20 252 22 252 22 253 20 253
944 5 20 43 22 43 22 59 22 252 20 252
945 5 20 33 26 33 26 43 22 43 20 43
946 8 15 33 20 33 20 43 20 252 20 253 20 360 16 360 15 360
947 4 13 33 15 33 15 360 13 360
948 12 13 22 14 22 17 22 18 22 19 22 27 22 27 23 27 33 26 33 20 33 15 33 13 33
949 6 12 22 13 22 13 33 13 360 12 360 12 207
950 4 29 21 33 21 33 22 29 22
951 4 29 20 33 20 33 21 29 21
952 5 34 18 35 18 35 20 34 20 34 19
953 5 29 19 34 19 34 20 33 20 29 20
954 7 19 19 29 19 29 20 29 21 29 22 27 22 19 22
955 4 18 19 19 19 19 22 18 22
956 6 18 18 34 18 34 19 29 19 19 19 18 19
957 5 17 18 18 18 18 19 18 22 17 22
958 6 17 17 35 17 35 18 34 18 18 18 17 18
959 4 439 16 514 16 514 17 439 17
960 4 439 15 514 15 514 16 439 16
961 6 17 15 439 15 439 16 439 17 35 17 17 17
962 6 14 15 17 15 17 17 17 18 17 22 14 22
963 7 14 14 85 14 514 14 514 15 439 15 17 15 14 15
964 6 12 14 14 14 14 15 14 22 13 22 12 22
965 7 85 9 514 9 514 14 85 14 85 13 85 12 85 11
966 4 85 8 514 8 514 9 85 9
967 5 12 13 85 13 85 14 14 14 12 14
968 4 11 207 12 207 12 360 11 360
969 4 8 207 11 207 11 360 8 360
970 6 4 207 5 207 6 207 8 207 8 360 4 360
971 9 6 13 9 13 12 13 12 14 12 22 12 207 11 207 8 207 6 207
972 8 9 12 10 12 31 12 32 12 85 12 85 13 12 13 9 13
973 4 32 11 85 11 85 12 32 12
974 5 32 8 85 8 85 9 85 11 32 11
975 7 32 7 50 7 68 7 514 7 514 8 85 8 32 8
976 5 68 6 89 6 514 6 514 7 68 7
977 6 89 0 514 0 514 6 89 6 89 2 89 1
978 4 68 2 89 2 89 6 68 6
979 7 50 2 68 2 68 6 68 7 50 7 50 5 50 3
980 5 32 5 48 5 50 5 50 7 32 7
981 7 31 5 32 5 32 7 32 8 32 11 32 12 31 12
982 4 48 3 50 3 50 5 48 5
983 4 48 2 50 2 50 3 48 3
984 6 31 2 48 2 48 3 48 5 32 5 31 5
985 7 31 1 89 1 89 2 68 2 50 2 48 2 31 2
986 4 31 0 89 0 89 1 31 1
987 9 10 0 31 0 31 1 31 2 31 5 31 12 10 12 10 10 10 4
988 4 9 10 10 10 10 12 9 12
989 6 6 10 7 10 9 10 9 12 9 13 6 13
990 7 5 10 6 10 6 13 6 207 5 207 5 206 5 61
991 5 7 4 10 4 10 10 9 10 7 10
992 5 5 4 7 4 7 10 6 10 5 10
993 4 4 206 5 206 5 207 4 207
994 4 4 61 5 61 5 206 4 206
995 6 3 61 4 61 4 206 4 207 4 360 3 360
996 6 3 4 5 4 5 10 5 61 4 61 3 61
997 6 2 4 3 4 3 61 3 360 3 485 2 485
998 7 2 0 10 0 10 4 7 4 5 4 3 4 2 4
999 5 1 0 2 0 2 4 2 485 1 485
1000 4 0 0 1 0 1 485 0 485
1000
1 117 503 0 504 0 504 497 503 497 503 496 503 490 503 489 503 488 503 485 503 482 503 481 503 479 503 478 503 477 503 476 503 475 503 470 503 468 503 464 503 462 503 461 503 458 503 437 503 431 503 430 503 429 503 422 503 420 503 419 503 416 503 414 503 412 503 409 503 408 503 407 503 406 503 404 503 403 503 401 503 394 503 393 503 389 503 388 503 375 503 374 503 365 503 339 503 338 503 336 503 333 503 324 503 319 503 318 503 315 503 314 503 313 503 312 503 311 503 309 503 307 503 305 503 304 503 302 503 301 503 300 503 297 503 295 503 292 503 222 503 220 503 211 503 207 503 200 503 195 503 194 503 193 503 192 503 191 503 186 503 185 503 182 503 180 503 178 503 177 503 176 503 175 503 168 503 159 503 150 503 149 503 148 503 144 503 143 503 142 503 141 503 140 503 139 503 138 503 137 503 136 503 135 503 116 503 114 503 111 503 110 503 107 503 90 503 87 503 86 503 83 503 82 503 75 503 61 503 59 503 43 503 34 503 28
2 4 502 496 503 496 503 497 502 497
3 145 0 496 1 496 3 496 5 496 10 496 11 496 12 496 14 496 15 496 18 496 19 496 21 496 23 496 25 496 26 496 27 496 28 496 31 496 33 496 34 496 36 496 37 496 38 496 39 496 40 496 41 496 54 496 55 496 56 496 57 496 58 496 59 496 60 496 61 496 62 496 63 496 64 496 66 496 67 496 68 496 69 496 70 496 72 496 73 496 74 496 76 496 93 496 95 496 98 496 99 496 110 496 116 496 117 496 118 496 119 496 122 496 123 496 134 496 136 496 143 496 146 496 175 496 176 496 194 496 196 496 197 496 200 496 201 496 202 496 203 496 204 496 205 496 209 496 210 496 213 496 214 496 215 496 222 496 223 496 229 496 238 496 248 496 254 496 255 496 257 496 261 496 263 496 265 496 266 496 267 496 269 496 272 496 273 496 274 496 275 496 276 496 277 496 278 496 279 496 284 496 286 496 294 496 297 496 304 496 305 496 306 496 307 496 308 496 310 496 320 496 348 496 357 496 358 496 359 496 383 496 385 496 386 496 393 496 395 496 396 496 397 496 398 496 399 496 402 496 404 496 405 496 406 496 407 496 408 496 454 496 458 496 459 496 461 496 462 496 463 496 464 496 465 496 466 496 467 496 472 496 499 496 500 496 502 496 502 497 0 497
4 6 500 490 503 490 503 496 502 496 500 496 500 492
5 6 499 492 500 492 500 496 499 496 499 495 499 493
6 6 472 495 473 495 474 495 499 495 499 496 472 496
7 8 474 493 488 493 489 493 490 493 492 493 499 493 499 495 474 495
8 4 492 492 499 492 499 493 492 493
9 4 490 492 492 492 492 493 490 493
10 6 490 490 500 490 500 492 499 492 492 492 490 492
11 6 490 489 494 489 503 489 503 490 500 490 490 490
12 6 489 489 490 489 490 490 490 492 490 493 489 493
13 4 494 488 503 488 503 489 494 489
14 6 494 485 497 485 503 485 503 488 494 488 494 486
15 7 489 486 494 486 494 488 494 489 490 489 489 489 489 487
16 5 488 487 489 487 489 489 489 493 488 493
17 4 488 486 489 486 489 487 488 487
18 5 488 485 494 485 494 486 489 486 488 486
19 5 497 482 503 482 503 485 497 485 497 483
20 5 488 483 497 483 497 485 494 485 488 485
21 8 474 483 476 483 488 483 488 485 488 486 488 487 488 493 474 493
22 5 476 482 497 482 497 483 488 483 476 483
23 7 476 481 480 481 486 481 503 481 503 482 497 482 476 482
24 4 486 479 503 479 503 481 486 481
25 4 486 478 503 478 503 479 486 479
26 4 486 477 503 477 503 478 486 478
27 5 486 476 495 476 503 476 503 477 486 477
28 7 480 476 486 476 486 477 486 478 486 479 486 481 480 481
29 4 495 475 503 475 503 476 495 476
30 7 495 470 498 470 503 470 503 475 495 475 495 473 495 472
31 7 480 473 493 473 495 473 495 475 495 476 486 476 480 476
32 6 476 473 477 473 480 473 480 476 480 481 476 481
33 6 474 473 476 473 476 481 476 482 476 483 474 483
34 6 473 473 474 473 474 483 474 493 474 495 473 495
35 4 493 472 495 472 495 473 493 473
36 4 493 470 495 470 495 472 493 472
37 4 498 468 503 468 503 470 498 470
38 6 498 464 503 464 503 468 498 468 498 466 498 465
39 4 498 462 503 462 503 464 498 464
40 7 493 466 498 466 498 468 498 470 495 470 493 470 493 467
41 7 477 467 493 467 493 470 493 472 493 473 480 473 477 473
42 4 477 466 493 466 493 467 477 467
43 7 473 466 477 466 477 467 477 473 476 473 474 473 473 473
44 6 473 465 498 465 498 466 493 466 477 466 473 466
45 6 472 465 473 465 473 466 473 473 473 495 472 495
46 6 467 465 468 465 472 465 472 495 472 496 467 496
47 8 468 462 469 462 498 462 498 464 498 465 473 465 472 465 468 465
48 7 469 461 484 461 485 461 503 461 503 462 498 462 469 462
49 4 468 461 469 461 469 462 468 462
50 4 485 458 503 458 503 461 485 461
51 5 485 437 503 437 503 458 485 458 485 442
52 6 484 442 485 442 485 458 485 461 484 461 484 454
53 6 468 454 482 454 484 454 484 461 469 461 468 461
54 6 467 454 468 454 468 461 468 462 468 465 467 465
55 5 466 454 467 454 467 465 467 496 466 496
56 4 465 454 466 454 466 496 465 496
57 5 482 442 484 442 484 454 482 454 482 444
58 9 465 444 482 444 482 454 468 454 467 454 466 454 465 454 465 448 465 446
59 8 464 448 465 448 465 454 465 496 464 496 464 451 464 450 464 449
60 8 463 451 464 451 464 496 463 496 463 474 463 457 463 455 463 452
61 4 462 474 463 474 463 496 462 496
62 5 462 457 463 457 463 474 462 474 462 460
63 8 461 460 462 460 462 474 462 496 461 496 461 484 461 480 461 463
64 4 461 457 462 457 462 460 461 460
65 4 459 484 461 484 461 496 459 496
66 4 458 484 459 484 459 496 458 496
67 4 454 484 458 484 458 496 454 496
68 9 408 484 409 484 432 484 436 484 442 484 449 484 454 484 454 496 408 496
69 7 449 480 461 480 461 484 459 484 458 484 454 484 449 484
70 7 449 463 453 463 456 463 460 463 461 463 461 480 449 480
71 5 460 457 461 457 461 460 461 463 460 463
72 5 456 457 460 457 460 463 456 463 456 459
73 9 456 455 457 455 463 455 463 457 462 457 461 457 460 457 456 457 456 456
74 4 457 452 463 452 463 455 457 455
75 4 456 452 457 452 457 455 456 455
76 5 456 451 463 451 463 452 457 452 456 452
77 4 453 459 456 459 456 463 453 463
78 5 453 456 456 456 456 457 456 459 453 459
79 6 453 451 456 451 456 452 456 455 456 456 453 456
80 7 449 451 450 451 453 451 453 456 453 459 453 463 449 463
81 11 442 451 443 451 445 451 446 451 447 451 449 451 449 463 449 480 449 484 442 484 442 469
82 7 450 450 464 450 464 451 463 451 456 451 453 451 450 451
83 4 450 449 464 449 464 450 450 450
84 6 447 449 450 449 450 450 450 451 449 451 447 451
85 4 446 449 447 449 447 451 446 451
86 6 446 448 464 448 464 449 450 449 447 449 446 449
87 6 446 446 465 446 465 448 464 448 446 448 446 447
88 5 446 444 465 444 465 446 446 446 446 445
89 6 445 447 446 447 446 448 446 449 446 451 445 451
90 4 443 447 445 447 445 451 443 451
91 7 443 445 444 445 446 445 446 446 446 447 445 447 443 447
92 4 444 444 446 444 446 445 444 445
93 7 444 442 475 442 482 442 482 444 465 444 446 444 444 444
94 6 475 437 485 437 485 442 484 442 482 442 475 442
95 6 475 431 503 431 503 437 485 437 475 437 475 432
96 5 444 432 475 432 475 437 475 442 444 442
97 8 443 432 444 432 444 442 444 444 444 445 443 445 443 441 443 434
98 6 442 441 443 441 443 445 443 447 443 451 442 451
99 5 442 434 443 434 443 441 442 441 442 435
100 7 436 469 437 469 438 469 440 469 442 469 442 484 436 484
101 4 432 469 436 469 436 484 432 484
102 4 409 469 432 469 432 484 409 484
103 9 440 435 442 435 442 441 442 451 442 469 440 469 440 440 440 438 440 436
104 4 438 440 440 440 440 469 438 469
105 4 438 438 440 438 440 440 438 440
106 5 437 438 438 438 438 440 438 469 437 469
107 8 409 438 410 438 426 438 437 438 437 469 436 469 432 469 409 469
108 6 426 436 440 436 440 438 438 438 437 438 426 438
109 6 426 435 427 435 429 435 440 435 440 436 426 436
110 7 429 434 430 434 431 434 442 434 442 435 440 435 429 435
111 5 431 432 443 432 443 434 442 434 431 434
112 6 431 431 475 431 475 432 444 432 443 432 431 432
113 5 430 431 431 431 431 432 431 434 430 434
114 8 430 430 435 430 441 430 503 430 503 431 475 431 431 431 430 431
115 5 441 429 501 429 503 429 503 430 441 430
116 7 501 422 503 422 503 429 501 429 501 428 501 427 501 423
117 4 441 428 501 428 501 429 441 429
118 5 435 428 441 428 441 429 441 430 435 430
119 7 435 427 452 427 478 427 501 427 501 428 441 428 435 428
120 5 430 427 435 427 435 428 435 430 430 430
121 5 478 423 501 423 501 427 478 427 478 425
122 4 452 425 478 425 478 427 452 427
123 5 452 423 478 423 478 425 452 425 452 424
124 8 430 424 433 424 452 424 452 425 452 427 435 427 430 427 430 426
125 7 429 426 430 426 430 427 430 430 430 431 430 434 429 434
126 4 429 424 430 424 430 426 429 426
127 7 427 424 429 424 429 426 429 434 429 435 427 435 427 433
128 4 433 423 452 423 452 424 433 424
129 7 433 422 491 422 501 422 501 423 478 423 452 423 433 423
130 5 491 420 503 420 503 422 501 422 491 422
131 4 491 419 503 419 503 420 491 420
132 6 433 419 451 419 491 419 491 420 491 422 433 422
133 7 451 416 503 416 503 419 491 419 451 419 451 418 451 417
134 4 433 418 451 418 451 419 433 419
135 9 427 418 433 418 433 419 433 422 433 423 433 424 430 424 429 424 427 424
136 4 426 433 427 433 427 435 426 435
137 10 410 433 411 433 413 433 421 433 423 433 426 433 426 435 426 436 426 438 410 438
138 6 423 418 427 418 427 424 427 433 426 433 423 433
139 7 423 417 439 417 451 417 451 418 433 418 427 418 423 418
140 5 421 417 423 417 423 418 423 433 421 433
141 4 413 417 421 417 421 433 413 433
142 4 439 416 451 416 451 417 439 417
143 5 439 414 503 414 503 416 451 416 439 416
144 4 439 412 503 412 503 414 439 414
145 5 439 409 503 409 503 412 439 412 439 410
146 10 413 410 415 410 439 410 439 412 439 414 439 416 439 417 423 417 421 417 413 417
147 4 415 409 439 409 439 410 415 410
148 8 415 408 416 408 418 408 483 408 503 408 503 409 439 409 415 409
149 4 483 407 503 407 503 408 483 408
150 5 418 407 420 407 483 407 483 408 418 408
151 5 420 406 503 406 503 407 483 407 420 407
152 4 420 404 503 404 503 406 420 406
153 5 420 403 471 403 503 403 503 404 420 404
154 4 471 401 503 401 503 403 471 403
155 6 471 394 503 394 503 401 471 401 471 400 471 398
156 5 420 400 471 400 471 401 471 403 420 403
157 7 418 400 420 400 420 403 420 404 420 406 420 407 418 407
158 5 416 400 418 400 418 407 418 408 416 408
159 6 416 398 471 398 471 400 420 400 418 400 416 400
160 5 415 398 416 398 416 400 416 408 415 408
161 6 415 394 471 394 471 398 416 398 415 398 415 395
162 8 413 395 415 395 415 398 415 408 415 409 415 410 413 410 413 397
163 8 411 397 413 397 413 410 413 417 413 433 411 433 411 402 411 399
164 4 410 402 411 402 411 433 410 433
165 5 409 402 410 402 410 433 410 438 409 438
166 6 408 402 409 402 409 438 409 469 409 484 408 484
167 6 408 399 411 399 411 402 410 402 409 402 408 402
168 6 407 399 408 399 408 402 408 484 408 496 407 496
169 4 406 399 407 399 407 496 406 496
170 4 405 399 406 399 406 496 405 496
171 7 405 397 411 397 411 399 408 399 407 399 406 399 405 399
172 5 404 397 405 397 405 399 405 496 404 496
173 7 404 395 412 395 413 395 413 397 411 397 405 397 404 397
174 6 402 395 404 395 404 397 404 496 402 496 402 439
175 7 399 439 400 439 401 439 402 439 402 496 399 496 399 453
176 4 401 395 402 395 402 439 401 439
177 5 412 394 415 394 415 395 413 395 412 395
178 6 412 393 503 393 503 394 471 394 415 394 412 394
179 7 401 393 412 393 412 394 412 395 404 395 402 395 401 395
180 5 400 393 401 393 401 395 401 439 400 439
181 6 400 389 503 389 503 393 412 393 401 393 400 393
182 4 400 388 503 388 503 389 400 389
183 9 400 375 503 375 503 388 400 388 400 387 400 385 400 382 400 379 400 378
184 7 399 387 400 387 400 388 400 389 400 393 400 439 399 439
185 4 398 453 399 453 399 496 398 496
186 4 397 453 398 453 398 496 397 496
187 4 396 453 397 453 397 496 396 496
188 4 395 453 396 453 396 496 395 496
189 8 395 387 399 387 399 439 399 453 398 453 397 453 396 453 395 453
190 6 393 387 395 387 395 453 395 496 393 496 393 421
191 7 386 421 387 421 390 421 391 421 393 421 393 496 386 496
192 4 391 387 393 387 393 421 391 421
193 9 391 385 392 385 394 385 400 385 400 387 399 387 395 387 393 387 391 387
194 4 394 382 400 382 400 385 394 385
195 5 394 379 400 379 400 382 394 382 394 380
196 4 394 378 400 378 400 379 394 379
197 5 392 380 394 380 394 382 394 385 392 385
198 4 391 380 392 380 392 385 391 385
199 7 390 380 391 380 391 385 391 387 391 421 390 421 390 405
200 6 387 405 388 405 389 405 390 405 390 421 387 421
201 4 389 380 390 380 390 405 389 405
202 8 389 378 394 378 394 379 394 380 392 380 391 380 390 380 389 380
203 5 389 375 400 375 400 378 394 378 389 378
204 6 388 375 389 375 389 378 389 380 389 405 388 405
205 8 388 374 448 374 455 374 503 374 503 375 400 375 389 375 388 375
206 4 455 365 503 365 503 374 455 374
207 4 448 365 455 365 455 374 448 374
208 5 388 365 448 365 448 374 388 374 388 366
209 8 388 339 503 339 503 365 455 365 448 365 388 365 388 341 388 340
210 7 387 366 388 366 388 374 388 375 388 405 387 405 387 376
211 6 387 341 388 341 388 365 388 366 387 366 387 346
212 5 386 376 387 376 387 405 387 421 386 421
213 6 385 376 386 376 386 421 386 496 385 496 385 494
214 6 385 346 387 346 387 366 387 376 386 376 385 376
215 5 383 494 384 494 385 494 385 496 383 496
216 11 384 346 385 346 385 376 385 494 384 494 384 377 384 353 384 352 384 350 384 348 384 347
217 6 383 377 384 377 384 494 383 494 383 415 383 411
218 9 359 415 371 415 379 415 381 415 382 415 383 415 383 494 383 496 359 496
219 4 382 411 383 411 383 415 382 415
220 4 381 411 382 411 382 415 381 415
221 6 381 377 383 377 383 411 382 411 381 411 381 386
222 5 381 353 384 353 384 377 383 377 381 377
223 5 379 386 381 386 381 411 381 415 379 415
224 9 371 386 372 386 373 386 374 386 375 386 378 386 379 386 379 415 371 415
225 10 378 353 381 353 381 377 381 386 379 386 378 386 378 368 378 360 378 356 378 355
226 4 375 368 378 368 378 386 375 386
227 6 375 360 378 360 378 368 375 368 375 364 375 363
228 5 374 364 375 364 375 368 375 386 374 386
229 4 373 364 374 364 374 386 373 386
230 6 372 364 373 364 373 386 372 386 372 373 372 372
231 4 371 373 372 373 372 386 371 386
232 7 359 373 361 373 362 373 371 373 371 386 371 415 359 415
233 8 362 372 365 372 368 372 370 372 372 372 372 373 371 373 362 373
234 5 370 364 372 364 372 372 370 372 370 370
235 4 368 370 370 370 370 372 368 372
236 4 365 370 368 370 368 372 365 372
237 5 365 364 370 364 370 370 368 370 365 370
238 8 365 363 375 363 375 364 374 364 373 364 372 364 370 364 365 364
239 8 362 363 363 363 364 363 365 363 365 364 365 370 365 372 362 372
240 6 361 363 362 363 362 372 362 373 361 373 361 369
241 5 364 360 375 360 375 363 365 363 364 363
242 6 364 356 369 356 378 356 378 360 375 360 364 360
243 5 363 356 364 356 364 360 364 363 363 363
244 6 361 356 363 356 363 363 362 363 361 363 361 359
245 4 359 369 361 369 361 373 359 373
246 6 358 369 359 369 359 373 359 415 359 496 358 496
247 7 358 359 361 359 361 363 361 369 359 369 358 369 358 367
248 6 357 367 358 367 358 369 358 496 357 496 357 392
249 6 348 392 351 392 356 392 357 392 357 496 348 496
250 8 320 392 323 392 344 392 347 392 348 392 348 496 320 496 320 471
251 4 356 367 357 367 357 392 356 392
252 5 356 359 358 359 358 367 357 367 356 367
253 7 351 359 354 359 356 359 356 367 356 392 351 392 351 381
254 5 347 381 351 381 351 392 348 392 347 392
255 4 344 381 347 381 347 392 344 392
256 6 344 359 350 359 351 359 351 381 347 381 344 381
257 6 354 356 361 356 361 359 358 359 356 359 354 359
258 4 369 355 378 355 378 356 369 356
259 7 354 355 369 355 369 356 364 356 363 356 361 356 354 356
260 5 354 353 378 353 378 355 369 355 354 355
261 8 350 353 354 353 354 355 354 356 354 359 351 359 350 359 350 358
262 8 350 352 367 352 384 352 384 353 381 353 378 353 354 353 350 353
263 4 367 350 384 350 384 352 367 352
264 5 350 350 353 350 367 350 367 352 350 352
265 4 344 358 350 358 350 359 344 359
266 9 323 358 325 358 326 358 341 358 344 358 344 359 344 381 344 392 323 392
267 7 341 350 350 350 350 352 350 353 350 358 344 358 341 358
268 6 353 348 360 348 384 348 384 350 367 350 353 350
269 4 360 347 384 347 384 348 360 348
270 4 353 347 360 347 360 348 353 348
271 6 341 347 353 347 353 348 353 350 350 350 341 350
272 6 326 347 328 347 341 347 341 350 341 358 326 358
273 8 328 346 355 346 384 346 384 347 360 347 353 347 341 347 328 347
274 8 355 341 387 341 387 346 385 346 384 346 355 346 355 344 355 342
275 5 328 344 331 344 355 344 355 346 328 346
276 6 331 342 334 342 339 342 355 342 355 344 331 344
277 4 339 341 355 341 355 342 339 342
278 6 339 340 388 340 388 341 387 341 355 341 339 341
279 6 339 339 342 339 343 339 388 339 388 340 339 340
280 9 343 338 345 338 346 338 352 338 366 338 503 338 503 339 388 339 343 339
281 5 366 336 403 336 503 336 503 338 366 338
282 4 403 333 503 333 503 336 403 336
283 4 366 333 403 333 403 336 366 336
284 6 366 324 503 324 503 333 403 333 366 333 366 332
285 6 352 332 366 332 366 333 366 336 366 338 352 338
286 6 352 324 366 324 366 332 352 332 352 331 352 327
287 5 346 331 352 331 352 332 352 338 346 338
288 4 346 327 352 327 352 331 346 331
289 4 346 324 352 324 352 327 346 327
290 8 346 319 377 319 479 319 503 319 503 324 366 324 352 324 346 324
291 4 479 318 503 318 503 319 479 319
292 4 479 315 503 315 503 318 479 318
293 6 377 315 417 315 479 315 479 318 479 319 377 319
294 5 417 314 503 314 503 315 479 315 417 315
295 4 377 314 417 314 417 315 377 315
296 5 377 313 503 313 503 314 417 314 377 314
297 4 377 312 503 312 503 313 377 313
298 7 346 312 377 312 377 313 377 314 377 315 377 319 346 319
299 5 346 311 503 311 503 312 377 312 346 312
300 9 345 311 346 311 346 312 346 319 346 324 346 327 346 331 346 338 345 338
301 5 345 309 503 309 503 311 346 311 345 311
302 6 343 309 345 309 345 311 345 338 343 338 343 321
303 6 343 307 503 307 503 309 345 309 343 309 343 308
304 5 342 321 343 321 343 338 343 339 342 339
305 5 342 308 343 308 343 309 343 321 342 321
306 7 339 308 342 308 342 321 342 339 339 339 339 325 339 316
307 8 334 325 336 325 339 325 339 339 339 340 339 341 339 342 334 342
308 6 336 316 337 316 338 316 339 316 339 325 336 325
309 4 338 308 339 308 339 316 338 316
310 6 338 307 343 307 343 308 342 308 339 308 338 308
311 5 338 305 503 305 503 307 343 307 338 307
312 6 337 305 338 305 338 307 338 308 338 316 337 316
313 6 337 304 340 304 503 304 503 305 338 305 337 305
314 5 336 304 337 304 337 305 337 316 336 316
315 5 340 302 414 302 503 302 503 304 340 304
316 4 414 301 503 301 503 302 414 302
317 5 414 300 496 300 503 300 503 301 414 301
318 6 340 300 349 300 414 300 414 301 414 302 340 302
319 4 496 297 503 297 503 300 496 300
320 4 496 295 503 295 503 297 496 297
321 4 496 292 503 292 503 295 496 295
322 7 349 292 496 292 496 295 496 297 496 300 414 300 349 300
323 4 340 292 349 292 349 300 340 300
324 15 340 222 503 222 503 292 496 292 349 292 340 292 340 289 340 288 340 274 340 251 340 249 340 246 340 244 340 235 340 225
325 8 336 289 340 289 340 292 340 300 340 302 340 304 337 304 336 304
326 4 336 288 340 288 340 289 336 289
327 7 336 274 340 274 340 288 336 288 336 287 336 285 336 278
328 8 334 287 336 287 336 288 336 289 336 304 336 316 336 325 334 325
329 8 331 287 334 287 334 325 334 342 331 342 331 326 331 320 331 290
330 6 328 326 330 326 331 326 331 342 331 344 328 344
331 4 330 320 331 320 331 326 330 326
332 5 330 290 331 290 331 320 330 320 330 291
333 6 328 291 330 291 330 320 330 326 328 326 328 299
334 8 326 299 327 299 328 299 328 326 328 344 328 346 328 347 326 347
335 5 325 299 326 299 326 347 326 358 325 358
336 4 327 291 328 291 328 299 327 299
337 5 327 290 330 290 330 291 328 291 327 291
338 7 325 290 327 290 327 291 327 299 326 299 325 299 325 298
339 6 325 287 331 287 331 290 330 290 327 290 325 290
340 7 325 285 333 285 336 285 336 287 334 287 331 287 325 287
341 6 323 298 325 298 325 299 325 358 323 358 323 306
342 5 320 306 323 306 323 358 323 392 320 392
343 4 320 298 323 298 323 306 320 306
344 6 310 471 311 471 314 471 320 471 320 496 310 496
345 9 314 298 316 298 317 298 318 298 320 298 320 306 320 392 320 471 314 471
346 9 318 285 322 285 325 285 325 287 325 290 325 298 323 298 320 298 318 298
347 5 333 278 336 278 336 285 333 285 333 284
348 7 322 284 324 284 329 284 333 284 333 285 325 285 322 285
349 7 329 278 332 278 333 278 333 284 329 284 329 281 329 280
350 4 324 281 329 281 329 284 324 284
351 4 324 280 329 280 329 281 324 281
352 4 324 278 329 278 329 280 324 280
353 7 332 274 335 274 336 274 336 278 333 278 332 278 332 276
354 5 324 276 332 276 332 278 329 278 324 278
355 8 322 276 324 276 324 278 324 280 324 281 324 284 322 284 322 283
356 5 322 274 332 274 332 276 324 276 322 276
357 6 318 283 319 283 322 283 322 284 322 285 318 285
358 5 319 274 322 274 322 276 322 283 319 283
359 8 335 251 340 251 340 274 336 274 335 274 335 254 335 253 335 252
360 6 319 254 335 254 335 274 332 274 322 274 319 274
361 6 318 254 319 254 319 274 319 283 318 283 318 269
362 8 317 269 318 269 318 283 318 285 318 298 317 298 317 272 317 270
363 6 316 272 317 272 317 298 316 298 316 293 316 282
364 4 316 270 317 270 317 272 316 272
365 4 316 269 317 269 317 270 316 270
366 5 314 293 315 293 316 293 316 298 314 298
367 6 311 293 312 293 314 293 314 298 314 471 311 471
368 4 310 293 311 293 311 471 310 471
369 4 315 282 316 282 316 293 315 293
370 5 312 282 315 282 315 293 314 293 312 293
371 5 310 282 312 282 312 293 311 293 310 293
372 9 308 282 309 282 310 282 310 293 310 471 310 496 308 496 308 337 308 310
373 4 307 337 308 337 308 496 307 496
374 4 306 337 307 337 307 496 306 496
375 4 305 337 306 337 306 496 305 496
376 5 304 337 305 337 305 496 304 496 304 383
377 7 304 310 308 310 308 337 307 337 306 337 305 337 304 337
378 5 297 383 299 383 304 383 304 496 297 496
379 6 299 310 304 310 304 337 304 383 299 383 299 354
380 4 297 354 299 354 299 383 297 383
381 6 294 354 295 354 297 354 297 383 297 496 294 496
382 5 295 310 299 310 299 354 297 354 295 354
383 8 295 282 296 282 301 282 308 282 308 310 304 310 299 310 295 310
384 10 309 269 316 269 316 270 316 272 316 282 315 282 312 282 310 282 309 282 309 273
385 9 309 254 318 254 318 269 317 269 316 269 309 269 309 266 309 264 309 263
386 5 301 273 309 273 309 282 308 282 301 282
387 6 301 266 309 266 309 269 309 273 301 273 301 268
388 7 296 268 298 268 301 268 301 273 301 282 296 282 296 279
389 4 298 266 301 266 301 268 298 268
390 5 298 264 309 264 309 266 301 266 298 266
391 5 298 263 302 263 309 263 309 264 298 264
392 7 302 254 303 254 309 254 309 263 302 263 302 256 302 255
393 7 303 253 335 253 335 254 319 254 318 254 309 254 303 254
394 4 302 253 303 253 303 254 302 254
395 5 298 256 302 256 302 263 298 263 298 257
396 8 296 257 298 257 298 263 298 264 298 266 298 268 296 268 296 265
397 4 295 279 296 279 296 282 295 282
398 6 294 279 295 279 295 282 295 310 295 354 294 354
399 6 286 279 287 279 294 279 294 354 294 496 286 496
400 10 287 265 289 265 291 265 293 265 296 265 296 268 296 279 295 279 294 279 287 279
401 4 293 257 296 257 296 265 293 265
402 5 291 257 293 257 293 265 291 265 291 262
403 6 291 256 298 256 298 257 296 257 293 257 291 257
404 5 289 262 290 262 291 262 291 265 289 265
405 5 290 256 291 256 291 257 291 262 290 262
406 7 290 255 292 255 302 255 302 256 298 256 291 256 290 256
407 6 289 255 290 255 290 256 290 262 289 262 289 258
408 5 292 253 302 253 302 254 302 255 292 255
409 6 292 252 335 252 335 253 303 253 302 253 292 253
410 6 289 252 292 252 292 253 292 255 290 255 289 255
411 5 287 258 289 258 289 262 289 265 287 265
412 5 286 258 287 258 287 265 287 279 286 279
413 5 284 258 286 258 286 279 286 496 284 496
414 8 279 258 280 258 281 258 282 258 283 258 284 258 284 496 279 496
415 9 283 252 285 252 289 252 289 255 289 258 287 258 286 258 284 258 283 258
416 7 285 251 288 251 335 251 335 252 292 252 289 252 285 252
417 7 288 249 313 249 321 249 340 249 340 251 335 251 288 251
418 4 285 249 288 249 288 251 285 251
419 5 283 249 285 249 285 251 285 252 283 252
420 5 321 246 340 246 340 249 321 249 321 248
421 5 321 244 340 244 340 246 321 246 321 245
422 4 313 248 321 248 321 249 313 249
423 6 283 248 313 248 313 249 288 249 285 249 283 249
424 6 282 248 283 248 283 249 283 252 283 258 282 258
425 4 281 248 282 248 282 258 281 258
426 8 281 245 321 245 321 246 321 248 313 248 283 248 282 248 281 248
427 5 280 245 281 245 281 248 281 258 280 258
428 5 280 244 321 244 321 245 281 245 280 245
429 5 279 244 280 244 280 245 280 258 279 258
430 6 279 235 340 235 340 244 321 244 280 244 279 244
431 6 278 235 279 235 279 244 279 258 279 496 278 496
432 7 278 225 340 225 340 235 279 235 278 235 278 233 278 227
433 5 277 233 278 233 278 235 278 496 277 496
434 4 276 233 277 233 277 496 276 496
435 6 275 233 276 233 276 496 275 496 275 239 275 234
436 4 274 239 275 239 275 496 274 496
437 4 273 239 274 239 274 496 273 496
438 8 272 239 273 239 273 496 272 496 272 361 272 275 272 267 272 247
439 4 269 361 272 361 272 496 269 496
440 5 269 275 271 275 272 275 272 361 269 361
441 4 271 267 272 267 272 275 271 275
442 5 271 247 272 247 272 267 271 267 271 259
443 5 271 239 272 239 272 247 271 247 271 240
444 6 269 259 270 259 271 259 271 267 271 275 269 275
445 7 267 259 268 259 269 259 269 275 269 361 269 496 267 496
446 6 270 240 271 240 271 247 271 259 270 259 270 242
447 5 268 242 270 242 270 259 269 259 268 259
448 4 267 242 268 242 268 259 267 259
449 7 266 242 267 242 267 259 267 496 266 496 266 286 266 271
450 6 266 240 270 240 270 242 268 242 267 242 266 242
451 5 265 286 266 286 266 496 265 496 265 345
452 5 263 345 264 345 265 345 265 496 263 496
453 4 261 345 263 345 263 496 261 496
454 5 257 345 261 345 261 496 257 496 257 413
455 5 264 286 265 286 265 345 264 345 264 317
456 5 264 271 266 271 266 286 265 286 264 286
457 5 264 240 266 240 266 242 266 271 264 271
458 7 257 317 258 317 264 317 264 345 263 345 261 345 257 345
459 8 258 240 260 240 262 240 264 240 264 271 264 286 264 317 258 317
460 7 262 239 271 239 271 240 270 240 266 240 264 240 262 240
461 8 262 234 275 234 275 239 274 239 273 239 272 239 271 239 262 239
462 4 262 233 275 233 275 234 262 234
463 11 262 227 278 227 278 233 277 233 276 233 275 233 262 233 262 231 262 230 262 229 262 228
464 7 260 231 262 231 262 233 262 234 262 239 262 240 260 240
465 6 258 231 260 231 260 240 258 240 258 237 258 232
466 5 258 230 262 230 262 231 260 231 258 231
467 5 257 237 258 237 258 240 258 317 257 317
468 4 255 413 257 413 257 496 255 496
469 8 255 237 256 237 257 237 257 317 257 345 257 413 255 413 255 243
470 7 254 243 255 243 255 413 255 496 254 496 254 491 254 323
471 4 248 491 254 491 254 496 248 496
472 5 238 491 243 491 248 491 248 496 238 496
473 7 243 323 249 323 251 323 254 323 254 491 248 491 243 491
474 4 251 243 254 243 254 323 251 323
475 5 251 237 255 237 255 243 254 243 251 243
476 5 256 232 258 232 258 237 257 237 256 237
477 5 251 232 256 232 256 237 255 237 251 237
478 6 249 232 251 232 251 237 251 243 251 323 249 323
479 8 249 230 252 230 258 230 258 231 258 232 256 232 251 232 249 232
480 7 243 230 246 230 247 230 249 230 249 232 249 323 243 323
481 5 238 230 243 230 243 323 243 491 238 491
482 6 252 229 253 229 262 229 262 230 258 230 252 230
483 6 247 229 250 229 252 229 252 230 249 230 247 230
484 4 253 228 262 228 262 229 253 229
485 5 250 228 253 228 253 229 252 229 250 229
486 5 250 227 262 227 262 228 253 228 250 228
487 5 247 227 250 227 250 228 250 229 247 229
488 5 246 227 247 227 247 229 247 230 246 230
489 7 246 225 278 225 278 227 262 227 250 227 247 227 246 227
490 6 246 222 340 222 340 225 278 225 246 225 246 223
491 8 238 223 239 223 246 223 246 225 246 227 246 230 243 230 238 230
492 10 229 223 231 223 236 223 237 223 238 223 238 230 238 491 238 496 229 496 229 391
493 6 239 222 241 222 245 222 246 222 246 223 239 223
494 6 245 220 503 220 503 222 340 222 246 222 245 222
495 7 245 211 380 211 503 211 503 220 245 220 245 216 245 213
496 6 380 207 503 207 503 211 380 211 380 210 380 209
497 4 245 210 380 210 380 211 245 211
498 6 241 216 242 216 245 216 245 220 245 222 241 222
499 5 242 213 245 213 245 216 242 216 242 215
500 5 242 210 245 210 245 211 245 213 242 213
501 4 241 215 242 215 242 216 241 216
502 6 239 215 240 215 241 215 241 216 241 222 239 222
503 6 240 210 242 210 242 213 242 215 241 215 240 215
504 6 240 209 380 209 380 210 245 210 242 210 240 210
505 4 240 207 380 207 380 209 240 209
506 7 240 200 503 200 503 207 380 207 240 207 240 204 240 201
507 7 239 204 240 204 240 207 240 209 240 210 240 215 239 215
508 12 237 204 239 204 239 215 239 222 239 223 238 223 237 223 237 221 237 218 237 208 237 206 237 205
509 4 236 221 237 221 237 223 236 223
510 5 231 221 234 221 236 221 236 223 231 223
511 4 229 221 231 221 231 223 229 223
512 6 234 218 235 218 237 218 237 221 236 221 234 221
513 6 229 218 232 218 234 218 234 221 231 221 229 221
514 6 223 391 224 391 227 391 229 391 229 496 223 496
515 6 227 218 229 218 229 221 229 223 229 391 227 391
516 4 235 208 237 208 237 218 235 218
517 4 235 206 237 206 237 208 235 208
518 6 232 206 235 206 235 208 235 218 234 218 232 218
519 5 227 206 232 206 232 218 229 218 227 218
520 6 227 205 237 205 237 206 235 206 232 206 227 206
521 6 224 205 227 205 227 206 227 218 227 391 224 391
522 4 223 205 224 205 224 391 223 391
523 5 222 205 223 205 223 391 223 496 222 496
524 9 222 204 225 204 226 204 237 204 237 205 227 205 224 205 223 205 222 205
525 10 215 204 216 204 221 204 222 204 222 205 222 496 215 496 215 349 215 226 215 212
526 7 226 201 228 201 240 201 240 204 239 204 237 204 226 204
527 4 228 200 240 200 240 201 228 201
528 7 228 195 503 195 503 200 240 200 228 200 228 199 228 198
529 4 228 194 503 194 503 195 228 195
530 5 226 199 228 199 228 200 228 201 226 201
531 5 225 199 226 199 226 201 226 204 225 204
532 6 221 199 225 199 225 204 222 204 221 204 221 202
533 6 221 198 228 198 228 199 226 199 225 199 221 199
534 5 221 194 228 194 228 195 228 198 221 198
535 5 216 202 217 202 221 202 221 204 216 204
536 9 217 194 218 194 219 194 220 194 221 194 221 198 221 199 221 202 217 202
537 6 220 193 503 193 503 194 228 194 221 194 220 194
538 6 220 192 244 192 434 192 503 192 503 193 220 193
539 4 434 191 503 191 503 192 434 192
540 7 434 186 503 186 503 191 434 191 434 190 434 188 434 187
541 5 244 190 434 190 434 191 434 192 244 192
542 4 244 188 434 188 434 190 244 190
543 6 220 188 244 188 244 190 244 192 220 192 220 189
544 6 219 189 220 189 220 192 220 193 220 194 219 194
545 4 219 188 220 188 220 189 219 189
546 7 219 187 300 187 434 187 434 188 244 188 220 188 219 188
547 6 218 187 219 187 219 188 219 189 219 194 218 194
548 6 300 186 376 186 419 186 434 186 434 187 300 187
549 6 419 185 481 185 503 185 503 186 434 186 419 186
550 4 376 185 419 185 419 186 376 186
551 5 481 182 503 182 503 185 481 185 481 184
552 4 481 180 503 180 503 182 481 182
553 4 481 178 503 178 503 180 481 180
554 4 481 177 503 177 503 178 481 178
555 5 376 184 481 184 481 185 419 185 376 185
556 7 376 177 481 177 481 178 481 180 481 182 481 184 376 184
557 6 300 177 376 177 376 184 376 185 376 186 300 186
558 6 300 176 503 176 503 177 481 177 376 177 300 177
559 4 300 175 503 175 503 176 300 176
560 8 218 175 300 175 300 176 300 177 300 186 300 187 219 187 218 187
561 5 218 168 503 168 503 175 300 175 218 175
562 6 217 168 218 168 218 175 218 187 218 194 217 194
563 5 216 168 217 168 217 194 217 202 216 202
564 7 216 159 503 159 503 168 218 168 217 168 216 168 216 160
565 6 215 160 216 160 216 168 216 202 216 204 215 204
566 6 214 349 215 349 215 496 214 496 214 357 214 351
567 4 213 357 214 357 214 496 213 496
568 4 213 351 214 351 214 357 213 357
569 5 210 351 213 351 213 357 213 496 210 496
570 4 209 351 210 351 210 496 209 496
571 6 205 351 206 351 207 351 209 351 209 496 205 496
572 7 207 349 214 349 214 351 213 351 210 351 209 351 207 351
573 4 206 349 207 349 207 351 206 351
574 6 206 226 215 226 215 349 214 349 207 349 206 349
575 4 206 212 215 212 215 226 206 226
576 6 205 212 206 212 206 226 206 349 206 351 205 351
577 10 205 160 211 160 212 160 215 160 215 204 215 212 206 212 205 212 205 170 205 161
578 7 204 170 205 170 205 212 205 351 205 496 204 496 204 171
579 4 203 171 204 171 204 496 203 496
580 6 202 171 203 171 203 496 202 496 202 238 202 183
581 4 201 238 202 238 202 496 201 496
582 5 200 238 201 238 201 496 200 496 200 241
583 4 197 241 200 241 200 496 197 496
584 4 196 241 197 241 197 496 196 496
585 5 194 241 196 241 196 496 194 496 194 296
586 9 176 296 180 296 186 296 191 296 192 296 194 296 194 496 176 496 176 334
587 4 192 241 194 241 194 296 192 296
588 8 192 238 198 238 200 238 200 241 197 241 196 241 194 241 192 241
589 8 198 183 199 183 202 183 202 238 201 238 200 238 198 238 198 203
590 4 192 203 198 203 198 238 192 238
591 6 191 203 192 203 192 238 192 241 192 296 191 296
592 6 191 183 193 183 198 183 198 203 192 203 191 203
593 8 186 183 188 183 189 183 190 183 191 183 191 203 191 296 186 296
594 4 199 171 202 171 202 183 199 183
595 5 193 171 199 171 199 183 198 183 193 183
596 7 193 170 204 170 204 171 203 171 202 171 199 171 193 171
597 6 193 161 205 161 205 170 204 170 193 170 193 162
598 11 190 162 193 162 193 170 193 171 193 183 191 183 190 183 190 169 190 167 190 165 190 163
599 5 189 169 190 169 190 183 189 183 189 179
600 4 189 167 190 167 190 169 189 169
601 4 188 179 189 179 189 183 188 183
602 4 186 179 188 179 188 183 186 183
603 10 180 179 181 179 182 179 183 179 185 179 186 179 186 183 186 296 180 296 180 250
604 8 185 167 189 167 189 169 189 179 188 179 186 179 185 179 185 174
605 5 185 165 190 165 190 167 189 167 185 167
606 4 185 163 190 163 190 165 185 165
607 5 183 174 184 174 185 174 185 179 183 179
608 8 184 163 185 163 185 165 185 167 185 174 184 174 184 173 184 164
609 4 183 173 184 173 184 174 183 174
610 5 182 173 183 173 183 174 183 179 182 179
611 5 182 164 184 164 184 173 183 173 182 173
612 4 182 163 184 163 184 164 182 164
613 6 181 163 182 163 182 164 182 173 182 179 181 179
614 7 181 162 190 162 190 163 185 163 184 163 182 163 181 163
615 5 181 161 193 161 193 162 190 162 181 162
616 7 180 161 181 161 181 162 181 163 181 179 180 179 180 166
617 5 176 250 178 250 180 250 180 296 176 296
618 4 175 334 176 334 176 496 175 496
619 7 146 334 163 334 164 334 167 334 175 334 175 496 146 496
620 11 167 250 168 250 169 250 170 250 171 250 172 250 176 250 176 296 176 334 175 334 167 334
621 6 178 166 180 166 180 179 180 250 178 250 178 172
622 7 172 172 173 172 178 172 178 250 176 250 172 250 172 197
623 4 173 166 178 166 178 172 173 172
624 5 173 161 180 161 180 166 178 166 173 166
625 8 173 160 177 160 205 160 205 161 193 161 181 161 180 161 173 161
626 6 172 160 173 160 173 161 173 166 173 172 172 172
627 5 212 159 216 159 216 160 215 160 212 160
628 9 212 150 230 150 503 150 503 159 216 159 212 159 212 157 212 156 212 151
629 6 211 157 212 157 212 159 212 160 211 160 211 158
630 7 177 158 179 158 187 158 211 158 211 160 205 160 177 160
631 5 172 158 177 158 177 160 173 160 172 160
632 4 187 157 211 157 211 158 187 158
633 4 179 157 187 157 187 158 179 158
634 6 179 156 212 156 212 157 211 157 187 157 179 157
635 5 179 151 212 151 212 156 179 156 179 154
636 4 179 150 212 150 212 151 179 151
637 8 172 154 174 154 179 154 179 156 179 157 179 158 177 158 172 158
638 4 171 197 172 197 172 250 171 250
639 7 171 154 172 154 172 158 172 160 172 172 172 197 171 197
640 5 170 154 171 154 171 197 171 250 170 250
641 5 174 150 179 150 179 151 179 154 174 154
642 4 230 149 503 149 503 150 230 150
643 6 174 149 230 149 230 150 212 150 179 150 174 150
644 7 170 149 174 149 174 150 174 154 172 154 171 154 170 154
645 7 170 148 422 148 503 148 503 149 230 149 174 149 170 149
646 6 169 148 170 148 170 149 170 154 170 250 169 250
647 6 422 144 503 144 503 148 422 148 422 147 422 145
648 6 169 147 208 147 422 147 422 148 170 148 169 148
649 5 208 145 422 145 422 147 208 147 208 146
650 4 169 146 208 146 208 147 169 147
651 7 168 146 169 146 169 147 169 148 169 250 168 250 168 155
652 5 168 145 208 145 208 146 169 146 168 146
653 5 168 144 422 144 422 145 208 145 168 145
654 5 168 143 503 143 503 144 422 144 168 144
655 6 167 155 168 155 168 250 167 250 167 236 167 224
656 6 164 236 166 236 167 236 167 250 167 334 164 334
657 4 166 224 167 224 167 236 166 236
658 4 164 224 166 224 166 236 164 236
659 5 163 224 164 224 164 236 164 334 163 334
660 7 163 155 165 155 167 155 167 224 166 224 164 224 163 224
661 10 146 155 147 155 155 155 156 155 157 155 162 155 163 155 163 224 163 334 146 334
662 8 165 143 168 143 168 144 168 145 168 146 168 155 167 155 165 155
663 5 165 142 503 142 503 143 168 143 165 143
664 4 165 141 503 141 503 142 165 142
665 5 165 140 424 140 503 140 503 141 165 141
666 9 162 140 165 140 165 141 165 142 165 143 165 155 163 155 162 155 162 153
667 4 424 139 503 139 503 140 424 140
668 5 162 139 424 139 424 140 165 140 162 140
669 6 162 138 425 138 503 138 503 139 424 139 162 139
670 5 157 153 158 153 162 153 162 155 157 155
671 8 158 138 160 138 161 138 162 138 162 139 162 140 162 153 158 153
672 4 425 137 503 137 503 138 425 138
673 5 425 136 470 136 503 136 503 137 425 137
674 4 470 135 503 135 503 136 470 136
675 4 425 135 470 135 470 136 425 136
676 9 425 116 503 116 503 135 470 135 425 135 425 133 425 132 425 131 425 125
677 8 161 133 425 133 425 135 425 136 425 137 425 138 162 138 161 138
678 5 160 133 161 133 161 138 160 138 160 134
679 5 160 132 425 132 425 133 161 133 160 133
680 4 160 131 425 131 425 132 160 132
681 5 160 125 195 125 425 125 425 131 160 131
682 5 158 134 159 134 160 134 160 138 158 138
683 7 159 125 160 125 160 131 160 132 160 133 160 134 159 134
684 4 158 125 159 125 159 134 158 134
685 6 195 116 425 116 425 125 195 125 195 124 195 117
686 6 158 124 195 124 195 125 160 125 159 125 158 125
687 10 157 124 158 124 158 125 158 134 158 138 158 153 157 153 157 130 157 129 157 128
688 9 157 117 195 117 195 124 158 124 157 124 157 122 157 121 157 119 157 118
689 5 156 130 157 130 157 153 157 155 156 155
690 4 155 130 156 130 156 155 155 155
691 6 147 130 149 130 150 130 155 130 155 155 147 155
692 6 150 129 157 129 157 130 156 130 155 130 150 130
693 7 150 128 152 128 153 128 154 128 157 128 157 129 150 129
694 5 154 122 157 122 157 124 157 128 154 128
695 4 154 121 157 121 157 122 154 122
696 5 154 119 157 119 157 121 154 121 154 120
697 4 154 118 157 118 157 119 154 119
698 4 154 117 157 117 157 118 154 118
699 6 153 120 154 120 154 121 154 122 154 128 153 128
700 4 152 120 153 120 153 128 152 128
701 7 152 117 154 117 154 118 154 119 154 120 153 120 152 120
702 6 152 116 195 116 195 117 157 117 154 117 152 117
703 6 152 114 503 114 503 116 425 116 195 116 152 116
704 4 152 111 503 111 503 114 152 114
705 8 150 111 152 111 152 114 152 116 152 117 152 120 152 128 150 128
706 5 150 110 503 110 503 111 152 111 150 111
707 8 149 110 150 110 150 111 150 128 150 129 150 130 149 130 149 112
708 6 149 107 259 107 503 107 503 110 150 110 149 110
709 5 259 90 503 90 503 107 259 107 259 93
710 8 149 93 259 93 259 107 149 107 149 101 149 100 149 96 149 95
711 5 147 112 149 112 149 130 147 130 147 123
712 7 147 101 148 101 149 101 149 107 149 110 149 112 147 112
713 5 146 123 147 123 147 130 147 155 146 155
714 7 143 123 145 123 146 123 146 155 146 334 146 496 143 496
715 6 136 123 137 123 138 123 143 123 143 496 136 496
716 9 145 101 147 101 147 112 147 123 146 123 145 123 145 106 145 104 145 102
717 7 138 106 139 106 145 106 145 123 143 123 138 123 138 113
718 4 139 104 145 104 145 106 139 106
719 5 139 102 140 102 145 102 145 104 139 104
720 4 140 101 145 101 145 102 140 102
721 4 148 100 149 100 149 101 148 101
722 7 140 100 144 100 148 100 148 101 147 101 145 101 140 101
723 6 144 96 149 96 149 100 148 100 144 100 144 97
724 4 140 97 144 97 144 100 140 100
725 4 140 96 144 96 144 97 140 97
726 7 139 96 140 96 140 97 140 100 140 101 140 102 139 102
727 7 138 96 139 96 139 102 139 104 139 106 138 106 138 105
728 7 138 95 149 95 149 96 144 96 140 96 139 96 138 96
729 4 137 113 138 113 138 123 137 123
730 4 136 113 137 113 137 123 136 123
731 6 136 105 138 105 138 106 138 113 137 113 136 113
732 7 134 105 135 105 136 105 136 113 136 123 136 496 134 496
733 6 123 105 124 105 125 105 134 105 134 496 123 496
734 8 135 95 138 95 138 96 138 105 136 105 135 105 135 103 135 98
735 5 125 103 135 103 135 105 134 105 125 105
736 6 125 98 127 98 128 98 135 98 135 103 125 103
737 4 128 95 135 95 135 98 128 98
738 7 128 93 129 93 149 93 149 95 138 95 135 95 128 95
739 6 129 90 131 90 259 90 259 93 149 93 129 93
740 9 131 87 132 87 133 87 503 87 503 90 259 90 131 90 131 89 131 88
741 5 133 86 141 86 503 86 503 87 133 87
742 6 141 83 503 83 503 86 141 86 141 85 141 84
743 6 141 82 151 82 487 82 503 82 503 83 141 83
744 4 487 75 503 75 503 82 487 82
745 9 151 75 428 75 487 75 487 82 151 82 151 81 151 80 151 79 151 78
746 7 428 61 503 61 503 75 487 75 428 75 428 74 428 62
747 4 151 74 428 74 428 75 151 75
748 4 141 81 151 81 151 82 141 82
749 4 141 80 151 80 151 81 141 81
750 4 133 85 141 85 141 86 133 86
751 5 132 85 133 85 133 86 133 87 132 87
752 4 131 85 132 85 132 87 131 87
753 4 129 89 131 89 131 90 129 90
754 5 128 89 129 89 129 90 129 93 128 93
755 6 127 89 128 89 128 93 128 95 128 98 127 98
756 5 125 89 127 89 127 98 125 98 125 92
757 6 124 92 125 92 125 98 125 103 125 105 124 105
758 4 124 89 125 89 125 92 124 92
759 9 124 88 126 88 131 88 131 89 129 89 128 89 127 89 125 89 124 89
760 5 126 85 131 85 131 87 131 88 126 88
761 7 126 84 141 84 141 85 133 85 132 85 131 85 126 85
762 5 124 84 126 84 126 85 126 88 124 88
763 7 123 84 124 84 124 88 124 89 124 92 124 105 123 105
764 9 123 80 141 80 141 81 141 82 141 83 141 84 126 84 124 84 123 84
765 7 122 80 123 80 123 84 123 105 123 496 122 496 122 329
766 6 119 329 120 329 121 329 122 329 122 496 119 496
767 5 121 80 122 80 122 329 121 329 121 322
768 8 121 79 130 79 151 79 151 80 141 80 123 80 122 80 121 80
769 4 120 322 121 322 121 329 120 329
770 5 120 79 121 79 121 80 121 322 120 322
771 5 119 79 120 79 120 322 120 329 119 329
772 5 130 78 142 78 151 78 151 79 130 79
773 6 142 74 151 74 151 75 151 78 142 78 142 76
774 6 142 62 233 62 428 62 428 74 151 74 142 74
775 4 130 76 142 76 142 78 130 78
776 7 119 76 130 76 130 78 130 79 121 79 120 79 119 79
777 7 118 76 119 76 119 79 119 329 119 496 118 496 118 390
778 8 118 62 142 62 142 74 142 76 130 76 119 76 118 76 118 69
779 4 117 390 118 390 118 496 117 496
780 4 116 390 117 390 117 496 116 496
781 7 110 390 112 390 113 390 115 390 116 390 116 496 110 496
782 7 99 390 100 390 103 390 108 390 110 390 110 496 99 496
783 9 115 69 118 69 118 76 118 390 117 390 116 390 115 390 115 384 115 71
784 5 113 384 114 384 115 384 115 390 113 390
785 5 114 71 115 71 115 384 114 384 114 72
786 6 113 72 114 72 114 384 113 384 113 335 113 73
787 5 112 335 113 335 113 384 113 390 112 390
788 4 112 73 113 73 113 335 112 335
789 9 108 73 111 73 112 73 112 335 112 390 110 390 108 390 108 277 108 94
790 5 103 277 108 277 108 390 103 390 103 371
791 7 103 94 104 94 108 94 108 277 103 277 103 152 103 108
792 5 104 73 107 73 108 73 108 94 104 94
793 5 111 72 113 72 113 73 112 73 111 73
794 5 107 72 111 72 111 73 108 73 107 73
795 7 107 71 109 71 114 71 114 72 113 72 111 72 107 72
796 5 109 69 115 69 115 71 114 71 109 71
797 6 109 62 118 62 118 69 115 69 109 69 109 65
798 4 233 61 428 61 428 62 233 62
799 5 233 59 503 59 503 61 428 61 233 61
800 7 109 59 233 59 233 61 233 62 142 62 118 62 109 62
801 11 109 43 503 43 503 59 233 59 109 59 109 54 109 53 109 51 109 50 109 47 109 44
802 5 107 65 109 65 109 69 109 71 107 71
803 8 104 65 105 65 106 65 107 65 107 71 107 72 107 73 104 73
804 6 103 65 104 65 104 73 104 94 103 94 103 70
805 7 106 54 109 54 109 59 109 62 109 65 107 65 106 65
806 8 105 54 106 54 106 65 105 65 105 60 105 57 105 56 105 55
807 6 103 60 105 60 105 65 104 65 103 65 103 63
808 5 100 371 101 371 103 371 103 390 100 390
809 5 101 152 103 152 103 277 103 371 101 371
810 4 100 152 101 152 101 371 100 371
811 5 100 108 103 108 103 152 101 152 100 152
812 8 99 108 100 108 100 152 100 371 100 390 99 390 99 260 99 109
813 7 99 70 102 70 103 70 103 94 103 108 100 108 99 108
814 5 98 260 99 260 99 390 99 496 98 496
815 5 98 109 99 109 99 260 98 260 98 115
816 5 95 115 98 115 98 260 98 496 95 496
817 4 93 115 95 115 95 496 93 496
818 5 93 109 98 109 98 115 95 115 93 115
819 8 76 109 78 109 79 109 81 109 93 109 93 115 93 496 76 496
820 9 81 70 82 70 96 70 99 70 99 108 99 109 98 109 93 109 81 109
821 7 102 63 103 63 103 65 103 70 102 70 102 67 102 66
822 4 102 60 103 60 103 63 102 63
823 5 102 57 105 57 105 60 103 60 102 60
824 4 102 56 105 56 105 57 102 57
825 5 96 67 102 67 102 70 99 70 96 70
826 4 96 66 102 66 102 67 96 67
827 8 82 66 85 66 87 66 89 66 96 66 96 67 96 70 82 70
828 8 89 56 102 56 102 57 102 60 102 63 102 66 96 66 89 66
829 9 89 55 90 55 91 55 92 55 94 55 105 55 105 56 102 56 89 56
830 4 94 54 105 54 105 55 94 55
831 7 94 53 97 53 109 53 109 54 106 54 105 54 94 54
832 4 97 51 109 51 109 53 97 53
833 4 94 51 97 51 97 53 94 53
834 6 92 51 94 51 94 53 94 54 94 55 92 55
835 6 92 50 109 50 109 51 97 51 94 51 92 51
836 5 92 47 109 47 109 50 92 50 92 48
837 4 92 44 109 44 109 47 92 47
838 6 91 48 92 48 92 50 92 51 92 55 91 55
839 4 90 48 91 48 91 55 90 55
840 6 90 44 92 44 92 47 92 48 91 48 90 48
841 5 90 43 109 43 109 44 92 44 90 44
842 5 90 34 503 34 503 43 109 43 90 43
843 11 89 34 90 34 90 43 90 44 90 48 90 55 89 55 89 40 89 38 89 37 89 35
844 8 87 40 88 40 89 40 89 55 89 56 89 66 87 66 87 41
845 5 85 41 87 41 87 66 85 66 85 42
846 6 82 42 83 42 85 42 85 66 82 66 82 64
847 5 83 41 84 41 85 41 85 42 83 42
848 5 84 40 87 40 87 41 85 41 84 41
849 4 88 38 89 38 89 40 88 40
850 5 84 38 88 38 88 40 87 40 84 40
851 6 84 37 86 37 89 37 89 38 88 38 84 38
852 5 86 35 89 35 89 37 86 37 86 36
853 4 86 34 89 34 89 35 86 35
854 6 86 28 503 28 503 34 90 34 89 34 86 34
855 4 84 36 86 36 86 37 84 37
856 7 83 36 84 36 84 37 84 38 84 40 84 41 83 41
857 7 83 28 86 28 86 34 86 35 86 36 84 36 83 36
858 5 83 0 503 0 503 28 86 28 83 28
859 16 82 0 83 0 83 28 83 36 83 41 83 42 82 42 82 39 82 31 82 30 82 13 82 6 82 5 82 3 82 2 82 1
860 5 81 64 82 64 82 66 82 70 81 70
861 5 79 64 81 64 81 70 81 109 79 109
862 5 78 64 79 64 79 109 78 109 78 99
863 8 78 39 80 39 82 39 82 42 82 64 81 64 79 64 78 64
864 4 80 31 82 31 82 39 80 39
865 4 80 30 82 30 82 31 80 31
866 4 80 13 82 13 82 30 80 30
867 8 78 13 80 13 80 30 80 31 80 39 78 39 78 26 78 14
868 4 76 99 78 99 78 109 76 109
869 6 74 99 75 99 76 99 76 109 76 496 74 496
870 4 73 99 74 99 74 496 73 496
871 9 75 26 77 26 78 26 78 39 78 64 78 99 76 99 75 99 75 27
872 5 73 27 75 27 75 99 74 99 73 99
873 4 73 26 75 26 75 27 73 27
874 7 72 26 73 26 73 27 73 99 73 496 72 496 72 443
875 5 70 443 71 443 72 443 72 496 70 496
876 7 71 26 72 26 72 443 71 443 71 303 71 219 71 46
877 5 77 14 78 14 78 26 77 26 77 17
878 7 71 17 77 17 77 26 75 26 73 26 72 26 71 26
879 4 70 303 71 303 71 443 70 443
880 5 69 303 70 303 70 443 70 496 69 496
881 4 68 303 69 303 69 496 68 496
882 6 68 219 71 219 71 303 70 303 69 303 68 303
883 5 67 219 68 219 68 303 68 496 67 496
884 5 67 46 71 46 71 219 68 219 67 219
885 5 66 46 67 46 67 219 67 496 66 496
886 5 64 46 65 46 66 46 66 496 64 496
887 5 63 46 64 46 64 496 63 496 63 181
888 7 65 17 71 17 71 26 71 46 67 46 66 46 65 46
889 7 63 17 65 17 65 46 64 46 63 46 63 19 63 18
890 4 62 181 63 181 63 496 62 496
891 6 62 19 63 19 63 46 63 181 62 181 62 22
892 8 61 22 62 22 62 181 62 496 61 496 61 29 61 25 61 24
893 4 60 29 61 29 61 496 60 496
894 4 59 29 60 29 60 496 59 496
895 4 58 29 59 29 59 496 58 496
896 5 57 29 58 29 58 496 57 496 57 32
897 4 56 32 57 32 57 496 56 496
898 5 55 32 56 32 56 496 55 496 55 58
899 5 54 58 55 58 55 496 54 496 54 328
900 6 41 328 43 328 44 328 54 328 54 496 41 496
901 7 44 58 45 58 46 58 53 58 54 58 54 328 44 328
902 6 53 32 55 32 55 58 54 58 53 58 53 49
903 6 46 49 47 49 50 49 53 49 53 58 46 58
904 4 50 32 53 32 53 49 50 49
905 7 50 29 57 29 57 32 56 32 55 32 53 32 50 32
906 8 50 25 61 25 61 29 60 29 59 29 58 29 57 29 50 29
907 5 50 24 51 24 61 24 61 25 50 25
908 8 47 24 50 24 50 25 50 29 50 32 50 49 47 49 47 33
909 5 51 22 61 22 61 24 51 24 51 23
910 5 47 23 51 23 51 24 50 24 47 24
911 5 47 22 49 22 51 22 51 23 47 23
912 6 49 19 62 19 62 22 61 22 51 22 49 22
913 6 49 18 52 18 63 18 63 19 62 19 49 19
914 6 47 18 48 18 49 18 49 19 49 22 47 22
915 4 46 33 47 33 47 49 46 49
916 5 45 33 46 33 46 49 46 58 45 58
917 4 44 33 45 33 45 58 44 58
918 6 43 33 44 33 44 58 44 328 43 328 43 126
919 10 43 18 47 18 47 22 47 23 47 24 47 33 46 33 45 33 44 33 43 33
920 4 52 17 63 17 63 18 52 18
921 7 52 14 77 14 77 17 71 17 65 17 63 17 52 17
922 6 48 14 52 14 52 17 52 18 49 18 48 18
923 6 48 13 78 13 78 14 77 14 52 14 48 14
924 8 48 6 82 6 82 13 80 13 78 13 48 13 48 9 48 7
925 7 43 9 48 9 48 13 48 14 48 18 47 18 43 18
926 4 41 126 43 126 43 328 41 328
927 8 41 9 43 9 43 18 43 33 43 126 41 126 41 11 41 10
928 7 40 11 41 11 41 126 41 328 41 496 40 496 40 12
929 5 39 12 40 12 40 496 39 496 39 196
930 5 38 196 39 196 39 496 38 496 38 217
931 5 37 217 38 217 38 496 37 496 37 396
932 4 36 396 37 396 37 496 36 496
933 4 34 396 36 396 36 496 34 496
934 5 34 217 37 217 37 396 36 396 34 396
935 5 33 217 34 217 34 396 34 496 33 496
936 5 31 217 32 217 33 217 33 496 31 496
937 8 32 196 35 196 38 196 38 217 37 217 34 217 33 217 32 217
938 6 35 12 39 12 39 196 38 196 35 196 35 127
939 4 32 127 35 127 35 196 32 196
940 6 32 12 35 12 35 127 32 127 32 16 32 15
941 6 31 16 32 16 32 127 32 196 32 217 31 217
942 7 28 16 29 16 30 16 31 16 31 217 31 496 28 496
943 4 27 16 28 16 28 496 27 496
944 5 30 15 32 15 32 16 31 16 30 16
945 4 30 12 32 12 32 15 30 15
946 7 30 11 40 11 40 12 39 12 35 12 32 12 30 12
947 6 29 11 30 11 30 12 30 15 30 16 29 16
948 6 29 10 41 10 41 11 40 11 30 11 29 11
949 6 27 10 29 10 29 11 29 16 28 16 27 16
950 7 26 10 27 10 27 16 27 496 26 496 26 45 26 20
951 6 26 9 41 9 41 10 29 10 27 10 26 10
952 5 25 45 26 45 26 496 25 496 25 330
953 6 23 330 24 330 25 330 25 496 23 496 23 362
954 6 24 45 25 45 25 330 24 330 24 68 24 52
955 4 23 68 24 68 24 330 23 330
956 4 23 52 24 52 24 68 23 68
957 5 21 362 22 362 23 362 23 496 21 496
958 5 19 362 20 362 21 362 21 496 19 496
959 6 22 52 23 52 23 68 23 330 23 362 22 362
960 6 20 52 22 52 22 362 21 362 20 362 20 343
961 6 20 45 24 45 24 52 23 52 22 52 20 52
962 6 20 20 26 20 26 45 25 45 24 45 20 45
963 4 19 343 20 343 20 362 19 362
964 5 18 343 19 343 19 362 19 496 18 496
965 4 15 343 18 343 18 496 15 496
966 4 14 343 15 343 15 496 14 496
967 5 12 343 13 343 14 343 14 496 12 496
968 12 13 20 16 20 20 20 20 45 20 52 20 343 19 343 18 343 15 343 14 343 13 343 13 21
969 7 16 9 17 9 26 9 26 10 26 20 20 20 16 20
970 8 17 7 48 7 48 9 43 9 41 9 26 9 17 9 17 8
971 4 16 8 17 8 17 9 16 9
972 5 13 8 16 8 16 9 16 20 13 20
973 5 12 21 13 21 13 343 12 343 12 91
974 5 11 91 12 91 12 343 12 496 11 496
975 7 10 91 11 91 11 496 10 496 10 294 10 261 10 214
976 5 10 21 12 21 12 91 11 91 10 91
977 4 5 294 10 294 10 496 5 496
978 7 5 261 6 261 7 261 8 261 10 261 10 294 5 294
979 5 8 214 9 214 10 214 10 261 8 261
980 5 9 21 10 21 10 91 10 214 9 214
981 4 8 21 9 21 9 214 8 214
982 8 8 8 13 8 13 20 13 21 12 21 10 21 9 21 8 21
983 6 8 7 17 7 17 8 16 8 13 8 8 8
984 7 7 7 8 7 8 8 8 21 8 214 8 261 7 261
985 6 7 6 48 6 48 7 17 7 8 7 7 7
986 6 6 6 7 6 7 7 7 261 6 261 6 77
987 6 6 5 82 5 82 6 48 6 7 6 6 6
988 4 5 77 6 77 6 261 5 261
989 6 3 77 5 77 5 261 5 294 5 496 3 496
990 5 1 77 2 77 3 77 3 496 1 496
991 8 2 5 4 5 6 5 6 6 6 77 5 77 3 77 2 77
992 7 4 3 42 3 82 3 82 5 6 5 4 5 4 4
993 4 2 4 4 4 4 5 2 5
994 4 2 3 4 3 4 4 2 4
995 6 1 3 2 3 2 4 2 5 2 77 1 77
996 5 0 3 1 3 1 77 1 496 0 496
997 4 42 2 82 2 82 3 42 3
998 7 0 2 42 2 42 3 4 3 2 3 1 3 0 3
999 5 0 1 82 1 82 2 42 2 0 2
1000 4 0 0 82 0 82 1 0 1
1000
1 130 522 0 523 0 523 478 522 478 522 477 522 476 522 475 522 473 522 471 522 467 522 466 522 465 522 464 522 459 522 456 522 455 522 452 522 451 522 436 522 433 522 431 522 427 522 425 522 424 522 421 522 420 522 419 522 374 522 355 522 352 522 346 522 345 522 342 522 341 522 340 522 339 522 338 522 335 522 334 522 333 522 332 522 331 522 326 522 324 522 321 522 312 522 311 522 309 522 308 522 289 522 286 522 283 522 282 522 281 522 275 522 274 522 272 522 270 522 269 522 267 522 266 522 262 522 261 522 260 522 259 522 255 522 237 522 228 522 227 522 226 522 222 522 213 522 212 522 211 522 172 522 170 522 168 522 165 522 163 522 157 522 155 522 153 522 152 522 151 522 150 522 145 522 144 522 143 522 142 522 137 522 136 522 127 522 126 522 124 522 123 522 117 522 116 522 114 522 101 522 100 522 99 522 98 522 96 522 95 522 92 522 88 522 69 522 68 522 67 522 66 522 62 522 61 522 60 522 59 522 51 522 50 522 38 522 37 522 24 522 13 522 12 522 11 522 10 522 9 522 8 522 6 522 4 522 3 522 2 522 1
2 4 517 477 522 477 522 478 517 478
3 144 0 477 20 477 21 477 22 477 23 477 24 477 25 477 29 477 31 477 33 477 53 477 55 477 58 477 59 477 60 477 61 477 62 477 63 477 64 477 65 477 70 477 78 477 79 477 81 477 82 477 83 477 84 477 86 477 88 477 90 477 93 477 96 477 97 477 98 477 100 477 101 477 103 477 109 477 110 477 111 477 113 477 114 477 118 477 119 477 120 477 122 477 123 477 124 477 125 477 177 477 178 477 180 477 181 477 185 477 188 477 189 477 205 477 206 477 207 477 208 477 209 477 211 477 212 477 213 477 216 477 219 477 220 477 222 477 223 477 224 477 227 477 229 477 230 477 231 477 238 477 239 477 240 477 242 477 243 477 244 477 245 477 246 477 249 477 251 477 265 477 267 477 269 477 270 477 273 477 281 477 285 477 288 477 295 477 297 477 298 477 299 477 300 477 315 477 321 477 323 477 325 477 327 477 345 477 348 477 349 477 350 477 355 477 357 477 374 477 377 477 380 477 390 477 394 477 396 477 399 477 401 477 402 477 403 477 405 477 407 477 410 477 415 477 416 477 417 477 419 477 420 477 423 477 424 477 425 477 431 477 433 477 434 477 437 477 441 477 457 477 496 477 497 477 500 477 501 477 502 477 503 477 517 477 517 478 0 478
4 7 503 476 513 476 515 476 522 476 522 477 517 477 503 477
5 4 515 475 522 475 522 476 515 476
6 4 513 475 515 475 515 476 513 476
7 5 513 473 522 473 522 475 515 475 513 475
8 4 513 471 522 471 522 473 513 473
9 8 503 471 504 471 509 471 513 471 513 473 513 475 513 476 503 476
10 8 509 467 511 467 512 467 516 467 522 467 522 471 513 471 509 471
11 6 516 466 518 466 520 466 522 466 522 467 516 467
12 4 520 465 522 465 522 466 520 466
13 5 518 465 519 465 520 465 520 466 518 466
14 5 519 464 522 464 522 465 520 465 519 465
15 5 519 459 522 459 522 464 519 464 519 460
16 5 518 460 519 460 519 464 519 465 518 465
17 6 516 460 518 460 518 465 518 466 516 466 516 463
18 5 516 459 519 459 519 460 518 460 516 460
19 5 516 456 522 456 522 459 519 459 516 459
20 5 512 463 516 463 516 466 516 467 512 467
21 7 512 456 514 456 516 456 516 459 516 460 516 463 512 463
22 5 514 455 522 455 522 456 516 456 514 456
23 4 514 452 522 452 522 455 514 455
24 4 514 451 522 451 522 452 514 452
25 6 514 436 522 436 522 451 514 451 514 438 514 437
26 12 512 438 514 438 514 451 514 452 514 455 514 456 512 456 512 444 512 442 512 441 512 440 512 439
27 8 511 444 512 444 512 456 512 463 512 467 511 467 511 453 511 445
28 4 509 453 511 453 511 467 509 467
29 6 504 453 509 453 509 467 509 471 504 471 504 457
30 4 503 457 504 457 504 471 503 471
31 6 502 457 503 457 503 471 503 476 503 477 502 477
32 4 501 457 502 457 502 477 501 477
33 6 501 453 504 453 504 457 503 457 502 457 501 457
34 8 501 445 511 445 511 453 509 453 504 453 501 453 501 447 501 446
35 6 500 447 501 447 501 453 501 457 501 477 500 477
36 4 497 447 500 447 500 477 497 477
37 7 496 447 497 447 497 477 496 477 496 472 496 450 496 449
38 10 457 472 469 472 481 472 487 472 488 472 490 472 492 472 496 472 496 477 457 477
39 5 492 450 493 450 496 450 496 472 492 472
40 4 493 449 496 449 496 450 493 450
41 5 493 447 495 447 496 447 496 449 493 449
42 7 495 446 501 446 501 447 500 447 497 447 496 447 495 447
43 4 493 446 495 446 495 447 493 447
44 6 492 446 493 446 493 447 493 449 493 450 492 450
45 6 490 446 492 446 492 450 492 472 490 472 490 454
46 8 490 445 498 445 501 445 501 446 495 446 493 446 492 446 490 446
47 4 488 454 490 454 490 472 488 472
48 5 488 445 490 445 490 446 490 454 488 454
49 5 487 445 488 445 488 454 488 472 487 472
50 6 498 444 508 444 511 444 511 445 501 445 498 445
51 5 508 442 512 442 512 444 511 444 508 444
52 4 498 442 508 442 508 444 498 444
53 6 498 441 510 441 512 441 512 442 508 442 498 442
54 8 487 441 498 441 498 442 498 444 498 445 490 445 488 445 487 445
55 5 481 441 487 441 487 445 487 472 481 472
56 5 469 441 470 441 481 441 481 472 469 472
57 4 510 440 512 440 512 441 510 441
58 11 470 440 471 440 473 440 477 440 479 440 510 440 510 441 498 441 487 441 481 441 470 441
59 6 479 439 484 439 512 439 512 440 510 440 479 440
60 8 484 438 485 438 486 438 489 438 499 438 512 438 512 439 484 439
61 5 499 437 514 437 514 438 512 438 499 438
62 4 489 437 499 437 499 438 489 438
63 5 489 436 514 436 514 437 499 437 489 437
64 5 486 436 489 436 489 437 489 438 486 438
65 6 486 433 522 433 522 436 514 436 489 436 486 436
66 4 486 431 522 431 522 433 486 433
67 6 485 431 486 431 486 433 486 436 486 438 485 438
68 5 485 427 522 427 522 431 486 431 485 431
69 4 485 425 522 425 522 427 485 427
70 7 484 425 485 425 485 427 485 431 485 438 484 438 484 429
71 6 484 424 507 424 522 424 522 425 485 425 484 425
72 5 507 421 522 421 522 424 507 424 507 422
73 4 484 422 507 422 507 424 484 424
74 4 484 421 507 421 507 422 484 422
75 9 479 429 480 429 482 429 483 429 484 429 484 438 484 439 479 439 479 435
76 7 483 421 484 421 484 422 484 424 484 425 484 429 483 429
77 6 483 420 522 420 522 421 507 421 484 421 483 421
78 4 483 419 522 419 522 420 483 420
79 6 482 419 483 419 483 420 483 421 483 429 482 429
80 7 482 374 522 374 522 419 483 419 482 419 482 414 482 401
81 7 480 414 482 414 482 419 482 429 480 429 480 426 480 423
82 4 479 426 480 426 480 429 479 429
83 6 477 435 478 435 479 435 479 439 479 440 477 440
84 4 473 435 477 435 477 440 473 440
85 6 478 426 479 426 479 429 479 435 478 435 478 430
86 5 473 430 478 430 478 435 477 435 473 435
87 4 473 426 478 426 478 430 473 430
88 6 471 426 473 426 473 430 473 435 473 440 471 440
89 9 471 423 472 423 475 423 480 423 480 426 479 426 478 426 473 426 471 426
90 8 475 414 476 414 480 414 480 423 475 423 475 418 475 417 475 416
91 4 472 418 475 418 475 423 472 423
92 4 471 418 472 418 472 423 471 423
93 5 471 417 475 417 475 418 472 418 471 418
94 7 470 417 471 417 471 418 471 423 471 426 471 440 470 440
95 5 470 416 475 416 475 417 471 417 470 417
96 6 469 416 470 416 470 417 470 440 470 441 469 441
97 9 457 416 464 416 466 416 467 416 468 416 469 416 469 441 469 472 457 472
98 6 468 414 475 414 475 416 470 416 469 416 468 416
99 10 476 401 482 401 482 414 480 414 476 414 476 413 476 412 476 411 476 410 476 408
100 5 468 413 476 413 476 414 475 414 468 414
101 5 467 413 468 413 468 414 468 416 467 416
102 4 466 413 467 413 467 416 466 416
103 6 466 412 476 412 476 413 468 413 467 413 466 413
104 4 466 411 476 411 476 412 466 412
105 6 464 411 466 411 466 412 466 413 466 416 464 416
106 5 457 411 462 411 464 411 464 416 457 416
107 7 441 411 448 411 457 411 457 416 457 472 457 477 441 477
108 6 462 410 476 410 476 411 466 411 464 411 462 411
109 5 462 408 465 408 476 408 476 410 462 410
110 6 465 401 476 401 476 408 465 408 465 407 465 403
111 5 462 407 463 407 465 407 465 408 462 408
112 9 448 407 450 407 460 407 462 407 462 408 462 410 462 411 457 411 448 411
113 6 463 403 465 403 465 407 463 407 463 406 463 404
114 5 460 406 463 406 463 407 462 407 460 407
115 4 460 404 463 404 463 406 460 406
116 6 450 404 452 404 460 404 460 406 460 407 450 407
117 8 452 403 455 403 459 403 461 403 463 403 463 404 460 404 452 404
118 4 450 403 452 403 452 404 450 404
119 5 461 401 465 401 465 403 463 403 461 403
120 11 461 374 482 374 482 401 476 401 465 401 461 401 461 395 461 394 461 391 461 390 461 378
121 7 459 395 461 395 461 401 461 403 459 403 459 399 459 397
122 5 455 399 456 399 459 399 459 403 455 403
123 4 456 397 459 397 459 399 456 399
124 4 455 397 456 397 456 399 455 399
125 5 455 395 459 395 459 397 456 397 455 397
126 5 455 394 461 394 461 395 459 395 455 395
127 10 450 394 451 394 455 394 455 395 455 397 455 399 455 403 452 403 450 403 450 400
128 7 448 400 449 400 450 400 450 403 450 404 450 407 448 407
129 8 441 400 445 400 446 400 447 400 448 400 448 407 448 411 441 411
130 6 437 400 438 400 441 400 441 411 441 477 437 477
131 4 449 394 450 394 450 400 449 400
132 5 451 391 461 391 461 394 455 394 451 394
133 5 451 390 453 390 461 390 461 391 451 391
134 7 453 378 458 378 461 378 461 390 453 390 453 388 453 380
135 4 451 388 453 388 453 390 451 390
136 4 451 380 453 380 453 388 451 388
137 9 449 380 451 380 451 388 451 390 451 391 451 394 450 394 449 394 449 381
138 8 447 381 449 381 449 394 449 400 448 400 447 400 447 392 447 384
139 4 447 380 449 380 449 381 447 381
140 6 447 378 453 378 453 380 451 380 449 380 447 380
141 4 446 392 447 392 447 400 446 400
142 4 445 392 446 392 446 400 445 400
143 7 445 384 447 384 447 392 446 392 445 392 445 387 445 386
144 6 438 387 445 387 445 392 445 400 441 400 438 400
145 5 438 386 440 386 445 386 445 387 438 387
146 6 440 384 443 384 444 384 445 384 445 386 440 386
147 8 444 378 447 378 447 380 447 381 447 384 445 384 444 384 444 379
148 4 458 374 461 374 461 378 458 378
149 9 458 355 522 355 522 374 482 374 461 374 458 374 458 370 458 366 458 356
150 7 444 370 458 370 458 374 458 378 453 378 447 378 444 378
151 4 443 379 444 379 444 384 443 384
152 6 443 370 444 370 444 378 444 379 443 379 443 371
153 5 440 371 443 371 443 379 443 384 440 384
154 5 438 371 440 371 440 384 440 386 438 386
155 9 437 371 438 371 438 386 438 387 438 400 437 400 437 376 437 375 437 373
156 6 434 376 437 376 437 400 437 477 434 477 434 462
157 5 434 375 436 375 437 375 437 376 434 376
158 4 433 462 434 462 434 477 433 477
159 4 431 462 433 462 433 477 431 477
160 7 431 375 434 375 434 376 434 462 433 462 431 462 431 409
161 6 425 409 426 409 431 409 431 462 431 477 425 477
162 4 426 375 431 375 431 409 426 409
163 4 436 373 437 373 437 375 436 375
164 4 436 371 437 371 437 373 436 373
165 8 436 370 442 370 443 370 443 371 440 371 438 371 437 371 436 371
166 11 426 370 428 370 429 370 432 370 436 370 436 371 436 373 436 375 434 375 431 375 426 375
167 7 442 366 458 366 458 370 444 370 443 370 442 370 442 368
168 6 442 356 458 356 458 366 442 366 442 360 442 357
169 5 432 368 442 368 442 370 436 370 432 370
170 4 429 368 432 368 432 370 429 370
171 8 429 360 442 360 442 366 442 368 432 368 429 368 429 364 429 361
172 5 428 364 429 364 429 368 429 370 428 370
173 5 426 364 427 364 428 364 428 370 426 370
174 6 425 364 426 364 426 370 426 375 426 409 425 409
175 6 427 361 429 361 429 364 428 364 427 364 427 362
176 5 425 362 427 362 427 364 426 364 425 364
177 7 424 362 425 362 425 364 425 409 425 477 424 477 424 470
178 4 423 470 424 470 424 477 423 477
179 5 420 470 422 470 423 470 423 477 420 477
180 5 422 362 424 362 424 470 423 470 422 470
181 5 420 362 421 362 422 362 422 470 420 470
182 5 419 362 420 362 420 470 420 477 419 477
183 7 421 361 427 361 427 362 425 362 424 362 422 362 421 362
184 5 419 361 421 361 421 362 420 362 419 362
185 6 419 360 429 360 429 361 427 361 421 361 419 361
186 6 417 360 419 360 419 361 419 362 419 477 417 477
187 6 417 357 442 357 442 360 429 360 419 360 417 360
188 4 417 356 442 356 442 357 417 357
189 6 416 356 417 356 417 357 417 360 417 477 416 477
190 5 415 356 416 356 416 477 415 477 415 469
191 7 415 355 458 355 458 356 442 356 417 356 416 356 415 356
192 8 410 469 411 469 412 469 413 469 414 469 415 469 415 477 410 477
193 5 414 355 415 355 415 356 415 469 414 469
194 6 414 352 522 352 522 355 458 355 415 355 414 355
195 7 413 352 414 352 414 355 414 469 413 469 413 363 413 358
196 4 412 363 413 363 413 469 412 469
197 4 411 363 412 363 412 469 411 469
198 6 410 363 411 363 411 469 410 469 410 372 410 369
199 6 407 372 410 372 410 469 410 477 407 477 407 383
200 4 405 383 407 383 407 477 405 477
201 4 403 383 405 383 405 477 403 477
202 4 402 383 403 383 403 477 402 477
203 7 402 372 404 372 407 372 407 383 405 383 403 383 402 383
204 6 401 372 402 372 402 383 402 477 401 477 401 398
205 5 399 398 401 398 401 477 399 477 399 405
206 4 396 405 399 405 399 477 396 477
207 4 396 398 399 398 399 405 396 405
208 6 394 398 396 398 396 405 396 477 394 477 394 434
209 5 390 434 391 434 394 434 394 477 390 477
210 9 380 434 382 434 383 434 384 434 385 434 390 434 390 477 380 477 380 443
211 4 391 398 394 398 394 434 391 434
212 6 385 398 389 398 391 398 391 434 390 434 385 434
213 8 389 372 401 372 401 398 399 398 396 398 394 398 391 398 389 398
214 5 404 369 410 369 410 372 407 372 404 372
215 6 389 369 404 369 404 372 402 372 401 372 389 372
216 5 385 369 389 369 389 372 389 398 385 398
217 6 385 363 410 363 410 369 404 369 389 369 385 369
218 7 385 358 413 358 413 363 412 363 411 363 410 363 385 363
219 8 384 358 385 358 385 363 385 369 385 398 385 434 384 434 384 428
220 5 384 352 413 352 413 358 385 358 384 358
221 6 384 346 522 346 522 352 414 352 413 352 384 352
222 4 383 428 384 428 384 434 383 434
223 6 383 346 384 346 384 352 384 358 384 428 383 428
224 5 383 345 522 345 522 346 384 346 383 346
225 10 382 345 383 345 383 346 383 428 383 434 382 434 382 367 382 353 382 351 382 349
226 5 382 342 522 342 522 345 383 345 382 345
227 5 380 367 382 367 382 434 380 434 380 382
228 5 377 443 379 443 380 443 380 477 377 477
229 4 374 443 377 443 377 477 374 477
230 11 357 443 358 443 359 443 363 443 364 443 366 443 367 443 368 443 374 443 374 477 357 477
231 6 379 382 380 382 380 434 380 443 379 443 379 402
232 7 368 402 372 402 379 402 379 443 377 443 374 443 368 443
233 6 372 382 373 382 378 382 379 382 379 402 372 402
234 5 378 367 380 367 380 382 379 382 378 382
235 6 378 353 382 353 382 367 380 367 378 367 378 359
236 7 373 359 375 359 376 359 378 359 378 367 378 382 373 382
237 4 376 353 378 353 378 359 376 359
238 4 375 353 376 353 376 359 375 359
239 6 375 351 382 351 382 353 378 353 376 353 375 353
240 4 375 349 382 349 382 351 375 351
241 5 375 342 382 342 382 345 382 349 375 349
242 9 373 342 375 342 375 349 375 351 375 353 375 359 373 359 373 348 373 343
243 6 373 341 522 341 522 342 382 342 375 342 373 342
244 5 372 348 373 348 373 359 373 382 372 382
245 6 368 348 369 348 372 348 372 382 372 402 368 402
246 7 369 343 370 343 371 343 373 343 373 348 372 348 369 348
247 4 368 343 369 343 369 348 368 348
248 6 367 343 368 343 368 348 368 402 368 443 367 443
249 5 371 341 373 341 373 342 373 343 371 343
250 4 370 341 371 341 371 343 370 343
251 9 370 340 381 340 418 340 430 340 522 340 522 341 373 341 371 341 370 341
252 4 430 339 522 339 522 340 430 340
253 4 430 338 522 338 522 339 430 339
254 5 430 335 522 335 522 338 430 338 430 337
255 6 418 337 430 337 430 338 430 339 430 340 418 340
256 4 418 335 430 335 430 337 418 337
257 5 418 334 522 334 522 335 430 335 418 335
258 4 418 333 522 333 522 334 418 334
259 7 381 333 418 333 418 334 418 335 418 337 418 340 381 340
260 6 381 332 387 332 522 332 522 333 418 333 381 333
261 4 387 331 522 331 522 332 387 332
262 6 387 326 406 326 506 326 522 326 522 331 387 331
263 4 506 324 522 324 522 326 506 326
264 4 406 324 506 324 506 326 406 326
265 5 406 321 522 321 522 324 506 324 406 324
266 5 387 321 406 321 406 324 406 326 387 326
267 6 381 321 387 321 387 326 387 331 387 332 381 332
268 11 381 312 522 312 522 321 406 321 387 321 381 321 381 319 381 318 381 317 381 316 381 315
269 8 370 319 381 319 381 321 381 332 381 333 381 340 370 340 370 320
270 9 367 320 370 320 370 340 370 341 370 343 369 343 368 343 367 343 367 323
271 6 366 323 367 323 367 343 367 443 366 443 366 350
272 4 364 350 366 350 366 443 364 443
273 4 363 350 364 350 364 443 363 443
274 7 363 323 366 323 366 350 364 350 363 350 363 330 363 327
275 7 359 330 360 330 361 330 363 330 363 350 363 443 359 443
276 4 361 327 363 327 363 330 361 330
277 5 361 323 362 323 363 323 363 327 361 327
278 6 362 320 367 320 367 323 366 323 363 323 362 323
279 4 361 320 362 320 362 323 361 323
280 7 360 320 361 320 361 323 361 327 361 330 360 330 360 328
281 7 360 319 370 319 370 320 367 320 362 320 361 320 360 320
282 5 360 318 381 318 381 319 370 319 360 319
283 4 359 328 360 328 360 330 359 330
284 6 359 318 360 318 360 319 360 320 360 328 359 328
285 6 358 318 359 318 359 328 359 330 359 443 358 443
286 6 358 317 381 317 381 318 360 318 359 318 358 318
287 6 357 317 358 317 358 318 358 443 357 443 357 354
288 6 355 354 356 354 357 354 357 443 357 477 355 477
289 5 350 354 352 354 355 354 355 477 350 477
290 6 349 354 350 354 350 477 349 477 349 474 349 432
291 5 356 317 357 317 357 354 356 354 356 336
292 6 356 316 381 316 381 317 358 317 357 317 356 317
293 4 356 315 381 315 381 316 356 316
294 5 352 336 356 336 356 354 355 354 352 354
295 5 349 336 352 336 352 354 350 354 349 354
296 4 348 474 349 474 349 477 348 477
297 4 345 474 348 474 348 477 345 477
298 6 327 474 343 474 344 474 345 474 345 477 327 477
299 6 344 432 349 432 349 474 348 474 345 474 344 474
300 5 344 336 349 336 349 354 349 432 344 432
301 8 344 315 356 315 356 316 356 317 356 336 352 336 349 336 344 336
302 7 343 315 344 315 344 336 344 432 344 474 343 474 343 389
303 6 343 312 381 312 381 315 356 315 344 315 343 315
304 5 343 311 522 311 522 312 381 312 343 312
305 6 327 389 328 389 336 389 343 389 343 474 327 474
306 7 336 311 337 311 343 311 343 312 343 315 343 389 336 389
307 10 337 309 338 309 339 309 346 309 347 309 353 309 522 309 522 311 343 311 337 311
308 7 353 308 386 308 395 308 454 308 522 308 522 309 353 309
309 7 454 289 522 289 522 308 454 308 454 305 454 295 454 293
310 4 395 305 454 305 454 308 395 308
311 5 386 305 395 305 395 308 386 308 386 306
312 4 353 306 386 306 386 308 353 308
313 4 353 305 386 305 386 306 353 306
314 6 353 295 454 295 454 305 395 305 386 305 353 305
315 7 347 295 353 295 353 305 353 306 353 308 353 309 347 309
316 7 346 295 347 295 347 309 346 309 346 304 346 303 346 298
317 5 339 304 342 304 346 304 346 309 339 309
318 4 342 303 346 303 346 304 342 304
319 4 339 303 342 303 342 304 339 304
320 5 338 303 339 303 339 304 339 309 338 309
321 7 338 298 341 298 346 298 346 303 342 303 339 303 338 303
322 4 341 295 346 295 346 298 341 298
323 7 341 293 454 293 454 295 353 295 347 295 346 295 341 295
324 6 341 289 454 289 454 293 341 293 341 291 341 290
325 6 341 286 522 286 522 289 454 289 341 289 341 287
326 9 338 291 340 291 341 291 341 293 341 295 341 298 338 298 338 296 338 292
327 6 337 296 338 296 338 298 338 303 338 309 337 309
328 5 337 292 338 292 338 296 337 296 337 294
329 4 337 291 338 291 338 292 337 292
330 6 336 294 337 294 337 296 337 309 337 311 336 311
331 9 328 294 329 294 331 294 332 294 336 294 336 311 336 389 328 389 328 322
332 6 332 291 337 291 337 292 337 294 336 294 332 294
333 4 340 290 341 290 341 291 340 291
334 6 332 290 340 290 340 291 338 291 337 291 332 291
335 5 331 290 332 290 332 291 332 294 331 294
336 4 329 290 331 290 331 294 329 294
337 8 329 287 341 287 341 289 341 290 340 290 332 290 331 290 329 290
338 5 328 287 329 287 329 290 329 294 328 294
339 5 328 286 341 286 341 287 329 287 328 287
340 4 327 322 328 322 328 389 327 389
341 7 325 322 326 322 327 322 327 389 327 474 327 477 325 477
342 7 326 286 328 286 328 287 328 294 328 322 327 322 326 322
343 7 326 283 388 283 522 283 522 286 341 286 328 286 326 286
344 6 325 283 326 283 326 286 326 322 325 322 325 285
345 6 323 285 325 285 325 322 325 477 323 477 323 314
346 4 321 314 323 314 323 477 321 477
347 5 315 314 320 314 321 314 321 477 315 477
348 7 300 314 301 314 308 314 309 314 315 314 315 477 300 477
349 5 320 285 323 285 323 314 321 314 320 314
350 8 309 285 312 285 314 285 316 285 320 285 320 314 315 314 309 314
351 6 316 283 325 283 325 285 323 285 320 285 316 285
352 4 388 282 522 282 522 283 388 283
353 7 316 282 317 282 388 282 388 283 326 283 325 283 316 283
354 7 317 281 335 281 409 281 522 281 522 282 388 282 317 282
355 7 409 275 505 275 522 275 522 281 409 281 409 279 409 278
356 4 335 279 409 279 409 281 335 281
357 5 317 279 322 279 335 279 335 281 317 281
358 8 322 278 354 278 365 278 393 278 409 278 409 279 335 279 322 279
359 5 393 275 409 275 409 278 393 278 393 276
360 4 505 274 522 274 522 275 505 275
361 5 393 274 505 274 505 275 409 275 393 275
362 6 393 272 522 272 522 274 505 274 393 274 393 273
363 4 365 276 393 276 393 278 365 278
364 6 365 273 393 273 393 274 393 275 393 276 365 276
365 5 354 273 365 273 365 276 365 278 354 278
366 5 354 272 393 272 393 273 365 273 354 273
367 5 322 272 354 272 354 273 354 278 322 278
368 6 322 270 522 270 522 272 393 272 354 272 322 272
369 4 322 269 522 269 522 270 322 270
370 4 322 267 522 267 522 269 322 269
371 8 317 267 322 267 322 269 322 270 322 272 322 278 322 279 317 279
372 6 317 266 398 266 522 266 522 267 322 267 317 267
373 7 316 266 317 266 317 267 317 279 317 281 317 282 316 282
374 7 398 262 435 262 522 262 522 266 398 266 398 265 398 264
375 5 316 265 398 265 398 266 317 266 316 266
376 7 314 265 316 265 316 266 316 282 316 283 316 285 314 285
377 4 312 265 314 265 314 285 312 285
378 4 309 265 312 265 312 285 309 285
379 7 309 264 398 264 398 265 316 265 314 265 312 265 309 265
380 7 308 264 309 264 309 265 309 285 309 314 308 314 308 288
381 9 308 262 310 262 311 262 313 262 318 262 398 262 398 264 309 264 308 264
382 4 435 261 522 261 522 262 435 262
383 4 435 260 522 260 522 261 435 261
384 4 435 259 522 259 522 260 435 260
385 7 318 259 435 259 435 260 435 261 435 262 398 262 318 262
386 5 318 255 522 255 522 259 435 259 318 259
387 5 313 255 318 255 318 259 318 262 313 262
388 4 311 255 313 255 313 262 311 262
389 7 311 237 522 237 522 255 318 255 313 255 311 255 311 238
390 5 310 238 311 238 311 255 311 262 310 262
391 5 308 238 310 238 310 262 308 262 308 242
392 6 301 288 305 288 307 288 308 288 308 314 301 314
393 8 307 242 308 242 308 262 308 264 308 288 307 288 307 245 307 244
394 5 305 245 307 245 307 288 305 288 305 280
395 6 301 280 302 280 304 280 305 280 305 288 301 288
396 4 304 245 305 245 305 280 304 280
397 5 302 245 304 245 304 280 302 280 302 254
398 5 301 254 302 254 302 280 301 280 301 257
399 7 300 257 301 257 301 280 301 288 301 314 300 314 300 263
400 5 299 263 300 263 300 314 300 477 299 477
401 5 298 263 299 263 299 477 298 477 298 299
402 4 297 299 298 299 298 477 297 477
403 4 297 263 298 263 298 299 297 299
404 7 295 263 296 263 297 263 297 299 297 477 295 477 295 277
405 8 288 277 289 277 290 277 292 277 293 277 295 277 295 477 288 477
406 5 293 263 294 263 295 263 295 277 293 277
407 7 296 257 300 257 300 263 299 263 298 263 297 263 296 263
408 5 294 257 296 257 296 263 295 263 294 263
409 4 293 257 294 257 294 263 293 263
410 6 292 257 293 257 293 263 293 277 292 277 292 258
411 9 292 254 301 254 301 257 300 257 296 257 294 257 293 257 292 257 292 256
412 6 292 245 302 245 302 254 301 254 292 254 292 247
413 4 290 258 292 258 292 277 290 277
414 6 290 256 291 256 292 256 292 257 292 258 290 258
415 8 291 247 292 247 292 254 292 256 291 256 291 253 291 252 291 251
416 4 290 253 291 253 291 256 290 256
417 6 289 253 290 253 290 256 290 258 290 277 289 277
418 5 289 252 291 252 291 253 290 253 289 253
419 5 288 252 289 252 289 253 289 277 288 277
420 5 285 252 288 252 288 277 288 477 285 477
421 6 281 252 285 252 285 477 281 477 281 313 281 284
422 6 273 313 274 313 275 313 281 313 281 477 273 477
423 6 275 284 277 284 278 284 281 284 281 313 275 313
424 6 278 252 279 252 280 252 281 252 281 284 278 284
425 10 280 251 283 251 286 251 291 251 291 252 289 252 288 252 285 252 281 252 280 252
426 5 286 247 287 247 291 247 291 251 286 251
427 5 287 245 292 245 292 247 291 247 287 247
428 8 287 244 307 244 307 245 305 245 304 245 302 245 292 245 287 245
429 5 286 244 287 244 287 245 287 247 286 247
430 5 286 242 307 242 307 244 287 244 286 244
431 6 283 242 286 242 286 244 286 247 286 251 283 251
432 7 283 238 284 238 308 238 308 242 307 242 286 242 283 242
433 6 284 237 311 237 311 238 310 238 308 238 284 238
434 4 283 237 284 237 284 238 283 238
435 10 283 228 522 228 522 237 311 237 284 237 283 237 283 232 283 231 283 230 283 229
436 9 280 232 283 232 283 237 283 238 283 242 283 251 280 251 280 235 280 233
437 8 279 235 280 235 280 251 280 252 279 252 279 250 279 241 279 236
438 4 278 250 279 250 279 252 278 252
439 5 278 241 279 241 279 250 278 250 278 246
440 6 277 246 278 246 278 250 278 252 278 284 277 284
441 4 275 246 277 246 277 284 275 284
442 6 275 241 276 241 278 241 278 246 277 246 275 246
443 6 274 241 275 241 275 246 275 284 275 313 274 313
444 5 276 236 279 236 279 241 278 241 276 241
445 5 274 236 276 236 276 241 275 241 274 241
446 5 274 235 279 235 279 236 276 236 274 236
447 6 273 235 274 235 274 236 274 241 274 313 273 313
448 5 270 235 273 235 273 313 273 477 270 477
449 8 270 233 271 233 280 233 280 235 279 235 274 235 273 235 270 235
450 5 269 233 270 233 270 235 270 477 269 477
451 4 271 232 280 232 280 233 271 233
452 5 269 232 271 232 271 233 270 233 269 233
453 6 269 231 283 231 283 232 280 232 271 232 269 232
454 7 267 231 269 231 269 232 269 233 269 477 267 477 267 458
455 5 267 230 283 230 283 231 269 231 267 231
456 5 265 458 266 458 267 458 267 477 265 477
457 11 251 458 252 458 254 458 258 458 259 458 260 458 262 458 264 458 265 458 265 477 251 477
458 5 266 230 267 230 267 231 267 458 266 458
459 5 266 229 283 229 283 230 267 230 266 230
460 7 264 229 266 229 266 230 266 458 265 458 264 458 264 297
461 5 262 297 263 297 264 297 264 458 262 458
462 4 263 229 264 229 264 297 263 297
463 6 263 228 283 228 283 229 266 229 264 229 263 229
464 7 262 228 263 228 263 229 263 297 262 297 262 243 262 240
465 6 262 227 522 227 522 228 283 228 263 228 262 228
466 5 260 243 262 243 262 297 262 458 260 458
467 4 259 243 260 243 260 458 259 458
468 5 259 240 262 240 262 243 260 243 259 243
469 6 258 240 259 240 259 243 259 458 258 458 258 300
470 4 254 300 258 300 258 458 254 458
471 4 254 240 258 240 258 300 254 300
472 7 254 227 262 227 262 228 262 240 259 240 258 240 254 240
473 7 252 227 253 227 254 227 254 240 254 300 254 458 252 458
474 7 253 226 256 226 522 226 522 227 262 227 254 227 253 227
475 8 256 222 257 222 319 222 408 222 522 222 522 226 256 226 256 224
476 5 408 213 522 213 522 222 408 222 408 215
477 7 319 215 408 215 408 222 319 222 319 218 319 217 319 216
478 5 257 218 319 218 319 222 257 222 257 221
479 4 256 221 257 221 257 222 256 222
480 4 253 224 256 224 256 226 253 226
481 5 252 224 253 224 253 226 253 227 252 227
482 6 251 224 252 224 252 227 252 458 251 458 251 249
483 5 249 249 251 249 251 458 251 477 249 477
484 7 246 249 247 249 249 249 249 477 246 477 246 385 246 271
485 6 247 224 250 224 251 224 251 249 249 249 247 249
486 8 250 221 256 221 256 222 256 224 253 224 252 224 251 224 250 224
487 6 250 218 257 218 257 221 256 221 250 221 250 220
488 5 247 220 250 220 250 221 250 224 247 224
489 4 247 218 250 218 250 220 247 220
490 8 247 217 248 217 303 217 319 217 319 218 257 218 250 218 247 218
491 7 246 217 247 217 247 218 247 220 247 224 247 249 246 249
492 5 245 385 246 385 246 477 245 477 245 468
493 4 244 468 245 468 245 477 244 477
494 4 243 468 244 468 244 477 243 477
495 4 242 468 243 468 243 477 242 477
496 4 240 468 242 468 242 477 240 477
497 4 239 468 240 468 240 477 239 477
498 9 239 385 241 385 245 385 245 468 244 468 243 468 242 468 240 468 239 468
499 5 238 385 239 385 239 468 239 477 238 477
500 6 231 385 233 385 235 385 238 385 238 477 231 477
501 6 241 271 246 271 246 385 245 385 241 385 241 302
502 9 235 302 236 302 237 302 241 302 241 385 239 385 238 385 235 385 235 310
503 4 237 271 241 271 241 302 237 302
504 6 237 217 246 217 246 249 246 271 241 271 237 271
505 4 303 216 319 216 319 217 303 217
506 5 248 216 282 216 303 216 303 217 248 217
507 5 282 215 319 215 319 216 303 216 282 216
508 6 282 213 330 213 408 213 408 215 319 215 282 215
509 5 330 212 522 212 522 213 408 213 330 213
510 7 330 211 333 211 334 211 494 211 522 211 522 212 330 212
511 5 282 211 330 211 330 212 330 213 282 213
512 6 248 211 282 211 282 213 282 215 282 216 248 216
513 7 494 172 522 172 522 211 494 211 494 175 494 174 494 173
514 6 334 175 494 175 494 211 334 211 334 177 334 176
515 6 333 177 334 177 334 211 333 211 333 180 333 179
516 9 248 180 333 180 333 211 330 211 282 211 248 211 248 203 248 202 248 201
517 8 237 203 248 203 248 211 248 216 248 217 247 217 246 217 237 217
518 7 236 203 237 203 237 217 237 271 237 302 236 302 236 204
519 4 235 204 236 204 236 302 235 302
520 4 233 310 235 310 235 385 233 385
521 4 231 310 233 310 233 385 231 385
522 5 230 310 231 310 231 385 231 477 230 477
523 9 230 204 235 204 235 302 235 310 233 310 231 310 230 310 230 208 230 205
524 6 229 208 230 208 230 310 230 477 229 477 229 248
525 5 227 248 229 248 229 477 227 477 227 365
526 6 224 365 225 365 226 365 227 365 227 477 224 477
527 4 226 248 227 248 227 365 226 365
528 6 226 208 229 208 229 248 227 248 226 248 226 210
529 5 225 210 226 210 226 248 226 365 225 365
530 5 224 210 225 210 225 365 224 365 224 234
531 5 223 234 224 234 224 365 224 477 223 477
532 4 223 210 224 210 224 234 223 234
533 6 222 210 223 210 223 234 223 477 222 477 222 347
534 4 220 347 222 347 222 477 220 477
535 4 219 347 220 347 220 477 219 477
536 4 216 347 219 347 219 477 216 477
537 7 216 210 221 210 222 210 222 347 220 347 219 347 216 347
538 9 221 208 226 208 226 210 225 210 224 210 223 210 222 210 221 210 221 209
539 5 216 209 217 209 221 209 221 210 216 210
540 6 213 209 216 209 216 210 216 347 216 477 213 477
541 4 217 208 221 208 221 209 217 209
542 7 217 205 230 205 230 208 229 208 226 208 221 208 217 208
543 7 213 205 217 205 217 208 217 209 216 209 213 209 213 206
544 5 213 204 230 204 230 205 217 205 213 205
545 7 212 206 213 206 213 209 213 477 212 477 212 214 212 207
546 4 211 214 212 214 212 477 211 477
547 5 209 214 211 214 211 477 209 477 209 223
548 5 208 223 209 223 209 477 208 477 208 225
549 5 207 225 208 225 208 477 207 477 207 461
550 4 206 461 207 461 207 477 206 477
551 4 205 461 206 461 206 477 205 477
552 7 189 461 190 461 191 461 192 461 205 461 205 477 189 477
553 8 192 225 201 225 204 225 207 225 207 461 206 461 205 461 192 461
554 5 204 223 208 223 208 225 207 225 204 225
555 5 204 214 209 214 209 223 208 223 204 223
556 5 201 214 204 214 204 223 204 225 201 225
557 7 201 207 212 207 212 214 211 214 209 214 204 214 201 214
558 6 192 207 200 207 201 207 201 214 201 225 192 225
559 5 191 207 192 207 192 225 192 461 191 461
560 5 200 206 212 206 212 207 201 207 200 207
561 8 200 204 202 204 210 204 213 204 213 205 213 206 212 206 200 206
562 7 210 203 236 203 236 204 235 204 230 204 213 204 210 204
563 7 210 202 214 202 248 202 248 203 237 203 236 203 210 203
564 5 214 201 234 201 248 201 248 202 214 202
565 14 234 180 248 180 248 201 234 201 234 198 234 197 234 196 234 189 234 187 234 186 234 185 234 184 234 183 234 182
566 4 214 198 234 198 234 201 214 201
567 4 214 197 234 197 234 198 214 198
568 6 210 197 214 197 214 198 214 201 214 202 210 202
569 5 210 196 234 196 234 197 214 197 210 197
570 8 202 196 203 196 210 196 210 197 210 202 210 203 210 204 202 204
571 8 203 189 234 189 234 196 210 196 203 196 203 193 203 192 203 191
572 4 202 193 203 193 203 196 202 196
573 6 200 193 202 193 202 196 202 204 200 204 200 195
574 10 191 195 194 195 195 195 196 195 200 195 200 204 200 206 200 207 192 207 191 207
575 5 196 193 200 193 200 195 196 195 196 194
576 4 195 194 196 194 196 195 195 195
577 4 195 193 196 193 196 194 195 194
578 7 195 192 203 192 203 193 202 193 200 193 196 193 195 193
579 4 195 191 203 191 203 192 195 192
580 7 194 191 195 191 195 192 195 193 195 194 195 195 194 195
581 5 191 191 193 191 194 191 194 195 191 195
582 6 190 191 191 191 191 195 191 207 191 461 190 461
583 7 193 189 203 189 203 191 195 191 194 191 193 191 193 190
584 6 193 187 234 187 234 189 203 189 193 189 193 188
585 4 193 186 234 186 234 187 193 187
586 4 193 185 234 185 234 186 193 186
587 5 190 190 193 190 193 191 191 191 190 191
588 5 190 188 193 188 193 189 193 190 190 190
589 6 189 188 190 188 190 190 190 191 190 461 189 461
590 7 189 185 193 185 193 186 193 187 193 188 190 188 189 188
591 6 188 185 189 185 189 188 189 461 189 477 188 477
592 4 185 185 188 185 188 477 185 477
593 5 181 185 185 185 185 477 181 477 181 268
594 9 181 184 183 184 234 184 234 185 193 185 189 185 188 185 185 185 181 185
595 4 180 268 181 268 181 477 180 477
596 4 178 268 180 268 180 477 178 477
597 4 177 268 178 268 178 477 177 477
598 7 177 184 181 184 181 185 181 268 180 268 178 268 177 268
599 17 125 184 126 184 128 184 130 184 131 184 132 184 133 184 136 184 139 184 166 184 170 184 173 184 174 184 177 184 177 268 177 477 125 477
600 4 183 183 234 183 234 184 183 184
601 5 183 182 186 182 234 182 234 183 183 183
602 10 174 182 175 182 176 182 179 182 183 182 183 183 183 184 181 184 177 184 174 184
603 4 186 180 234 180 234 182 186 182
604 5 179 180 186 180 186 182 183 182 179 182
605 7 179 179 333 179 333 180 248 180 234 180 186 180 179 180
606 4 179 177 333 177 333 179 179 179
607 6 176 177 179 177 179 179 179 180 179 182 176 182
608 6 176 176 334 176 334 177 333 177 179 177 176 177
609 4 176 175 334 175 334 176 176 176
610 7 175 175 176 175 176 176 176 177 176 182 175 182 175 181
611 7 175 174 187 174 494 174 494 175 334 175 176 175 175 175
612 4 174 181 175 181 175 182 174 182
613 5 173 181 174 181 174 182 174 184 173 184
614 4 170 181 173 181 173 184 170 184
615 7 170 174 175 174 175 175 175 181 174 181 173 181 170 181
616 5 166 174 170 174 170 181 170 184 166 184
617 9 139 174 140 174 141 174 144 174 145 174 146 174 166 174 166 184 139 184
618 4 187 173 494 173 494 174 187 174
619 4 187 172 494 172 494 173 187 173
620 7 187 170 232 170 522 170 522 172 494 172 187 172 187 171
621 4 232 168 522 168 522 170 232 170
622 6 232 165 306 165 522 165 522 168 232 168 232 166
623 6 187 166 218 166 232 166 232 168 232 170 187 170
624 13 146 171 147 171 148 171 149 171 171 171 187 171 187 172 187 173 187 174 175 174 170 174 166 174 146 174
625 5 171 166 187 166 187 170 187 171 171 171
626 5 149 166 169 166 171 166 171 171 149 171
627 4 218 165 232 165 232 166 218 166
628 5 306 163 522 163 522 165 306 165 306 164
629 4 306 157 522 157 522 163 306 163
630 5 218 164 306 164 306 165 232 165 218 165
631 5 218 157 306 157 306 163 306 164 218 164
632 6 218 155 522 155 522 157 306 157 218 157 218 156
633 4 218 153 522 153 522 155 218 155
634 10 169 156 218 156 218 157 218 164 218 165 218 166 187 166 171 166 169 166 169 158
635 11 149 158 152 158 153 158 154 158 156 158 162 158 164 158 165 158 169 158 169 166 149 166
636 4 165 156 169 156 169 158 165 158
637 4 164 156 165 156 165 158 164 158
638 9 164 153 182 153 218 153 218 155 218 156 169 156 165 156 164 156 164 154
639 5 182 152 522 152 522 153 218 153 182 153
640 4 164 152 182 152 182 153 164 153
641 5 164 151 522 151 522 152 182 152 164 152
642 5 162 154 164 154 164 156 164 158 162 158
643 5 156 154 158 154 162 154 162 158 156 158
644 8 158 151 159 151 164 151 164 152 164 153 164 154 162 154 158 154
645 7 159 150 168 150 324 150 522 150 522 151 164 151 159 151
646 5 324 145 522 145 522 150 324 150 324 149
647 5 168 149 172 149 324 149 324 150 168 150
648 5 159 149 163 149 168 149 168 150 159 150
649 4 172 145 324 145 324 149 172 149
650 6 172 144 198 144 522 144 522 145 324 145 172 145
651 5 198 143 351 143 522 143 522 144 198 144
652 4 172 143 198 143 198 144 172 144
653 7 163 143 172 143 172 144 172 145 172 149 168 149 163 149
654 4 351 142 522 142 522 143 351 143
655 5 351 137 521 137 522 137 522 142 351 142
656 4 521 136 522 136 522 137 521 137
657 5 351 136 397 136 521 136 521 137 351 137
658 10 397 127 522 127 522 136 521 136 397 136 397 135 397 134 397 132 397 129 397 128
659 4 351 135 397 135 397 136 351 136
660 10 163 135 351 135 351 136 351 137 351 142 351 143 198 143 172 143 163 143 163 139
661 6 159 139 160 139 163 139 163 143 163 149 159 149
662 4 160 135 163 135 163 139 160 139
663 6 160 134 397 134 397 135 351 135 163 135 160 135
664 5 159 134 160 134 160 135 160 139 159 139
665 8 158 134 159 134 159 139 159 149 159 150 159 151 158 151 158 141
666 7 158 132 255 132 397 132 397 134 160 134 159 134 158 134
667 4 255 129 397 129 397 132 255 132
668 4 255 128 397 128 397 129 255 129
669 4 255 127 397 127 397 128 255 128
670 5 255 126 522 126 522 127 397 127 255 127
671 4 255 124 522 124 522 126 255 126
672 9 158 124 255 124 255 126 255 127 255 128 255 129 255 132 158 132 158 130
673 5 158 123 522 123 522 124 255 124 158 124
674 5 156 141 158 141 158 151 158 154 156 154
675 7 156 130 157 130 158 130 158 132 158 134 158 141 156 141
676 5 157 123 158 123 158 124 158 130 157 130
677 6 157 117 522 117 522 123 158 123 157 123 157 121
678 5 157 116 272 116 522 116 522 117 157 117
679 5 156 121 157 121 157 123 157 130 156 130
680 8 154 121 155 121 156 121 156 130 156 141 156 154 156 158 154 158
681 5 153 121 154 121 154 158 153 158 153 146
682 4 152 146 153 146 153 158 152 158
683 5 149 146 150 146 152 146 152 158 149 158
684 5 150 121 153 121 153 146 152 146 150 146
685 6 155 116 157 116 157 117 157 121 156 121 155 121
686 5 272 114 400 114 522 114 522 116 272 116
687 5 155 114 272 114 272 116 157 116 155 116
688 4 400 101 522 101 522 114 400 114
689 8 155 101 400 101 400 114 272 114 155 114 155 113 155 104 155 102
690 9 150 113 151 113 155 113 155 114 155 116 155 121 154 121 153 121 150 121
691 6 151 104 155 104 155 113 151 113 151 108 151 106
692 5 150 108 151 108 151 113 150 113 150 109
693 8 149 109 150 109 150 113 150 121 150 146 149 146 149 131 149 111
694 7 148 131 149 131 149 146 149 158 149 166 149 171 148 171
695 5 148 111 149 111 149 131 148 131 148 119
696 6 147 119 148 119 148 131 148 171 147 171 147 138
697 5 146 138 147 138 147 171 146 171 146 159
698 5 145 159 146 159 146 171 146 174 145 174
699 4 145 138 146 138 146 159 145 159
700 6 144 138 145 138 145 159 145 174 144 174 144 167
701 6 144 119 147 119 147 138 146 138 145 138 144 138
702 5 141 167 142 167 144 167 144 174 141 174
703 5 142 119 144 119 144 138 144 167 142 167
704 4 141 119 142 119 142 167 141 167
705 7 141 111 148 111 148 119 147 119 144 119 142 119 141 119
706 6 140 111 141 111 141 119 141 167 141 174 140 174
707 6 140 109 149 109 149 111 148 111 141 111 140 111
708 5 140 108 150 108 150 109 149 109 140 109
709 7 139 108 140 108 140 109 140 111 140 174 139 174 139 115
710 8 136 115 137 115 139 115 139 174 139 184 136 184 136 148 136 133
711 6 133 148 134 148 136 148 136 184 133 184 133 169
712 4 132 169 133 169 133 184 132 184
713 4 132 148 133 148 133 169 132 169
714 5 131 148 132 148 132 169 132 184 131 184
715 4 134 133 136 133 136 148 134 148
716 5 134 115 135 115 136 115 136 133 134 133
717 4 137 108 139 108 139 115 137 115
718 7 137 106 151 106 151 108 150 108 140 108 139 108 137 108
719 4 137 104 151 104 151 106 137 106
720 8 135 104 137 104 137 106 137 108 137 115 136 115 135 115 135 110
721 6 135 102 155 102 155 104 151 104 137 104 135 104
722 4 134 110 135 110 135 115 134 115
723 9 131 110 134 110 134 115 134 133 134 148 133 148 132 148 131 148 131 118
724 6 131 102 135 102 135 104 135 110 134 110 131 110
725 5 130 118 131 118 131 148 131 184 130 184
726 6 128 118 129 118 130 118 130 184 128 184 128 161
727 6 129 102 131 102 131 110 131 118 130 118 129 118
728 6 129 101 155 101 155 102 135 102 131 102 129 102
729 7 129 100 268 100 522 100 522 101 400 101 155 101 129 101
730 7 128 100 129 100 129 101 129 102 129 118 128 118 128 105
731 5 126 161 127 161 128 161 128 184 126 184
732 6 127 105 128 105 128 118 128 161 127 161 127 107
733 5 126 107 127 107 127 161 126 161 126 122
734 5 125 122 126 122 126 161 126 184 125 184
735 4 125 107 126 107 126 122 125 122
736 6 124 107 125 107 125 122 125 184 125 477 124 477
737 4 123 107 124 107 124 477 123 477
738 7 123 105 127 105 127 107 126 107 125 107 124 107 123 107
739 5 122 105 123 105 123 107 123 477 122 477
740 4 120 105 122 105 122 477 120 477
741 7 120 100 128 100 128 105 127 105 123 105 122 105 120 105
742 4 268 99 522 99 522 100 268 100
743 5 268 98 491 98 522 98 522 99 268 99
744 4 491 96 522 96 522 98 491 98
745 4 491 95 522 95 522 96 491 96
746 4 491 92 522 92 522 95 491 95
747 7 491 88 522 88 522 92 491 92 491 91 491 90 491 89
748 9 268 91 491 91 491 92 491 95 491 96 491 98 268 98 268 94 268 93
749 9 120 94 167 94 268 94 268 98 268 99 268 100 129 100 128 100 120 100
750 6 119 94 120 94 120 100 120 105 120 477 119 477
751 5 118 94 119 94 119 477 118 477 118 396
752 4 167 93 268 93 268 94 167 94
753 6 118 93 167 93 167 94 120 94 119 94 118 94
754 7 114 396 115 396 116 396 117 396 118 396 118 477 114 477
755 5 117 93 118 93 118 94 118 396 117 396
756 6 117 91 268 91 268 93 167 93 118 93 117 93
757 6 116 91 117 91 117 93 117 396 116 396 116 199
758 8 116 90 161 90 197 90 491 90 491 91 268 91 117 91 116 91
759 4 115 199 116 199 116 396 115 396
760 4 114 199 115 199 115 396 114 396
761 5 113 199 114 199 114 396 114 477 113 477
762 5 111 199 113 199 113 477 111 477 111 219
763 8 111 90 116 90 116 91 116 199 115 199 114 199 113 199 111 199
764 4 110 219 111 219 111 477 110 477
765 4 109 219 110 219 110 477 109 477
766 6 103 219 104 219 105 219 109 219 109 477 103 477
767 9 105 90 107 90 108 90 111 90 111 199 111 219 110 219 109 219 105 219
768 4 197 89 491 89 491 90 197 90
769 4 161 89 197 89 197 90 161 90
770 6 161 88 228 88 491 88 491 89 197 89 161 89
771 7 228 69 522 69 522 88 491 88 228 88 228 86 228 70
772 5 161 86 228 86 228 88 161 88 161 87
773 10 108 87 112 87 121 87 161 87 161 88 161 89 161 90 116 90 111 90 108 90
774 4 121 86 161 86 161 87 121 87
775 4 112 86 121 86 121 87 112 87
776 6 112 70 228 70 228 86 161 86 121 86 112 86
777 6 108 70 112 70 112 86 112 87 108 87 108 73
778 7 107 73 108 73 108 87 108 90 107 90 107 85 107 74
779 5 105 85 106 85 107 85 107 90 105 90
780 4 106 74 107 74 107 85 106 85
781 4 105 74 106 74 106 85 105 85
782 9 104 74 105 74 105 85 105 90 105 219 104 219 104 81 104 79 104 75
783 4 103 81 104 81 104 219 103 219
784 5 101 81 103 81 103 219 103 477 101 477
785 6 100 81 101 81 101 477 100 477 100 178 100 82
786 5 98 178 99 178 100 178 100 477 98 477
787 6 97 178 98 178 98 477 97 477 97 448 97 239
788 4 96 448 97 448 97 477 96 477
789 5 93 448 95 448 96 448 96 477 93 477
790 4 90 448 93 448 93 477 90 477
791 5 95 239 97 239 97 448 96 448 95 448
792 4 95 178 97 178 97 239 95 239
793 6 90 178 95 178 95 239 95 448 93 448 90 448
794 5 88 178 90 178 90 448 90 477 88 477
795 7 99 82 100 82 100 178 99 178 99 140 99 97 99 84
796 8 88 140 99 140 99 178 98 178 97 178 95 178 90 178 88 178
797 5 86 140 88 140 88 178 88 477 86 477
798 5 84 140 85 140 86 140 86 477 84 477
799 4 83 140 84 140 84 477 83 477
800 7 85 97 92 97 99 97 99 140 88 140 86 140 85 140
801 4 92 84 99 84 99 97 92 97
802 5 85 84 87 84 92 84 92 97 85 97
803 6 87 82 99 82 99 84 92 84 87 84 87 83
804 6 87 81 89 81 100 81 100 82 99 82 87 82
805 8 89 79 94 79 104 79 104 81 103 81 101 81 100 81 89 81
806 5 87 79 89 79 89 81 87 81 87 80
807 7 94 75 104 75 104 79 94 79 94 78 94 77 94 76
808 5 87 78 94 78 94 79 89 79 87 79
809 4 85 83 87 83 87 84 85 84
810 7 83 83 85 83 85 84 85 97 85 140 84 140 83 140
811 7 82 83 83 83 83 140 83 477 82 477 82 120 82 103
812 5 81 120 82 120 82 477 81 477 81 125
813 4 79 125 81 125 81 477 79 477
814 4 79 120 81 120 81 125 79 125
815 6 78 120 79 120 79 125 79 477 78 477 78 301
816 6 78 103 82 103 82 120 81 120 79 120 78 120
817 7 70 301 72 301 75 301 77 301 78 301 78 477 70 477
818 5 77 103 78 103 78 120 78 301 77 301
819 5 77 83 82 83 82 103 78 103 77 103
820 5 75 83 77 83 77 103 77 301 75 301
821 10 75 80 87 80 87 81 87 82 87 83 85 83 83 83 82 83 77 83 75 83
822 5 72 80 75 80 75 83 75 301 72 301
823 6 72 78 87 78 87 79 87 80 75 80 72 80
824 5 72 77 94 77 94 78 87 78 72 78
825 6 70 77 72 77 72 78 72 80 72 301 70 301
826 7 70 76 73 76 76 76 94 76 94 77 72 77 70 77
827 8 65 76 67 76 70 76 70 77 70 301 70 477 65 477 65 393
828 4 76 75 94 75 94 76 76 76
829 4 73 75 76 75 76 76 73 76
830 6 73 74 104 74 104 75 94 75 76 75 73 75
831 7 73 73 107 73 107 74 106 74 105 74 104 74 73 74
832 8 67 73 69 73 73 73 73 74 73 75 73 76 70 76 67 76
833 7 69 70 108 70 108 73 107 73 73 73 69 73 69 72
834 6 69 69 228 69 228 70 112 70 108 70 69 70
835 5 67 72 68 72 69 72 69 73 67 73
836 5 65 72 67 72 67 73 67 76 65 76
837 6 68 69 69 69 69 70 69 72 68 72 68 71
838 6 68 68 522 68 522 69 228 69 69 69 68 69
839 5 68 67 91 67 522 67 522 68 68 68
840 6 65 71 66 71 68 71 68 72 67 72 65 72
841 4 64 393 65 393 65 477 64 477
842 6 64 71 65 71 65 72 65 76 65 393 64 393
843 5 63 71 64 71 64 393 64 477 63 477
844 6 66 67 68 67 68 68 68 69 68 71 66 71
845 5 91 66 261 66 522 66 522 67 91 67
846 5 261 62 522 62 522 66 261 66 261 63
847 7 91 63 215 63 261 63 261 66 91 66 91 65 91 64
848 6 66 65 91 65 91 66 91 67 68 67 66 67
849 7 63 65 66 65 66 67 66 71 65 71 64 71 63 71
850 5 63 64 91 64 91 65 66 65 63 65
851 6 62 64 63 64 63 65 63 71 63 477 62 477
852 6 61 64 62 64 62 477 61 477 61 329 61 112
853 7 61 63 71 63 91 63 91 64 63 64 62 64 61 64
854 5 60 329 61 329 61 477 60 477 60 344
855 4 59 344 60 344 60 477 59 477
856 4 59 329 60 329 60 344 59 344
857 5 59 112 61 112 61 329 60 329 59 329
858 6 58 112 59 112 59 329 59 344 59 477 58 477
859 4 55 112 58 112 58 477 55 477
860 5 53 112 54 112 55 112 55 477 53 477
861 9 54 63 56 63 61 63 61 64 61 112 59 112 58 112 55 112 54 112
862 4 215 62 261 62 261 63 215 63
863 5 215 61 522 61 522 62 261 62 215 62
864 7 71 61 74 61 215 61 215 62 215 63 91 63 71 63
865 7 74 60 80 60 184 60 522 60 522 61 215 61 74 61
866 4 184 59 522 59 522 60 184 60
867 8 184 51 522 51 522 59 184 59 184 58 184 54 184 53 184 52
868 6 80 58 138 58 184 58 184 59 184 60 80 60
869 6 138 54 184 54 184 58 138 58 138 57 138 56
870 4 80 57 138 57 138 58 80 58
871 5 74 57 80 57 80 58 80 60 74 60
872 5 74 56 138 56 138 57 80 57 74 57
873 6 71 56 74 56 74 57 74 60 74 61 71 61
874 5 71 54 138 54 138 56 74 56 71 56
875 5 71 53 184 53 184 54 138 54 71 54
876 8 56 53 71 53 71 54 71 56 71 61 71 63 61 63 56 63
877 6 56 52 57 52 184 52 184 53 71 53 56 53
878 4 57 51 184 51 184 52 57 52
879 6 57 50 199 50 522 50 522 51 184 51 57 51
880 10 199 38 392 38 522 38 522 50 199 50 199 48 199 47 199 45 199 41 199 40
881 4 57 48 199 48 199 50 57 50
882 5 57 47 102 47 199 47 199 48 57 48
883 5 102 45 143 45 199 45 199 47 102 47
884 4 143 41 199 41 199 45 143 45
885 4 102 41 143 41 143 45 102 45
886 5 102 40 199 40 199 41 143 41 102 41
887 8 57 40 102 40 102 41 102 45 102 47 57 47 57 44 57 43
888 8 56 44 57 44 57 47 57 48 57 50 57 51 57 52 56 52
889 6 54 44 56 44 56 52 56 53 56 63 54 63
890 5 53 44 54 44 54 63 54 112 53 112
891 9 33 44 34 44 37 44 38 44 53 44 53 112 53 477 33 477 33 49
892 14 38 43 40 43 41 43 42 43 43 43 47 43 51 43 52 43 57 43 57 44 56 44 54 44 53 44 38 44
893 5 52 40 57 40 57 43 52 43 52 42
894 6 52 38 199 38 199 40 102 40 57 40 52 40
895 4 392 37 522 37 522 38 392 38
896 5 392 24 474 24 522 24 522 37 392 37
897 13 52 24 392 24 392 37 392 38 199 38 52 38 52 36 52 35 52 34 52 31 52 30 52 29 52 28
898 4 51 42 52 42 52 43 51 43
899 6 51 36 52 36 52 38 52 40 52 42 51 42
900 4 51 35 52 35 52 36 51 36
901 6 47 35 51 35 51 36 51 42 51 43 47 43
902 6 43 35 44 35 45 35 47 35 47 43 43 43
903 7 45 34 46 34 52 34 52 35 51 35 47 35 45 35
904 6 46 31 48 31 50 31 52 31 52 34 46 34
905 5 45 31 46 31 46 34 45 34 45 32
906 4 50 30 52 30 52 31 50 31
907 5 48 30 49 30 50 30 50 31 48 31
908 5 49 29 52 29 52 30 50 30 49 30
909 4 48 29 49 29 49 30 48 30
910 5 48 28 52 28 52 29 49 29 48 29
911 7 45 28 48 28 48 29 48 30 48 31 46 31 45 31
912 5 44 32 45 32 45 34 45 35 44 35
913 4 43 32 44 32 44 35 43 35
914 6 43 28 45 28 45 31 45 32 44 32 43 32
915 7 42 28 43 28 43 32 43 35 43 43 42 43 42 39
916 7 42 24 52 24 52 28 48 28 45 28 43 28 42 28
917 6 474 13 522 13 522 24 474 24 474 15 474 14
918 7 42 15 474 15 474 24 392 24 52 24 42 24 42 17
919 4 41 39 42 39 42 43 41 43
920 7 41 17 42 17 42 24 42 28 42 39 41 39 41 18
921 7 40 18 41 18 41 39 41 43 40 43 40 27 40 25
922 5 38 27 39 27 40 27 40 43 38 43
923 4 39 25 40 25 40 27 39 27
924 4 38 25 39 25 39 27 38 27
925 7 37 25 38 25 38 27 38 43 38 44 37 44 37 33
926 6 34 33 35 33 36 33 37 33 37 44 34 44
927 5 36 25 37 25 37 33 36 33 36 26
928 8 36 18 40 18 40 25 39 25 38 25 37 25 36 25 36 23
929 4 35 26 36 26 36 33 35 33
930 4 34 26 35 26 35 33 34 33
931 5 33 26 34 26 34 33 34 44 33 44
932 4 31 49 33 49 33 477 31 477
933 4 29 49 31 49 31 477 29 477
934 6 29 26 33 26 33 44 33 49 31 49 29 49
935 9 29 23 32 23 36 23 36 25 36 26 35 26 34 26 33 26 29 26
936 7 25 23 26 23 29 23 29 26 29 49 29 477 25 477
937 5 32 18 36 18 36 23 32 23 32 22
938 6 32 17 41 17 41 18 40 18 36 18 32 18
939 7 26 22 28 22 30 22 32 22 32 23 29 23 26 23
940 4 25 22 26 22 26 23 25 23
941 6 30 17 32 17 32 18 32 22 30 22 30 20
942 5 28 20 30 20 30 22 28 22 28 21
943 4 28 17 30 17 30 20 28 20
944 7 28 15 42 15 42 17 41 17 32 17 30 17 28 17
945 6 25 21 27 21 28 21 28 22 26 22 25 22
946 7 24 21 25 21 25 22 25 23 25 477 24 477 24 307
947 8 27 15 28 15 28 17 28 20 28 21 27 21 27 19 27 16
948 6 27 14 474 14 474 15 42 15 28 15 27 15
949 5 24 19 27 19 27 21 25 21 24 21
950 4 23 307 24 307 24 477 23 477
951 5 23 19 24 19 24 21 24 307 23 307
952 5 22 19 23 19 23 307 23 477 22 477
953 4 21 19 22 19 22 477 21 477
954 7 21 16 27 16 27 19 24 19 23 19 22 19 21 19
955 6 20 16 21 16 21 19 21 477 20 477 20 415
956 15 0 415 2 415 3 415 5 415 6 415 7 415 13 415 15 415 16 415 17 415 18 415 19 415 20 415 20 477 0 477
957 4 19 16 20 16 20 415 19 415
958 7 19 14 27 14 27 15 27 16 21 16 20 16 19 16
959 5 19 13 474 13 474 14 27 14 19 14
960 6 18 13 19 13 19 14 19 16 19 415 18 415
961 6 18 12 522 12 522 13 474 13 19 13 18 13
962 5 17 12 18 12 18 13 18 415 17 415
963 7 16 12 17 12 17 415 16 415 16 147 16 55 16 46
964 6 16 11 522 11 522 12 18 12 17 12 16 12
965 4 16 10 522 10 522 11 16 11
966 5 15 147 16 147 16 415 15 415 15 162
967 5 13 162 14 162 15 162 15 415 13 415
968 7 7 162 10 162 11 162 12 162 13 162 13 415 7 415
969 4 14 147 15 147 15 162 14 162
970 5 12 147 14 147 14 162 13 162 12 162
971 6 12 55 16 55 16 147 15 147 14 147 12 147
972 4 12 46 16 46 16 55 12 55
973 6 11 46 12 46 12 55 12 147 12 162 11 162
974 5 10 46 11 46 11 162 10 162 10 160
975 8 10 10 16 10 16 11 16 12 16 46 12 46 11 46 10 46
976 5 10 9 522 9 522 10 16 10 10 10
977 6 7 160 8 160 9 160 10 160 10 162 7 162
978 6 9 9 10 9 10 10 10 46 10 160 9 160
979 6 9 8 439 8 522 8 522 9 10 9 9 9
980 5 439 6 522 6 522 8 439 8 439 7
981 5 439 4 522 4 522 6 439 6 439 5
982 4 439 3 522 3 522 4 439 4
983 4 9 7 439 7 439 8 9 8
984 6 8 7 9 7 9 8 9 9 9 160 8 160
985 6 8 5 439 5 439 6 439 7 9 7 8 7
986 5 7 5 8 5 8 7 8 160 7 160
987 6 6 5 7 5 7 160 7 162 7 415 6 415
988 7 6 3 439 3 439 4 439 5 8 5 7 5 6 5
989 6 5 3 6 3 6 5 6 415 5 415 5 377
990 6 5 2 522 2 522 3 439 3 6 3 5 3
991 5 3 377 4 377 5 377 5 415 3 415
992 5 4 2 5 2 5 3 5 377 4 377
993 5 4 1 522 1 522 2 5 2 4 2
994 6 3 1 4 1 4 2 4 377 3 377 3 200
995 6 2 200 3 200 3 377 3 415 2 415 2 325
996 5 0 325 1 325 2 325 2 415 0 415
997 4 1 200 2 200 2 325 1 325
998 4 0 200 1 200 1 325 0 325
999 6 0 1 3 1 3 200 2 200 1 200 0 200
1000 6 0 0 522 0 522 1 4 1 3 1 0 1
