5
500
1 79 0 239 1 239 2 239 3 239 4 239 6 239 7 239 8 239 9 239 10 239 12 239 13 239 14 239 15 239 16 239 17 239 19 239 20 239 22 239 27 239 30 239 33 239 34 239 37 239 38 239 39 239 40 239 41 239 44 239 45 239 46 239 61 239 62 239 64 239 65 239 66 239 67 239 69 239 70 239 76 239 83 239 84 239 86 239 89 239 99 239 154 239 155 239 157 239 158 239 160 239 161 239 165 239 166 239 171 239 172 239 176 239 180 239 199 239 201 239 204 239 206 239 207 239 210 239 228 239 229 239 231 239 232 239 236 239 237 239 238 239 239 239 241 239 244 239 253 239 254 239 257 239 261 239 261 240 0 240
2 6 257 238 258 238 260 238 261 238 261 239 257 239
3 45 260 0 261 0 261 238 260 238 260 237 260 235 260 234 260 228 260 213 260 211 260 209 260 206 260 205 260 202 260 195 260 193 260 178 260 177 260 176 260 174 260 172 260 167 260 144 260 141 260 126 260 124 260 123 260 114 260 113 260 111 260 110 260 109 260 103 260 101 260 100 260 99 260 98 260 97 260 60 260 57 260 55 260 50 260 30 260 5 260 3
4 4 258 237 260 237 260 238 258 238
5 5 258 235 259 235 260 235 260 237 258 237
6 4 259 234 260 234 260 235 259 235
7 6 259 228 260 228 260 234 259 234 259 231 259 229
8 6 258 231 259 231 259 234 259 235 258 235 258 233
9 7 257 233 258 233 258 235 258 237 258 238 257 238 257 236
10 6 254 236 256 236 257 236 257 238 257 239 254 239
11 4 253 236 254 236 254 239 253 239
12 4 256 233 257 233 257 236 256 236
13 5 256 231 258 231 258 233 257 233 256 233
14 5 256 229 259 229 259 231 258 231 256 231
15 9 253 229 255 229 256 229 256 231 256 233 256 236 254 236 253 236 253 232
16 7 244 232 251 232 252 232 253 232 253 236 253 239 244 239
17 5 241 232 243 232 244 232 244 239 241 239
18 4 252 229 253 229 253 232 252 232
19 5 255 228 259 228 259 229 256 229 255 229
20 10 255 213 260 213 260 228 259 228 255 228 255 223 255 220 255 217 255 215 255 214
21 8 252 223 255 223 255 228 255 229 253 229 252 229 252 226 252 224
22 6 251 226 252 226 252 229 252 232 251 232 251 227
23 5 243 227 251 227 251 232 244 232 243 232
24 5 243 226 250 226 251 226 251 227 243 227
25 6 250 224 252 224 252 226 251 226 250 226 250 225
26 4 243 225 250 225 250 226 243 226
27 6 241 225 243 225 243 226 243 227 243 232 241 232
28 5 239 225 241 225 241 232 241 239 239 239
29 6 239 224 250 224 250 225 243 225 241 225 239 225
30 5 238 224 239 224 239 225 239 239 238 239
31 7 238 223 242 223 252 223 252 224 250 224 239 224 238 224
32 10 242 220 247 220 248 220 249 220 255 220 255 223 252 223 242 223 242 222 242 221
33 4 238 222 242 222 242 223 238 223
34 6 237 222 238 222 238 223 238 224 238 239 237 239
35 5 237 221 242 221 242 222 238 222 237 222
36 5 236 221 237 221 237 222 237 239 236 239
37 5 236 220 242 220 242 221 237 221 236 221
38 5 232 220 236 220 236 221 236 239 232 239
39 5 249 217 255 217 255 220 249 220 249 218
40 5 248 218 249 218 249 220 248 220 248 219
41 4 247 219 248 219 248 220 247 220
42 4 247 218 248 218 248 219 247 219
43 7 232 218 247 218 247 219 247 220 242 220 236 220 232 220
44 5 231 218 232 218 232 220 232 239 231 239
45 7 231 217 249 217 249 218 248 218 247 218 232 218 231 218
46 5 229 217 231 217 231 218 231 239 229 239
47 7 229 215 230 215 255 215 255 217 249 217 231 217 229 217
48 5 230 214 240 214 255 214 255 215 230 215
49 4 240 213 255 213 255 214 240 214
50 6 240 211 246 211 260 211 260 213 255 213 240 213
51 7 230 211 235 211 240 211 240 213 240 214 230 214 230 212
52 5 229 212 230 212 230 214 230 215 229 215
53 6 228 212 229 212 229 215 229 217 229 239 228 239
54 6 210 212 212 212 214 212 228 212 228 239 210 239
55 11 214 211 220 211 222 211 224 211 225 211 227 211 230 211 230 212 229 212 228 212 214 212
56 4 246 209 260 209 260 211 246 211
57 5 235 209 246 209 246 211 240 211 235 211
58 7 235 206 260 206 260 209 246 209 235 209 235 208 235 207
59 8 227 208 233 208 234 208 235 208 235 209 235 211 230 211 227 211
60 4 234 207 235 207 235 208 234 208
61 4 233 207 234 207 234 208 233 208
62 5 233 206 235 206 235 207 234 207 233 207
63 5 227 206 233 206 233 207 233 208 227 208
64 7 227 205 245 205 260 205 260 206 235 206 233 206 227 206
65 6 225 205 227 205 227 206 227 208 227 211 225 211
66 4 245 202 260 202 260 205 245 205
67 6 225 202 226 202 245 202 245 205 227 205 225 205
68 6 224 202 225 202 225 205 225 211 224 211 224 204
69 5 226 195 260 195 260 202 245 202 226 202
70 10 224 195 226 195 226 202 225 202 224 202 224 201 224 200 224 198 224 197 224 196
71 4 222 204 224 204 224 211 222 211
72 6 222 201 224 201 224 202 224 204 222 204 222 203
73 5 220 203 222 203 222 204 222 211 220 211
74 4 220 201 222 201 222 203 220 203
75 8 214 201 217 201 218 201 219 201 220 201 220 203 220 211 214 211
76 6 219 200 224 200 224 201 222 201 220 201 219 201
77 4 219 198 224 198 224 200 219 200
78 5 219 197 221 197 224 197 224 198 219 198
79 6 218 197 219 197 219 198 219 200 219 201 218 201
80 5 221 196 223 196 224 196 224 197 221 197
81 4 223 195 224 195 224 196 223 196
82 6 223 193 260 193 260 195 226 195 224 195 223 195
83 5 221 193 223 193 223 195 223 196 221 196
84 7 221 178 260 178 260 193 223 193 221 193 221 188 221 180
85 7 218 188 221 188 221 193 221 196 221 197 219 197 218 197
86 7 217 188 218 188 218 197 218 201 217 201 217 191 217 190
87 6 214 191 216 191 217 191 217 201 214 201 214 192
88 8 212 192 213 192 214 192 214 201 214 211 214 212 212 212 212 210
89 4 213 191 214 191 214 192 213 192
90 4 216 190 217 190 217 191 216 191
91 6 213 190 215 190 216 190 216 191 214 191 213 191
92 5 215 188 217 188 217 190 216 190 215 190
93 10 215 180 221 180 221 188 218 188 217 188 215 188 215 187 215 186 215 184 215 183
94 5 213 187 215 187 215 188 215 190 213 190
95 6 212 187 213 187 213 190 213 191 213 192 212 192
96 4 210 210 212 210 212 212 210 212
97 6 207 210 209 210 210 210 210 212 210 239 207 239
98 4 206 210 207 210 207 239 206 239
99 5 204 210 205 210 206 210 206 239 204 239
100 6 209 187 212 187 212 192 212 210 210 210 209 210
101 6 209 186 215 186 215 187 213 187 212 187 209 187
102 5 209 184 211 184 215 184 215 186 209 186
103 9 205 184 208 184 209 184 209 186 209 187 209 210 207 210 206 210 205 210
104 4 204 184 205 184 205 210 204 210
105 7 201 184 204 184 204 210 204 239 201 239 201 216 201 194
106 4 211 183 215 183 215 184 211 184
107 5 208 183 211 183 211 184 209 184 208 184
108 6 208 180 215 180 215 183 211 183 208 183 208 182
109 5 208 178 221 178 221 180 215 180 208 180
110 7 201 182 208 182 208 183 208 184 205 184 204 184 201 184
111 4 199 216 201 216 201 239 199 239
112 5 180 216 183 216 199 216 199 239 180 239
113 7 183 194 185 194 196 194 201 194 201 216 199 216 183 216
114 6 196 182 200 182 201 182 201 184 201 194 196 194
115 4 185 182 196 182 196 194 185 194
116 8 200 178 208 178 208 180 208 182 201 182 200 182 200 181 200 179
117 6 200 177 260 177 260 178 221 178 208 178 200 178
118 7 185 181 187 181 189 181 200 181 200 182 196 182 185 182
119 6 189 179 190 179 193 179 200 179 200 181 189 181
120 6 193 177 197 177 200 177 200 178 200 179 193 179
121 5 197 176 260 176 260 177 200 177 197 177
122 6 197 174 198 174 260 174 260 176 197 176 197 175
123 4 198 172 260 172 260 174 198 174
124 5 198 167 202 167 260 167 260 172 198 172
125 10 202 144 260 144 260 167 202 167 202 165 202 164 202 162 202 156 202 148 202 145
126 4 198 165 202 165 202 167 198 167
127 6 197 165 198 165 198 167 198 172 198 174 197 174
128 5 193 175 197 175 197 176 197 177 193 177
129 9 193 165 194 165 195 165 197 165 197 174 197 175 193 175 193 169 193 168
130 6 195 164 202 164 202 165 198 165 197 165 195 165
131 4 195 162 202 162 202 164 195 164
132 5 194 162 195 162 195 164 195 165 194 165
133 4 193 162 194 162 194 165 193 165
134 6 193 156 202 156 202 162 195 162 194 162 193 162
135 6 190 169 193 169 193 175 193 177 193 179 190 179
136 6 190 168 191 168 192 168 193 168 193 169 190 169
137 6 192 156 193 156 193 162 193 165 193 168 192 168
138 5 191 156 192 156 192 168 191 168 191 158
139 6 191 148 202 148 202 156 193 156 192 156 191 156
140 4 190 158 191 158 191 168 190 168
141 6 189 158 190 158 190 168 190 169 190 179 189 179
142 6 187 158 189 158 189 179 189 181 187 181 187 161
143 9 187 148 188 148 191 148 191 156 191 158 190 158 189 158 187 158 187 149
144 7 185 161 187 161 187 181 185 181 185 173 185 171 185 166
145 6 183 173 185 173 185 181 185 182 185 194 183 194
146 4 183 171 185 171 185 173 183 173
147 6 180 171 183 171 183 173 183 194 183 216 180 216
148 6 176 171 180 171 180 216 180 239 176 239 176 230
149 4 172 230 176 230 176 239 172 239
150 6 172 171 173 171 174 171 176 171 176 230 172 230
151 12 174 166 175 166 177 166 178 166 179 166 182 166 185 166 185 171 183 171 180 171 176 171 174 171
152 4 182 161 185 161 185 166 182 166
153 9 182 149 187 149 187 158 187 161 185 161 182 161 182 160 182 151 182 150
154 5 179 160 182 160 182 161 182 166 179 166
155 4 178 160 179 160 179 166 178 166
156 4 177 160 178 160 178 166 177 166
157 4 175 160 177 160 177 166 175 166
158 7 175 151 182 151 182 160 179 160 178 160 177 160 175 160
159 6 174 151 175 151 175 160 175 166 174 166 174 155
160 5 173 155 174 155 174 166 174 171 173 171
161 4 172 155 173 155 173 171 172 171
162 8 171 155 172 155 172 171 172 230 172 239 171 239 171 199 171 157
163 5 166 199 170 199 171 199 171 239 166 239
164 4 165 199 166 199 166 239 165 239
165 4 170 157 171 157 171 199 170 199
166 7 165 157 170 157 170 199 166 199 165 199 165 163 165 159
167 7 161 163 162 163 163 163 165 163 165 199 165 239 161 239
168 5 163 159 164 159 165 159 165 163 163 163
169 4 164 157 165 157 165 159 164 159
170 4 163 157 164 157 164 159 163 159
171 5 162 157 163 157 163 159 163 163 162 163
172 8 162 155 171 155 171 157 170 157 165 157 164 157 163 157 162 157
173 7 162 151 174 151 174 155 173 155 172 155 171 155 162 155
174 7 161 151 162 151 162 155 162 157 162 163 161 163 161 153
175 7 161 150 182 150 182 151 175 151 174 151 162 151 161 151
176 5 160 153 161 153 161 163 161 239 160 239
177 4 158 153 160 153 160 239 158 239
178 4 157 153 158 153 158 239 157 239
179 4 155 153 157 153 157 239 155 239
180 8 155 150 161 150 161 151 161 153 160 153 158 153 157 153 155 153
181 5 155 149 182 149 182 150 161 150 155 150
182 6 154 149 155 149 155 150 155 153 155 239 154 239
183 9 99 149 100 149 107 149 109 149 113 149 130 149 154 149 154 239 99 239
184 8 130 148 141 148 187 148 187 149 182 149 155 149 154 149 130 149
185 6 188 145 202 145 202 148 191 148 188 148 188 147
186 11 141 147 144 147 149 147 150 147 151 147 169 147 186 147 188 147 188 148 187 148 141 148
187 4 186 145 188 145 188 147 186 147
188 5 186 144 202 144 202 145 188 145 186 145
189 5 186 141 260 141 260 144 202 144 186 144
190 10 186 126 260 126 260 141 186 141 186 140 186 139 186 138 186 136 186 128 186 127
191 8 169 140 186 140 186 141 186 144 186 145 186 147 169 147 169 142
192 6 151 142 153 142 159 142 169 142 169 147 151 147
193 4 159 140 169 140 169 142 159 142
194 5 159 139 186 139 186 140 169 140 159 140
195 5 153 139 159 139 159 140 159 142 153 142
196 4 151 139 153 139 153 142 151 142
197 6 151 138 186 138 186 139 159 139 153 139 151 139
198 6 150 138 151 138 151 139 151 142 151 147 150 147
199 6 149 138 150 138 150 147 149 147 149 146 149 143
200 6 149 136 186 136 186 138 151 138 150 138 149 138
201 4 144 146 149 146 149 147 144 147
202 5 144 143 145 143 149 143 149 146 144 146
203 7 145 136 147 136 148 136 149 136 149 138 149 143 145 143
204 10 148 128 186 128 186 136 149 136 148 136 148 135 148 134 148 133 148 130 148 129
205 4 147 135 148 135 148 136 147 136
206 4 147 134 148 134 148 135 147 135
207 5 145 134 147 134 147 135 147 136 145 136
208 5 145 133 148 133 148 134 147 134 145 134
209 4 145 130 148 130 148 133 145 133
210 7 144 130 145 130 145 133 145 134 145 136 145 143 144 143
211 7 141 130 143 130 144 130 144 143 144 146 144 147 141 147
212 6 130 130 131 130 141 130 141 147 141 148 130 148
213 6 143 129 148 129 148 130 145 130 144 130 143 130
214 6 131 129 132 129 143 129 143 130 141 130 131 130
215 6 132 128 137 128 148 128 148 129 143 129 132 129
216 5 137 127 186 127 186 128 148 128 137 128
217 5 137 126 184 126 186 126 186 127 137 127
218 5 184 124 260 124 260 126 186 126 184 126
219 4 137 124 184 124 184 126 137 126
220 8 137 123 140 123 167 123 181 123 260 123 260 124 184 124 137 124
221 6 181 114 260 114 260 123 181 123 181 122 181 119
222 4 167 122 181 122 181 123 167 123
223 6 167 119 181 119 181 122 167 122 167 121 167 120
224 5 167 114 181 114 181 119 167 119 167 117
225 5 140 121 167 121 167 122 167 123 140 123
226 4 140 120 167 120 167 121 140 121
227 7 140 117 146 117 167 117 167 119 167 120 140 120 140 118
228 4 146 114 167 114 167 117 146 117
229 7 146 113 156 113 260 113 260 114 181 114 167 114 146 114
230 5 156 111 203 111 260 111 260 113 156 113
231 4 203 110 260 110 260 111 203 111
232 4 156 110 203 110 203 111 156 111
233 5 146 110 156 110 156 111 156 113 146 113
234 6 146 109 260 109 260 110 203 110 156 110 146 110
235 8 140 109 146 109 146 110 146 113 146 114 146 117 140 117 140 115
236 8 140 103 260 103 260 109 146 109 140 109 140 106 140 105 140 104
237 6 137 118 140 118 140 120 140 121 140 123 137 123
238 9 132 118 135 118 137 118 137 123 137 124 137 126 137 127 137 128 132 128
239 8 135 115 138 115 140 115 140 117 140 118 137 118 135 118 135 116
240 5 138 106 140 106 140 109 140 115 138 115
241 6 135 106 138 106 138 115 135 115 135 108 135 107
242 4 132 116 135 116 135 118 132 118
243 6 132 108 133 108 135 108 135 115 135 116 132 116
244 8 131 108 132 108 132 116 132 118 132 128 132 129 131 129 131 125
245 4 133 107 135 107 135 108 133 108
246 5 131 107 133 107 133 108 132 108 131 108
247 5 130 125 131 125 131 129 131 130 130 130
248 10 113 125 115 125 118 125 119 125 127 125 130 125 130 130 130 148 130 149 113 149
249 8 127 107 129 107 131 107 131 108 131 125 130 125 127 125 127 112
250 6 129 106 135 106 135 107 133 107 131 107 129 107
251 6 129 105 140 105 140 106 138 106 135 106 129 106
252 5 127 105 129 105 129 106 129 107 127 107
253 5 119 112 124 112 127 112 127 125 119 125
254 5 124 105 127 105 127 107 127 112 124 112
255 6 124 104 140 104 140 105 129 105 127 105 124 105
256 4 124 103 140 103 140 104 124 104
257 6 124 101 168 101 260 101 260 103 140 103 124 103
258 8 119 101 120 101 124 101 124 103 124 104 124 105 124 112 119 112
259 4 168 100 260 100 260 101 168 101
260 8 120 100 123 100 125 100 126 100 168 100 168 101 124 101 120 101
261 5 126 99 260 99 260 100 168 100 126 100
262 5 126 98 136 98 260 98 260 99 126 99
263 5 136 97 152 97 260 97 260 98 136 98
264 12 152 60 260 60 260 97 152 97 152 94 152 92 152 87 152 84 152 82 152 66 152 62 152 61
265 6 136 94 152 94 152 97 136 97 136 96 136 95
266 5 126 96 136 96 136 97 136 98 126 98
267 6 125 96 126 96 126 98 126 99 126 100 125 100
268 4 123 96 125 96 125 100 123 100
269 5 120 96 121 96 123 96 123 100 120 100
270 7 121 95 136 95 136 96 126 96 125 96 123 96 121 96
271 4 120 95 121 95 121 96 120 96
272 6 119 95 120 95 120 96 120 100 120 101 119 101
273 6 118 95 119 95 119 101 119 112 119 125 118 125
274 8 118 94 128 94 136 94 136 95 121 95 120 95 119 95 118 95
275 5 115 94 118 94 118 95 118 125 115 125
276 6 128 92 142 92 152 92 152 94 136 94 128 94
277 4 142 87 152 87 152 92 142 92
278 5 128 87 142 87 142 92 128 92 128 91
279 5 128 84 152 84 152 87 142 87 128 87
280 7 115 91 117 91 128 91 128 92 128 94 118 94 115 94
281 6 117 84 128 84 128 87 128 91 117 91 117 90
282 5 115 90 116 90 117 90 117 91 115 91
283 5 116 84 117 84 117 90 116 90 116 89
284 6 116 82 152 82 152 84 128 84 117 84 116 84
285 6 116 66 152 66 152 82 116 82 116 74 116 73
286 4 115 89 116 89 116 90 115 90
287 8 113 89 114 89 115 89 115 90 115 91 115 94 115 125 113 125
288 7 109 89 112 89 113 89 113 125 113 149 109 149 109 132
289 4 107 132 109 132 109 149 107 149
290 4 107 89 109 89 109 132 107 132
291 10 114 74 116 74 116 82 116 84 116 89 115 89 114 89 114 88 114 77 114 75
292 5 112 88 114 88 114 89 113 89 112 89
293 7 112 77 114 77 114 88 112 88 112 86 112 85 112 83
294 7 107 86 111 86 112 86 112 88 112 89 109 89 107 89
295 7 100 86 101 86 107 86 107 89 107 132 107 149 100 149
296 4 111 85 112 85 112 86 111 86
297 6 101 85 110 85 111 85 111 86 107 86 101 86
298 5 110 83 112 83 112 85 111 85 110 85
299 7 101 83 102 83 103 83 106 83 110 83 110 85 101 85
300 7 106 77 112 77 112 83 110 83 106 83 106 81 106 79
301 5 103 81 104 81 106 81 106 83 103 83
302 5 104 79 105 79 106 79 106 81 104 81
303 5 105 77 106 77 106 79 105 79 105 78
304 6 105 75 114 75 114 77 112 77 106 77 105 77
305 4 105 74 114 74 114 75 105 75
306 5 105 73 116 73 116 74 114 74 105 74
307 8 105 66 116 66 116 73 105 73 105 72 105 70 105 69 105 67
308 4 104 78 105 78 105 79 104 79
309 5 103 78 104 78 104 79 104 81 103 81
310 9 103 72 105 72 105 73 105 74 105 75 105 77 105 78 104 78 103 78
311 4 103 70 105 70 105 72 103 72
312 7 102 70 103 70 103 72 103 78 103 81 103 83 102 83
313 5 102 69 105 69 105 70 103 70 102 70
314 4 102 67 105 67 105 69 102 69
315 4 102 66 105 66 105 67 102 67
316 7 102 62 152 62 152 66 116 66 105 66 102 66 102 64
317 12 101 64 102 64 102 66 102 67 102 69 102 70 102 83 101 83 101 80 101 76 101 71 101 68
318 6 100 80 101 80 101 83 101 85 101 86 100 86
319 5 99 80 100 80 100 86 100 149 99 149
320 8 89 80 91 80 92 80 94 80 99 80 99 149 99 239 89 239
321 7 94 76 95 76 101 76 101 80 100 80 99 80 94 80
322 5 95 71 98 71 101 71 101 76 95 76
323 4 98 68 101 68 101 71 98 71
324 5 98 64 101 64 101 68 98 68 98 65
325 6 95 65 96 65 98 65 98 68 98 71 95 71
326 5 96 64 97 64 98 64 98 65 96 65
327 6 97 62 102 62 102 64 101 64 98 64 97 64
328 5 97 61 152 61 152 62 102 62 97 62
329 5 96 61 97 61 97 62 97 64 96 64
330 6 96 60 108 60 152 60 152 61 97 61 96 61
331 5 108 57 260 57 260 60 152 60 108 60
332 5 108 55 139 55 260 55 260 57 108 57
333 4 139 50 260 50 260 55 139 55
334 4 108 50 139 50 139 55 108 55
335 7 108 30 260 30 260 50 139 50 108 50 108 33 108 31
336 11 96 33 108 33 108 50 108 55 108 57 108 60 96 60 96 46 96 43 96 42 96 35
337 7 95 46 96 46 96 60 96 61 96 64 96 65 95 65
338 10 94 46 95 46 95 65 95 71 95 76 94 76 94 59 94 54 94 53 94 52
339 6 92 59 93 59 94 59 94 76 94 80 92 80
340 4 91 59 92 59 92 80 91 80
341 5 93 54 94 54 94 59 93 59 93 56
342 4 93 53 94 53 94 54 93 54
343 5 91 56 93 56 93 59 92 59 91 59
344 5 89 56 91 56 91 59 91 80 89 80
345 5 86 56 89 56 89 80 89 239 86 239
346 4 84 56 86 56 86 239 84 239
347 9 84 53 90 53 93 53 93 54 93 56 91 56 89 56 86 56 84 56
348 5 90 52 94 52 94 53 93 53 90 53
349 5 84 52 88 52 90 52 90 53 84 53
350 6 83 52 84 52 84 53 84 56 84 239 83 239
351 8 76 52 77 52 79 52 80 52 81 52 83 52 83 239 76 239
352 8 88 46 94 46 94 52 90 52 88 52 88 51 88 49 88 48
353 8 81 51 82 51 85 51 88 51 88 52 84 52 83 52 81 52
354 4 80 51 81 51 81 52 80 52
355 5 85 49 87 49 88 49 88 51 85 51
356 4 82 49 85 49 85 51 82 51
357 4 87 48 88 48 88 49 87 49
358 5 82 48 87 48 87 49 85 49 82 49
359 5 82 46 88 46 88 48 87 48 82 48
360 7 82 43 96 43 96 46 95 46 94 46 88 46 82 46
361 8 80 43 82 43 82 46 82 48 82 49 82 51 81 51 80 51
362 7 79 43 80 43 80 51 80 52 79 52 79 47 79 45
363 6 79 42 96 42 96 43 82 43 80 43 79 43
364 5 77 47 78 47 79 47 79 52 77 52
365 4 78 45 79 45 79 47 78 47
366 5 78 42 79 42 79 43 79 45 78 45
367 6 77 42 78 42 78 45 78 47 77 47 77 44
368 5 76 44 77 44 77 47 77 52 76 52
369 8 70 44 73 44 74 44 75 44 76 44 76 52 76 239 70 239
370 4 69 44 70 44 70 239 69 239
371 5 75 42 77 42 77 44 76 44 75 44
372 8 75 35 96 35 96 42 79 42 78 42 77 42 75 42 75 41
373 5 74 41 75 41 75 42 75 44 74 44
374 4 73 41 74 41 74 44 73 44
375 7 69 41 71 41 72 41 73 41 73 44 70 44 69 44
376 5 67 41 69 41 69 44 69 239 67 239
377 10 72 35 75 35 75 41 74 41 73 41 72 41 72 40 72 39 72 38 72 37
378 4 71 40 72 40 72 41 71 41
379 4 71 39 72 39 72 40 71 40
380 7 67 39 68 39 71 39 71 40 71 41 69 41 67 41
381 5 66 39 67 39 67 41 67 239 66 239
382 6 65 39 66 39 66 239 65 239 65 154 65 58
383 5 68 38 72 38 72 39 71 39 68 39
384 6 65 38 68 38 68 39 67 39 66 39 65 39
385 5 65 37 72 37 72 38 68 38 65 38
386 5 64 154 65 154 65 239 64 239 64 185
387 5 64 58 65 58 65 154 64 154 64 152
388 4 62 185 64 185 64 239 62 239
389 5 61 185 62 185 62 239 61 239 61 189
390 8 46 189 47 189 48 189 58 189 59 189 61 189 61 239 46 239
391 4 59 185 61 185 61 189 59 189
392 4 58 185 59 185 59 189 58 189
393 8 58 152 64 152 64 154 64 185 62 185 61 185 59 185 58 185
394 5 58 58 63 58 64 58 64 152 58 152
395 6 48 58 58 58 58 152 58 185 58 189 48 189
396 7 63 37 65 37 65 38 65 39 65 58 64 58 63 58
397 5 63 35 72 35 72 37 65 37 63 37
398 11 48 35 49 35 54 35 55 35 56 35 60 35 63 35 63 37 63 58 58 58 48 58
399 8 60 33 96 33 96 35 75 35 72 35 63 35 60 35 60 34
400 5 56 34 57 34 60 34 60 35 56 35
401 4 57 33 60 33 60 34 57 34
402 6 57 31 108 31 108 33 96 33 60 33 57 33
403 4 57 30 108 30 108 31 57 31
404 6 56 30 57 30 57 31 57 33 57 34 56 34
405 8 56 5 260 5 260 30 108 30 57 30 56 30 56 27 56 23
406 6 55 27 56 27 56 30 56 34 56 35 55 35
407 6 54 27 55 27 55 35 54 35 54 29 54 28
408 7 49 29 51 29 52 29 53 29 54 29 54 35 49 35
409 4 53 28 54 28 54 29 53 29
410 4 53 27 54 27 54 28 53 28
411 6 53 23 56 23 56 27 55 27 54 27 53 27
412 6 53 5 56 5 56 23 53 23 53 10 53 6
413 11 52 10 53 10 53 23 53 27 53 28 53 29 52 29 52 26 52 14 52 12 52 11
414 4 51 26 52 26 52 29 51 29
415 4 51 14 52 14 52 26 51 26
416 6 49 14 51 14 51 26 51 29 49 29 49 17
417 5 48 17 49 17 49 29 49 35 48 35
418 6 47 17 48 17 48 35 48 58 48 189 47 189
419 5 46 17 47 17 47 189 46 189 46 18
420 5 45 18 46 18 46 189 46 239 45 239
421 5 44 18 45 18 45 239 44 239 44 170
422 6 41 170 42 170 43 170 44 170 44 239 41 239
423 4 43 18 44 18 44 170 43 170
424 4 42 18 43 18 43 170 42 170
425 5 41 18 42 18 42 170 41 170 41 19
426 7 40 19 41 19 41 170 41 239 40 239 40 21 40 20
427 4 39 21 40 21 40 239 39 239
428 4 38 21 39 21 39 239 38 239
429 6 37 21 38 21 38 239 37 239 37 24 37 22
430 5 34 24 37 24 37 239 34 239 34 25
431 4 33 25 34 25 34 239 33 239
432 4 33 24 34 24 34 25 33 25
433 5 30 24 33 24 33 25 33 239 30 239
434 5 27 24 28 24 30 24 30 239 27 239
435 6 22 24 24 24 25 24 27 24 27 239 22 239
436 7 28 22 37 22 37 24 34 24 33 24 30 24 28 24
437 6 28 21 29 21 35 21 37 21 37 22 28 22
438 7 35 20 40 20 40 21 39 21 38 21 37 21 35 21
439 4 29 20 35 20 35 21 29 21
440 6 29 19 36 19 40 19 40 20 35 20 29 20
441 5 28 19 29 19 29 20 29 21 28 21
442 7 25 19 28 19 28 21 28 22 28 24 27 24 25 24
443 5 36 18 41 18 41 19 40 19 36 19
444 9 36 17 46 17 46 18 45 18 44 18 43 18 42 18 41 18 36 18
445 8 36 14 49 14 49 17 48 17 47 17 46 17 36 17 36 15
446 10 25 15 32 15 36 15 36 17 36 18 36 19 29 19 28 19 25 19 25 16
447 5 24 16 25 16 25 19 25 24 24 24
448 4 24 15 25 15 25 16 24 16
449 5 22 15 24 15 24 16 24 24 22 24
450 6 20 15 21 15 22 15 22 24 22 239 20 239
451 4 32 14 36 14 36 15 32 15
452 8 32 12 52 12 52 14 51 14 49 14 36 14 32 14 32 13
453 10 21 13 23 13 26 13 32 13 32 14 32 15 25 15 24 15 22 15 21 15
454 4 26 12 32 12 32 13 26 13
455 5 26 11 52 11 52 12 32 12 26 12
456 5 26 10 50 10 52 10 52 11 26 11
457 6 23 10 26 10 26 11 26 12 26 13 23 13
458 7 50 6 53 6 53 10 52 10 50 10 50 8 50 7
459 4 50 5 53 5 53 6 50 6
460 9 50 3 122 3 134 3 260 3 260 5 56 5 53 5 50 5 50 4
461 5 23 8 50 8 50 10 26 10 23 10
462 6 21 8 23 8 23 10 23 13 21 13 21 9
463 6 21 7 31 7 50 7 50 8 23 8 21 8
464 5 20 9 21 9 21 13 21 15 20 15
465 5 19 9 20 9 20 15 20 239 19 239
466 5 17 9 18 9 19 9 19 239 17 239
467 4 16 9 17 9 17 239 16 239
468 7 18 7 21 7 21 8 21 9 20 9 19 9 18 9
469 6 31 4 50 4 50 5 50 6 50 7 31 7
470 4 31 3 50 3 50 4 31 4
471 6 18 3 31 3 31 4 31 7 21 7 18 7
472 5 134 0 260 0 260 3 134 3 134 2
473 4 122 2 134 2 134 3 122 3
474 4 122 0 134 0 134 2 122 2
475 7 18 0 122 0 122 2 122 3 50 3 31 3 18 3
476 7 16 0 18 0 18 3 18 7 18 9 17 9 16 9
477 5 15 0 16 0 16 9 16 239 15 239
478 4 14 0 15 0 15 239 14 239
479 5 13 0 14 0 14 239 13 239 13 1
480 5 12 1 13 1 13 239 12 239 12 102
481 6 10 102 11 102 12 102 12 239 10 239 10 131
482 5 11 1 12 1 12 102 11 102 11 63
483 4 10 63 11 63 11 102 10 102
484 4 9 131 10 131 10 239 9 239
485 4 8 131 9 131 9 239 8 239
486 4 7 131 8 131 8 239 7 239
487 7 7 63 10 63 10 102 10 131 9 131 8 131 7 131
488 6 6 63 7 63 7 131 7 239 6 239 6 137
489 8 6 1 11 1 11 63 10 63 7 63 6 63 6 36 6 32
490 5 4 137 5 137 6 137 6 239 4 239
491 5 5 36 6 36 6 63 6 137 5 137
492 4 5 32 6 32 6 36 5 36
493 5 4 32 5 32 5 36 5 137 4 137
494 6 3 32 4 32 4 137 4 239 3 239 3 93
495 6 3 1 6 1 6 32 5 32 4 32 3 32
496 4 2 93 3 93 3 239 2 239
497 5 2 1 3 1 3 32 3 93 2 93
498 8 2 0 13 0 13 1 12 1 11 1 6 1 3 1 2 1
499 6 1 0 2 0 2 1 2 93 2 239 1 239
500 4 0 0 1 0 1 239 0 239
500
1 68 0 248 1 248 3 248 4 248 7 248 8 248 10 248 11 248 12 248 13 248 14 248 15 248 16 248 17 248 18 248 19 248 24 248 27 248 28 248 29 248 30 248 32 248 35 248 36 248 37 248 38 248 41 248 84 248 89 248 93 248 103 248 105 248 147 248 148 248 151 248 154 248 170 248 173 248 174 248 177 248 180 248 182 248 184 248 186 248 190 248 192 248 193 248 194 248 195 248 196 248 198 248 199 248 201 248 202 248 204 248 205 248 209 248 211 248 212 248 235 248 236 248 239 248 241 248 242 248 245 248 252 248 252 249 0 249
2 8 245 247 246 247 248 247 249 247 251 247 252 247 252 248 245 248
3 63 251 0 252 0 252 247 251 247 251 242 251 217 251 211 251 210 251 209 251 207 251 206 251 202 251 201 251 200 251 193 251 192 251 188 251 172 251 170 251 167 251 166 251 165 251 164 251 163 251 160 251 147 251 145 251 144 251 143 251 142 251 139 251 138 251 137 251 135 251 131 251 129 251 127 251 125 251 123 251 122 251 121 251 120 251 118 251 116 251 114 251 99 251 98 251 96 251 95 251 77 251 76 251 75 251 73 251 66 251 49 251 47 251 43 251 40 251 33 251 24 251 3 251 2 251 1
4 5 249 242 250 242 251 242 251 247 249 247
5 10 250 217 251 217 251 242 250 242 250 241 250 239 250 229 250 228 250 226 250 223
6 4 249 241 250 241 250 242 249 242
7 5 248 241 249 241 249 242 249 247 248 247
8 5 248 239 250 239 250 241 249 241 248 241
9 6 248 229 250 229 250 239 248 239 248 238 248 237
10 7 246 238 248 238 248 239 248 241 248 247 246 247 246 240
11 4 245 240 246 240 246 247 245 247
12 6 242 240 245 240 245 247 245 248 242 248 242 243
13 5 241 243 242 243 242 248 241 248 241 244
14 4 239 244 241 244 241 248 239 248
15 4 239 243 241 243 241 244 239 244
16 5 236 243 239 243 239 244 239 248 236 248
17 4 235 243 236 243 236 248 235 248
18 8 235 240 238 240 242 240 242 243 241 243 239 243 236 243 235 243
19 5 212 240 235 240 235 243 235 248 212 248
20 6 238 238 246 238 246 240 245 240 242 240 238 240
21 6 212 238 213 238 238 238 238 240 235 240 212 240
22 9 213 237 214 237 230 237 237 237 248 237 248 238 246 238 238 238 213 238
23 5 237 229 248 229 248 237 237 237 237 231
24 5 237 228 250 228 250 229 248 229 237 229
25 7 230 231 231 231 237 231 237 237 230 237 230 236 230 235
26 5 231 228 237 228 237 229 237 231 231 231
27 5 231 226 250 226 250 228 237 228 231 228
28 4 231 223 250 223 250 226 231 226
29 7 230 223 231 223 231 226 231 228 231 231 230 231 230 227
30 7 230 217 250 217 250 223 231 223 230 223 230 222 230 218
31 8 214 236 215 236 217 236 225 236 228 236 230 236 230 237 214 237
32 5 228 235 229 235 230 235 230 236 228 236
33 6 229 227 230 227 230 231 230 235 229 235 229 232
34 7 229 222 230 222 230 223 230 227 229 227 229 225 229 224
35 5 228 232 229 232 229 235 228 235 228 234
36 6 228 225 229 225 229 227 229 232 228 232 228 230
37 5 225 234 228 234 228 235 228 236 225 236
38 5 225 230 228 230 228 232 228 234 225 234
39 4 225 225 228 225 228 230 225 230
40 6 217 225 225 225 225 230 225 234 225 236 217 236
41 6 217 224 229 224 229 225 228 225 225 225 217 225
42 5 217 222 227 222 229 222 229 224 217 224
43 6 215 222 217 222 217 224 217 225 217 236 215 236
44 6 227 218 230 218 230 222 229 222 227 222 227 219
45 7 215 219 216 219 221 219 227 219 227 222 217 222 215 222
46 4 221 218 227 218 227 219 221 219
47 4 216 218 221 218 221 219 216 219
48 7 216 217 224 217 230 217 230 218 227 218 221 218 216 218
49 9 224 211 251 211 251 217 250 217 230 217 224 217 224 216 224 214 224 213
50 4 216 216 224 216 224 217 216 217
51 7 216 214 218 214 219 214 220 214 224 214 224 216 216 216
52 6 220 213 222 213 223 213 224 213 224 214 220 214
53 5 223 211 224 211 224 213 223 213 223 212
54 4 222 212 223 212 223 213 222 213
55 4 222 211 223 211 223 212 222 212
56 6 222 210 251 210 251 211 224 211 223 211 222 211
57 5 222 209 226 209 251 209 251 210 222 210
58 5 226 207 251 207 251 209 226 209 226 208
59 4 222 208 226 208 226 209 222 209
60 8 220 208 222 208 222 209 222 210 222 211 222 212 222 213 220 213
61 5 220 207 226 207 226 208 222 208 220 208
62 6 220 206 244 206 251 206 251 207 226 207 220 207
63 4 244 202 251 202 251 206 244 206
64 5 220 202 233 202 244 202 244 206 220 206
65 5 233 201 251 201 251 202 244 202 233 202
66 4 233 200 251 200 251 201 233 201
67 5 220 200 233 200 233 201 233 202 220 202
68 10 219 200 220 200 220 202 220 206 220 207 220 208 220 213 220 214 219 214 219 204
69 8 219 193 251 193 251 200 233 200 220 200 219 200 219 195 219 194
70 4 218 204 219 204 219 214 218 214
71 4 216 204 218 204 218 214 216 214
72 8 215 204 216 204 216 214 216 216 216 217 216 218 216 219 215 219
73 9 215 195 219 195 219 200 219 204 218 204 216 204 215 204 215 199 215 196
74 7 214 199 215 199 215 204 215 219 215 222 215 236 214 236
75 4 214 196 215 196 215 199 214 199
76 6 213 196 214 196 214 199 214 236 214 237 213 237
77 5 212 196 213 196 213 237 213 238 212 238
78 6 211 196 212 196 212 238 212 240 212 248 211 248
79 7 211 195 215 195 215 196 214 196 213 196 212 196 211 196
80 6 209 195 211 195 211 196 211 248 209 248 209 220
81 5 205 220 207 220 209 220 209 248 205 248
82 4 207 195 209 195 209 220 207 220
83 8 207 194 208 194 219 194 219 195 215 195 211 195 209 195 207 195
84 5 205 194 207 194 207 195 207 220 205 220
85 4 208 193 219 193 219 194 208 194
86 5 208 192 251 192 251 193 219 193 208 193
87 5 208 188 243 188 251 188 251 192 208 192
88 8 243 172 251 172 251 188 243 188 243 187 243 184 243 175 243 174
89 5 208 187 240 187 243 187 243 188 208 188
90 8 205 187 208 187 208 188 208 192 208 193 208 194 207 194 205 194
91 6 204 187 205 187 205 194 205 220 205 248 204 248
92 4 240 184 243 184 243 187 240 187
93 6 204 184 240 184 240 187 208 187 205 187 204 187
94 5 202 184 204 184 204 187 204 248 202 248
95 10 202 175 243 175 243 184 240 184 204 184 202 184 202 181 202 180 202 179 202 177
96 6 201 181 202 181 202 184 202 248 201 248 201 198
97 5 199 198 201 198 201 248 199 248 199 205
98 4 198 205 199 205 199 248 198 248
99 5 196 205 198 205 198 248 196 248 196 221
100 5 195 221 196 221 196 248 195 248 195 233
101 4 194 233 195 233 195 248 194 248
102 4 193 233 194 233 194 248 193 248
103 5 192 233 193 233 193 248 192 248 192 245
104 6 192 221 195 221 195 233 194 233 193 233 192 233
105 5 192 205 196 205 196 221 195 221 192 221
106 5 190 245 191 245 192 245 192 248 190 248
107 5 186 245 188 245 190 245 190 248 186 248
108 6 191 205 192 205 192 221 192 233 192 245 191 245
109 7 191 198 199 198 199 205 198 205 196 205 192 205 191 205
110 6 188 198 191 198 191 205 191 245 190 245 188 245
111 8 188 181 201 181 201 198 199 198 191 198 188 198 188 189 188 183
112 6 186 189 187 189 188 189 188 198 188 245 186 245
113 5 184 189 186 189 186 245 186 248 184 248
114 5 182 189 184 189 184 248 182 248 182 190
115 6 180 190 182 190 182 248 180 248 180 203 180 197
116 4 180 189 182 189 182 190 180 190
117 5 187 183 188 183 188 189 187 189 187 185
118 8 180 185 187 185 187 189 186 189 184 189 182 189 180 189 180 186
119 4 177 203 180 203 180 248 177 248
120 4 174 203 177 203 177 248 174 248
121 6 174 197 176 197 180 197 180 203 177 203 174 203
122 6 173 197 174 197 174 203 174 248 173 248 173 215
123 6 176 186 180 186 180 189 180 190 180 197 176 197
124 5 173 186 176 186 176 197 174 197 173 197
125 5 170 215 172 215 173 215 173 248 170 248
126 5 172 186 173 186 173 197 173 215 172 215
127 4 170 186 172 186 172 215 170 215
128 7 154 186 159 186 169 186 170 186 170 215 170 248 154 248
129 9 169 185 179 185 180 185 180 186 176 186 173 186 172 186 170 186 169 186
130 5 179 183 187 183 187 185 180 185 179 185
131 6 179 181 188 181 188 183 187 183 179 183 179 182
132 6 179 180 202 180 202 181 201 181 188 181 179 181
133 6 169 182 175 182 179 182 179 183 179 185 169 185
134 5 175 180 179 180 179 181 179 182 175 182
135 4 169 180 175 180 175 182 169 182
136 7 159 180 160 180 169 180 169 182 169 185 169 186 159 186
137 8 160 179 161 179 202 179 202 180 179 180 175 180 169 180 160 180
138 4 161 177 202 177 202 179 161 179
139 5 161 175 162 175 202 175 202 177 161 177
140 6 162 174 163 174 243 174 243 175 202 175 162 175
141 5 163 172 166 172 243 172 243 174 163 174
142 7 166 170 210 170 251 170 251 172 243 172 166 172 166 171
143 5 210 167 251 167 251 170 210 170 210 168
144 7 166 168 171 168 185 168 200 168 210 168 210 170 166 170
145 5 200 167 206 167 210 167 210 168 200 168
146 4 185 167 200 167 200 168 185 168
147 5 206 166 251 166 251 167 210 167 206 167
148 6 185 166 197 166 206 166 206 167 200 167 185 167
149 5 197 165 251 165 251 166 206 166 197 166
150 4 197 164 251 164 251 165 197 165
151 5 185 164 197 164 197 165 197 166 185 166
152 5 185 163 251 163 251 164 197 164 185 164
153 7 171 163 185 163 185 164 185 166 185 167 185 168 171 168
154 8 171 160 178 160 247 160 251 160 251 163 185 163 171 163 171 162
155 7 247 147 251 147 251 160 247 160 247 158 247 157 247 156
156 4 178 158 247 158 247 160 178 160
157 5 171 158 178 158 178 160 171 160 171 159
158 6 171 157 232 157 247 157 247 158 178 158 171 158
159 6 166 162 168 162 171 162 171 163 171 168 166 168
160 6 168 159 171 159 171 160 171 162 168 162 168 161
161 4 166 161 168 161 168 162 166 162
162 4 166 159 168 159 168 161 166 161
163 4 163 171 166 171 166 172 163 172
164 10 163 159 164 159 165 159 166 159 166 161 166 162 166 168 166 170 166 171 163 171
165 7 165 157 171 157 171 158 171 159 168 159 166 159 165 159
166 4 232 156 247 156 247 157 232 157
167 5 165 156 232 156 232 157 171 157 165 157
168 5 164 156 165 156 165 157 165 159 164 159
169 8 164 147 183 147 247 147 247 156 232 156 165 156 164 156 164 155
170 6 183 145 234 145 251 145 251 147 247 147 183 147
171 6 164 145 167 145 183 145 183 147 164 147 164 146
172 5 163 155 164 155 164 156 164 159 163 159
173 7 162 155 163 155 163 159 163 171 163 172 163 174 162 174
174 6 161 155 162 155 162 174 162 175 161 175 161 173
175 8 161 146 164 146 164 147 164 155 163 155 162 155 161 155 161 148
176 6 160 173 161 173 161 175 161 177 161 179 160 179
177 5 159 173 160 173 160 179 160 180 159 180
178 7 159 148 161 148 161 155 161 173 160 173 159 173 159 149
179 10 154 149 156 149 159 149 159 173 159 180 159 186 154 186 154 154 154 152 154 150
180 7 151 154 153 154 154 154 154 186 154 248 151 248 151 246
181 5 153 152 154 152 154 154 153 154 153 153
182 5 153 150 154 150 154 152 153 152 153 151
183 4 153 149 154 149 154 150 153 150
184 4 151 153 153 153 153 154 151 154
185 5 151 151 153 151 153 152 153 153 151 153
186 5 148 246 150 246 151 246 151 248 148 248
187 6 150 151 151 151 151 153 151 154 151 246 150 246
188 4 148 151 150 151 150 246 148 246
189 5 147 151 148 151 148 246 148 248 147 248
190 5 105 151 110 151 147 151 147 248 105 248
191 12 110 149 125 149 144 149 145 149 153 149 153 150 153 151 151 151 150 151 148 151 147 151 110 151
192 4 156 148 159 148 159 149 156 149
193 6 145 148 156 148 156 149 154 149 153 149 145 149
194 6 145 146 161 146 161 148 159 148 156 148 145 148
195 5 144 146 145 146 145 148 145 149 144 149
196 4 125 146 144 146 144 149 125 149
197 10 125 145 127 145 130 145 141 145 164 145 164 146 161 146 145 146 144 146 125 146
198 4 234 144 251 144 251 145 234 145
199 4 234 143 251 143 251 144 234 144
200 6 167 143 234 143 234 144 234 145 183 145 167 145
201 5 167 142 251 142 251 143 234 143 167 143
202 6 167 139 251 139 251 142 167 142 167 141 167 140
203 8 141 141 146 141 167 141 167 142 167 143 167 145 164 145 141 145
204 5 146 140 157 140 167 140 167 141 146 141
205 4 141 140 146 140 146 141 141 141
206 4 157 139 167 139 167 140 157 140
207 5 141 139 157 139 157 140 146 140 141 140
208 10 141 138 142 138 149 138 155 138 181 138 251 138 251 139 167 139 157 139 141 139
209 9 130 138 134 138 138 138 141 138 141 139 141 140 141 141 141 145 130 145
210 4 181 137 251 137 251 138 181 138
211 4 181 135 251 135 251 137 181 137
212 5 155 135 181 135 181 137 181 138 155 138
213 7 155 131 251 131 251 135 181 135 155 135 155 133 155 132
214 5 149 133 155 133 155 135 155 138 149 138
215 5 142 133 149 133 149 138 142 138 142 134
216 5 138 134 142 134 142 138 141 138 138 138
217 5 134 134 138 134 138 138 134 138 134 136
218 5 134 133 142 133 142 134 138 134 134 134
219 8 134 132 137 132 152 132 155 132 155 133 149 133 142 133 134 133
220 4 130 136 134 136 134 138 130 138
221 5 127 136 130 136 130 138 130 145 127 145
222 4 125 136 127 136 127 145 125 145
223 10 110 136 112 136 113 136 114 136 116 136 125 136 125 145 125 146 125 149 110 149
224 14 116 132 121 132 122 132 123 132 131 132 133 132 134 132 134 133 134 134 134 136 130 136 127 136 125 136 116 136
225 4 152 131 155 131 155 132 152 132
226 5 152 129 251 129 251 131 155 131 152 131
227 4 152 127 251 127 251 129 152 129
228 5 152 125 251 125 251 127 152 127 152 126
229 7 137 126 152 126 152 127 152 129 152 131 152 132 137 132
230 6 133 126 137 126 137 132 134 132 133 132 133 130
231 5 133 125 152 125 152 126 137 126 133 126
232 5 133 123 251 123 251 125 152 125 133 125
233 4 133 122 251 122 251 123 133 123
234 4 131 130 133 130 133 132 131 132
235 4 123 130 131 130 131 132 123 132
236 8 123 122 133 122 133 123 133 125 133 126 133 130 131 130 123 130
237 6 123 121 143 121 251 121 251 122 133 122 123 122
238 6 122 121 123 121 123 122 123 130 123 132 122 132
239 4 143 120 251 120 251 121 143 121
240 4 143 118 251 118 251 120 143 120
241 4 143 116 251 116 251 118 143 118
242 4 143 114 251 114 251 116 143 116
243 8 143 99 158 99 251 99 251 114 143 114 143 112 143 111 143 100
244 9 122 112 143 112 143 114 143 116 143 118 143 120 143 121 123 121 122 121
245 5 122 111 132 111 143 111 143 112 122 112
246 7 121 111 122 111 122 112 122 121 122 132 121 132 121 115
247 6 116 115 119 115 120 115 121 115 121 132 116 132
248 5 114 115 116 115 116 132 116 136 114 136
249 4 120 111 121 111 121 115 120 115
250 8 132 100 143 100 143 111 132 111 132 109 132 108 132 104 132 101
251 6 120 109 132 109 132 111 122 111 121 111 120 111
252 4 120 108 132 108 132 109 120 109
253 7 119 108 120 108 120 109 120 111 120 115 119 115 119 110
254 7 119 104 124 104 126 104 132 104 132 108 120 108 119 108
255 5 114 110 119 110 119 115 116 115 114 115
256 6 113 110 114 110 114 115 114 136 113 136 113 119
257 6 113 104 119 104 119 108 119 110 114 110 113 110
258 5 126 101 132 101 132 104 126 104 126 102
259 4 124 102 126 102 126 104 124 104
260 5 113 102 124 102 124 104 119 104 113 104
261 4 112 119 113 119 113 136 112 136
262 8 112 102 113 102 113 104 113 110 113 119 112 119 112 107 112 105
263 6 112 101 126 101 126 102 124 102 113 102 112 102
264 5 112 100 132 100 132 101 126 101 112 101
265 5 110 107 112 107 112 119 112 136 110 136
266 7 105 107 106 107 110 107 110 136 110 149 110 151 105 151
267 5 103 107 105 107 105 151 105 248 103 248
268 7 93 107 94 107 99 107 102 107 103 107 103 248 93 248
269 5 106 105 112 105 112 107 110 107 106 107
270 6 102 105 106 105 106 107 105 107 103 107 102 107
271 7 102 100 112 100 112 101 112 102 112 105 106 105 102 105
272 9 102 99 107 99 135 99 136 99 143 99 143 100 132 100 112 100 102 100
273 4 158 98 251 98 251 99 158 99
274 5 136 98 158 98 158 99 143 99 136 99
275 5 136 96 251 96 251 98 158 98 136 98
276 4 136 95 251 95 251 96 136 96
277 9 136 77 251 77 251 95 136 95 136 93 136 92 136 83 136 79 136 78
278 7 135 93 136 93 136 95 136 96 136 98 136 99 135 99
279 4 135 92 136 92 136 93 135 93
280 7 107 92 108 92 128 92 135 92 135 93 135 99 107 99
281 6 128 83 136 83 136 92 135 92 128 92 128 89
282 5 108 89 117 89 128 89 128 92 108 92
283 6 117 83 128 83 128 89 117 89 117 86 117 84
284 6 108 86 117 86 117 89 108 89 108 88 108 87
285 5 107 88 108 88 108 89 108 92 107 92
286 5 102 88 107 88 107 92 107 99 102 99
287 8 99 88 102 88 102 99 102 100 102 105 102 107 99 107 99 103
288 6 94 103 95 103 96 103 99 103 99 107 94 107
289 5 96 88 97 88 99 88 99 103 96 103
290 8 97 87 101 87 108 87 108 88 107 88 102 88 99 88 97 88
291 5 101 86 104 86 108 86 108 87 101 87
292 4 97 86 101 86 101 87 97 87
293 6 104 84 109 84 117 84 117 86 108 86 104 86
294 4 109 83 117 83 117 84 109 84
295 6 109 79 136 79 136 83 128 83 117 83 109 83
296 5 104 79 109 79 109 83 109 84 104 84
297 6 97 79 104 79 104 84 104 86 101 86 97 86
298 6 97 78 136 78 136 79 109 79 104 79 97 79
299 7 96 78 97 78 97 79 97 86 97 87 97 88 96 88
300 5 96 77 136 77 136 78 97 78 96 78
301 6 95 77 96 77 96 78 96 88 96 103 95 103
302 6 95 76 251 76 251 77 136 77 96 77 95 77
303 4 95 75 251 75 251 76 95 76
304 9 94 75 95 75 95 76 95 77 95 103 94 103 94 97 94 94 94 82
305 7 94 73 115 73 140 73 251 73 251 75 95 75 94 75
306 5 93 97 94 97 94 103 94 107 93 107
307 5 89 97 93 97 93 107 93 248 89 248
308 9 84 97 85 97 86 97 89 97 89 248 84 248 84 169 84 124 84 117
309 8 86 94 88 94 92 94 94 94 94 97 93 97 89 97 86 97
310 4 92 82 94 82 94 94 92 94
311 5 92 73 94 73 94 75 94 82 92 82
312 7 140 66 251 66 251 73 140 73 140 72 140 71 140 68
313 6 115 72 118 72 129 72 140 72 140 73 115 73
314 5 92 72 115 72 115 73 94 73 92 73
315 4 129 71 140 71 140 72 129 72
316 4 129 68 140 68 140 71 129 71
317 4 129 66 140 66 140 68 129 68
318 7 129 49 251 49 251 66 140 66 129 66 129 55 129 51
319 8 118 55 129 55 129 66 129 68 129 71 129 72 118 72 118 57
320 6 92 57 118 57 118 72 115 72 92 72 92 70
321 9 88 70 91 70 92 70 92 72 92 73 92 82 92 94 88 94 88 74
322 5 86 74 87 74 88 74 88 94 86 94
323 4 87 70 88 70 88 74 87 74
324 4 86 70 87 70 87 74 86 74
325 6 85 70 86 70 86 74 86 94 86 97 85 97
326 7 91 57 92 57 92 70 91 70 91 69 91 59 91 58
327 7 85 69 91 69 91 70 88 70 87 70 86 70 85 70
328 5 85 59 91 59 91 69 85 69 85 60
329 8 84 60 85 60 85 69 85 70 85 97 84 97 84 65 84 64
330 10 41 169 62 169 63 169 78 169 81 169 82 169 83 169 84 169 84 248 41 248
331 4 83 124 84 124 84 169 83 169
332 4 82 124 83 124 83 169 82 169
333 5 82 117 84 117 84 124 83 124 82 124
334 5 82 65 84 65 84 97 84 117 82 117
335 7 81 65 82 65 82 117 82 124 82 169 81 169 81 113
336 4 78 113 81 113 81 169 78 169
337 8 63 113 64 113 72 113 74 113 76 113 78 113 78 169 63 169
338 8 76 65 79 65 80 65 81 65 81 113 78 113 76 113 76 85
339 6 80 64 84 64 84 65 82 65 81 65 80 65
340 5 80 60 84 60 84 64 80 64 80 62
341 5 79 62 80 62 80 64 80 65 79 65
342 4 76 62 79 62 79 65 76 65
343 5 76 60 80 60 80 62 79 62 76 62
344 6 76 59 85 59 85 60 84 60 80 60 76 60
345 4 74 85 76 85 76 113 74 113
346 4 72 85 74 85 74 113 72 113
347 8 72 59 76 59 76 60 76 62 76 65 76 85 74 85 72 85
348 7 64 59 67 59 70 59 72 59 72 85 72 113 64 113
349 7 70 58 91 58 91 59 85 59 76 59 72 59 70 59
350 4 67 58 70 58 70 59 67 59
351 5 67 57 91 57 91 58 70 58 67 58
352 9 67 55 71 55 73 55 118 55 118 57 92 57 91 57 67 57 67 56
353 7 64 56 65 56 67 56 67 57 67 58 67 59 64 59
354 5 63 56 64 56 64 59 64 113 63 113
355 6 62 56 63 56 63 113 63 169 62 169 62 91
356 4 65 55 67 55 67 56 65 56
357 6 73 51 129 51 129 55 118 55 73 55 73 53
358 5 71 53 73 53 73 55 71 55 71 54
359 4 71 51 73 51 73 53 71 53
360 6 71 49 100 49 129 49 129 51 73 51 71 51
361 6 100 47 251 47 251 49 129 49 100 49 100 48
362 5 100 43 251 43 251 47 100 47 100 45
363 8 100 40 111 40 189 40 251 40 251 43 100 43 100 42 100 41
364 4 71 48 100 48 100 49 71 49
365 6 65 54 68 54 71 54 71 55 67 55 65 55
366 7 68 48 71 48 71 49 71 51 71 53 71 54 68 54
367 7 68 45 98 45 100 45 100 47 100 48 71 48 68 48
368 6 98 42 100 42 100 43 100 45 98 45 98 44
369 4 68 44 98 44 98 45 68 45
370 6 65 44 68 44 68 45 68 48 68 54 65 54
371 8 62 44 65 44 65 54 65 55 65 56 64 56 63 56 62 56
372 8 62 42 69 42 75 42 98 42 98 44 68 44 65 44 62 44
373 11 41 91 42 91 47 91 48 91 51 91 52 91 60 91 61 91 62 91 62 169 41 169
374 7 61 42 62 42 62 44 62 56 62 91 61 91 61 81
375 5 75 41 100 41 100 42 98 42 75 42
376 5 75 40 77 40 100 40 100 41 75 41
377 5 189 33 251 33 251 40 189 40 189 35
378 4 111 35 189 35 189 40 111 40
379 7 77 35 90 35 111 35 111 40 100 40 77 40 77 36
380 4 75 36 77 36 77 40 75 40
381 6 69 36 75 36 75 40 75 41 75 42 69 42
382 8 61 36 66 36 69 36 69 42 62 42 61 42 61 39 61 38
383 4 60 81 61 81 61 91 60 91
384 5 60 39 61 39 61 42 61 81 60 81
385 7 52 39 54 39 60 39 60 81 60 91 52 91 52 46
386 9 54 38 55 38 56 38 57 38 59 38 61 38 61 39 60 39 54 39
387 4 59 36 61 36 61 38 59 38
388 6 66 35 77 35 77 36 75 36 69 36 66 36
389 5 90 33 189 33 189 35 111 35 90 35
390 5 90 24 251 24 251 33 189 33 90 33
391 6 66 24 90 24 90 33 90 35 77 35 66 35
392 7 59 24 66 24 66 35 66 36 61 36 59 36 59 30
393 10 59 3 139 3 251 3 251 24 90 24 66 24 59 24 59 9 59 8 59 4
394 6 57 30 58 30 59 30 59 36 59 38 57 38
395 6 58 9 59 9 59 24 59 30 58 30 58 10
396 8 57 10 58 10 58 30 57 30 57 21 57 18 57 12 57 11
397 8 56 21 57 21 57 30 57 38 56 38 56 32 56 23 56 22
398 5 55 32 56 32 56 38 55 38 55 34
399 4 54 34 55 34 55 38 54 38
400 5 52 34 54 34 54 38 54 39 52 39
401 4 51 46 52 46 52 91 51 91
402 5 51 34 52 34 52 39 52 46 51 46
403 7 51 32 53 32 55 32 55 34 54 34 52 34 51 34
404 6 48 32 51 32 51 34 51 46 51 91 48 91
405 5 53 23 56 23 56 32 55 32 53 32
406 7 48 23 49 23 53 23 53 32 51 32 48 32 48 31
407 7 47 31 48 31 48 32 48 91 47 91 47 90 47 63
408 7 42 90 44 90 45 90 46 90 47 90 47 91 42 91
409 4 46 63 47 63 47 90 46 90
410 4 46 31 47 31 47 63 46 63
411 5 46 23 48 23 48 31 47 31 46 31
412 8 45 23 46 23 46 31 46 63 46 90 45 90 45 29 45 26
413 5 49 22 56 22 56 23 53 23 49 23
414 6 45 22 49 22 49 23 48 23 46 23 45 23
415 4 44 29 45 29 45 90 44 90
416 5 42 29 44 29 44 90 42 90 42 61
417 5 41 61 42 61 42 90 42 91 41 91
418 8 38 61 39 61 40 61 41 61 41 91 41 169 41 248 38 248
419 5 40 29 42 29 42 61 41 61 40 61
420 4 39 29 40 29 40 61 39 61
421 8 39 26 43 26 45 26 45 29 44 29 42 29 40 29 39 29
422 5 43 22 45 22 45 23 45 26 43 26
423 7 43 21 50 21 56 21 56 22 49 22 45 22 43 22
424 5 50 18 57 18 57 21 56 21 50 21
425 4 43 18 50 18 50 21 43 21
426 6 43 12 57 12 57 18 50 18 43 18 43 13
427 8 39 13 43 13 43 18 43 21 43 22 43 26 39 26 39 15
428 9 38 15 39 15 39 26 39 29 39 61 38 61 38 19 38 17 38 16
429 7 37 19 38 19 38 61 38 248 37 248 37 25 37 20
430 4 36 25 37 25 37 248 36 248
431 4 35 25 36 25 36 248 35 248
432 6 32 25 33 25 34 25 35 25 35 248 32 248
433 6 30 25 31 25 32 25 32 248 30 248 30 28
434 6 29 28 30 28 30 248 29 248 29 176 29 80
435 4 29 25 30 25 30 28 29 28
436 6 34 20 37 20 37 25 36 25 35 25 34 25
437 4 34 19 37 19 37 20 34 20
438 5 34 17 38 17 38 19 37 19 34 19
439 4 34 16 38 16 38 17 34 17
440 7 33 16 34 16 34 17 34 19 34 20 34 25 33 25
441 5 31 16 33 16 33 25 32 25 31 25
442 6 31 15 38 15 38 16 34 16 33 16 31 16
443 5 31 13 39 13 39 15 38 15 31 15
444 5 31 12 43 12 43 13 39 13 31 13
445 9 29 12 31 12 31 13 31 15 31 16 31 25 30 25 29 25 29 14
446 4 28 176 29 176 29 248 28 248
447 4 27 176 28 176 28 248 27 248
448 5 27 80 29 80 29 176 28 176 27 176
449 8 24 80 25 80 27 80 27 176 27 248 24 248 24 178 24 106
450 8 19 178 20 178 21 178 22 178 23 178 24 178 24 248 19 248
451 4 23 106 24 106 24 178 23 178
452 4 22 106 23 106 23 178 22 178
453 5 22 80 24 80 24 106 23 106 22 106
454 5 21 80 22 80 22 106 22 178 21 178
455 8 25 14 29 14 29 25 29 28 29 80 27 80 25 80 25 37
456 5 25 12 26 12 29 12 29 14 25 14
457 7 26 11 57 11 57 12 43 12 31 12 29 12 26 12
458 4 26 10 57 10 57 11 26 11
459 5 26 9 58 9 58 10 57 10 26 10
460 5 26 8 59 8 59 9 58 9 26 9
461 7 25 8 26 8 26 9 26 10 26 11 26 12 25 12
462 5 25 4 59 4 59 8 26 8 25 8
463 7 21 37 25 37 25 80 24 80 22 80 21 80 21 50
464 6 20 50 21 50 21 80 21 178 20 178 20 128
465 4 19 128 20 128 20 178 19 178
466 4 19 50 20 50 20 128 19 128
467 6 18 50 19 50 19 128 19 178 19 248 18 248
468 6 18 37 21 37 21 50 20 50 19 50 18 50
469 5 17 37 18 37 18 50 18 248 17 248
470 4 16 37 17 37 17 248 16 248
471 11 16 4 25 4 25 8 25 12 25 14 25 37 21 37 18 37 17 37 16 37 16 5
472 6 15 5 16 5 16 37 16 248 15 248 15 6
473 5 14 6 15 6 15 248 14 248 14 27
474 5 13 27 14 27 14 248 13 248 13 52
475 4 12 52 13 52 13 248 12 248
476 4 11 52 12 52 12 248 11 248
477 5 10 52 11 52 11 248 10 248 10 67
478 5 8 67 10 67 10 248 8 248 8 191
479 4 7 191 8 191 8 248 7 248
480 4 7 67 8 67 8 191 7 191
481 5 4 67 7 67 7 191 7 248 4 248
482 7 4 52 5 52 10 52 10 67 8 67 7 67 4 67
483 5 3 52 4 52 4 67 4 248 3 248
484 9 5 27 6 27 9 27 13 27 13 52 12 52 11 52 10 52 5 52
485 6 9 6 14 6 14 27 13 27 9 27 9 7
486 4 6 7 9 7 9 27 6 27
487 4 5 7 6 7 6 27 5 27
488 6 3 7 5 7 5 27 5 52 4 52 3 52
489 6 1 7 2 7 3 7 3 52 3 248 1 248
490 7 2 6 9 6 9 7 6 7 5 7 3 7 2 7
491 6 2 5 15 5 15 6 14 6 9 6 2 6
492 5 1 5 2 5 2 6 2 7 1 7
493 5 0 5 1 5 1 7 1 248 0 248
494 7 0 4 16 4 16 5 15 5 2 5 1 5 0 5
495 6 0 3 59 3 59 4 25 4 16 4 0 4
496 5 139 2 203 2 251 2 251 3 139 3
497 5 0 2 139 2 139 3 59 3 0 3
498 4 203 1 251 1 251 2 203 2
499 4 203 0 251 0 251 1 203 1
500 6 0 0 203 0 203 1 203 2 139 2 0 2
500
1 69 0 243 11 243 17 243 23 243 26 243 33 243 40 243 43 243 50 243 52 243 73 243 84 243 127 243 129 243 131 243 132 243 134 243 136 243 137 243 145 243 146 243 159 243 166 243 168 243 169 243 170 243 172 243 174 243 177 243 178 243 179 243 183 243 184 243 195 243 196 243 197 243 198 243 202 243 203 243 204 243 205 243 211 243 212 243 213 243 214 243 215 243 217 243 219 243 225 243 229 243 230 243 233 243 234 243 235 243 236 243 238 243 240 243 241 243 242 243 243 243 245 243 250 243 252 243 253 243 255 243 256 243 257 243 257 244 0 244
2 4 256 241 257 241 257 243 256 243
3 4 256 240 257 240 257 241 256 241
4 60 256 0 257 0 257 240 256 240 256 239 256 236 256 235 256 234 256 232 256 231 256 229 256 203 256 201 256 195 256 181 256 179 256 168 256 143 256 142 256 141 256 139 256 138 256 137 256 136 256 133 256 132 256 131 256 130 256 128 256 125 256 124 256 119 256 118 256 116 256 109 256 100 256 96 256 93 256 82 256 81 256 80 256 78 256 66 256 46 256 41 256 40 256 39 256 38 256 34 256 33 256 31 256 27 256 26 256 22 256 19 256 15 256 4 256 3 256 2 256 1
5 6 255 239 256 239 256 240 256 241 256 243 255 243
6 5 255 236 256 236 256 239 255 239 255 237
7 7 253 237 254 237 255 237 255 239 255 243 253 243 253 238
8 4 252 238 253 238 253 243 252 243
9 5 250 238 251 238 252 238 252 243 250 243
10 5 245 238 250 238 250 243 245 243 245 242
11 5 251 237 253 237 253 238 252 238 251 238
12 7 245 237 246 237 247 237 251 237 251 238 250 238 245 238
13 4 254 236 255 236 255 237 254 237
14 8 247 236 248 236 249 236 254 236 254 237 253 237 251 237 247 237
15 6 249 235 256 235 256 236 255 236 254 236 249 236
16 4 249 234 256 234 256 235 249 235
17 4 249 232 256 232 256 234 249 234
18 4 249 231 256 231 256 232 249 232
19 7 248 231 249 231 249 232 249 234 249 235 249 236 248 236
20 5 248 229 256 229 256 231 249 231 248 231
21 5 247 229 248 229 248 231 248 236 247 236
22 7 247 203 256 203 256 229 248 229 247 229 247 225 247 205
23 6 246 225 247 225 247 229 247 236 247 237 246 237
24 5 245 225 246 225 246 237 245 237 245 226
25 5 243 242 244 242 245 242 245 243 243 243
26 4 242 242 243 242 243 243 242 243
27 6 244 226 245 226 245 237 245 238 245 242 244 242
28 5 242 226 244 226 244 242 243 242 242 242
29 6 241 226 242 226 242 242 242 243 241 243 241 227
30 4 240 227 241 227 241 243 240 243
31 4 238 227 240 227 240 243 238 243
32 5 236 227 238 227 238 243 236 243 236 228
33 4 235 228 236 228 236 243 235 243
34 4 234 228 235 228 235 243 234 243
35 4 233 228 234 228 234 243 233 243
36 4 230 228 233 228 233 243 230 243
37 4 229 228 230 228 230 243 229 243
38 4 225 228 229 228 229 243 225 243
39 9 225 227 236 227 236 228 235 228 234 228 233 228 230 228 229 228 225 228
40 8 219 227 221 227 222 227 225 227 225 228 225 243 219 243 219 230
41 8 222 226 241 226 241 227 240 227 238 227 236 227 225 227 222 227
42 10 222 225 223 225 237 225 239 225 245 225 245 226 244 226 242 226 241 226 222 226
43 11 239 205 247 205 247 225 246 225 245 225 239 225 239 223 239 222 239 212 239 207 239 206
44 4 237 223 239 223 239 225 237 225
45 4 237 222 239 222 239 223 237 223
46 8 223 222 224 222 227 222 232 222 237 222 237 223 237 225 223 225
47 8 232 212 239 212 239 222 237 222 232 222 232 220 232 219 232 215
48 4 227 220 232 220 232 222 227 222
49 5 227 219 228 219 232 219 232 220 227 220
50 4 228 215 232 215 232 219 228 219
51 4 228 212 232 212 232 215 228 215
52 5 227 212 228 212 228 215 228 219 227 219
53 7 227 207 239 207 239 212 232 212 228 212 227 212 227 208
54 7 224 208 227 208 227 212 227 219 227 220 227 222 224 222
55 5 223 208 224 208 224 222 223 222 223 209
56 6 222 209 223 209 223 222 223 225 222 225 222 210
57 8 221 210 222 210 222 225 222 226 222 227 221 227 221 213 221 211
58 5 219 213 221 213 221 227 219 227 219 218
59 5 217 230 218 230 219 230 219 243 217 243
60 5 218 218 219 218 219 227 219 230 218 230
61 4 218 213 219 213 219 218 218 218
62 5 218 211 221 211 221 213 219 213 218 213
63 4 218 210 221 210 221 211 218 211
64 7 217 210 218 210 218 211 218 213 218 218 218 230 217 230
65 6 217 209 222 209 222 210 221 210 218 210 217 210
66 6 215 209 217 209 217 210 217 230 217 243 215 243
67 5 214 209 215 209 215 243 214 243 214 214
68 4 213 214 214 214 214 243 213 243
69 4 212 214 213 214 213 243 212 243
70 5 211 214 212 214 212 243 211 243 211 217
71 5 205 217 206 217 211 217 211 243 205 243
72 4 206 214 211 214 211 217 206 217
73 7 206 209 214 209 214 214 213 214 212 214 211 214 206 214
74 10 206 208 207 208 220 208 223 208 223 209 222 209 217 209 215 209 214 209 206 209
75 6 220 207 227 207 227 208 224 208 223 208 220 208
76 4 207 207 220 207 220 208 207 208
77 7 207 206 209 206 239 206 239 207 227 207 220 207 207 207
78 4 209 205 239 205 239 206 209 206
79 5 209 203 247 203 247 205 239 205 209 205
80 6 209 201 210 201 256 201 256 203 247 203 209 203
81 4 210 195 256 195 256 201 210 201
82 4 209 195 210 195 210 201 209 201
83 6 209 181 256 181 256 195 210 195 209 195 209 183
84 9 207 183 209 183 209 195 209 201 209 203 209 205 209 206 207 206 207 185
85 6 206 185 207 185 207 206 207 207 207 208 206 208
86 8 205 185 206 185 206 208 206 209 206 214 206 217 205 217 205 216
87 5 204 216 205 216 205 217 205 243 204 243
88 4 203 216 204 216 204 243 203 243
89 6 202 216 203 216 203 243 202 243 202 224 202 221
90 5 198 224 200 224 202 224 202 243 198 243
91 4 200 221 202 221 202 224 200 224
92 4 200 216 202 216 202 221 200 221
93 10 200 185 205 185 205 216 204 216 203 216 202 216 200 216 200 189 200 188 200 186
94 6 198 189 200 189 200 216 200 221 200 224 198 224
95 6 197 189 198 189 198 224 198 243 197 243 197 191
96 4 196 191 197 191 197 243 196 243
97 6 195 191 196 191 196 243 195 243 195 202 195 192
98 10 184 202 186 202 187 202 188 202 191 202 192 202 194 202 195 202 195 243 184 243
99 5 194 192 195 192 195 202 194 202 194 196
100 4 192 196 194 196 194 202 192 202
101 6 191 196 192 196 192 202 191 202 191 198 191 197
102 7 191 192 194 192 194 196 192 196 191 196 191 194 191 193
103 4 188 198 191 198 191 202 188 202
104 5 188 197 190 197 191 197 191 198 188 198
105 5 190 194 191 194 191 196 191 197 190 197
106 4 188 194 190 194 190 197 188 197
107 6 187 194 188 194 188 197 188 198 188 202 187 202
108 6 187 193 191 193 191 194 190 194 188 194 187 194
109 4 187 192 191 192 191 193 187 193
110 6 186 192 187 192 187 193 187 194 187 202 186 202
111 4 184 192 186 192 186 202 184 202
112 5 183 192 184 192 184 202 184 243 183 243
113 10 183 191 189 191 195 191 195 192 194 192 191 192 187 192 186 192 184 192 183 192
114 6 179 191 183 191 183 192 183 243 179 243 179 233
115 7 189 189 197 189 197 191 196 191 195 191 189 191 189 190
116 6 189 188 200 188 200 189 198 189 197 189 189 189
117 5 189 186 200 186 200 188 189 188 189 187
118 5 179 190 189 190 189 191 183 191 179 191
119 6 179 187 189 187 189 188 189 189 189 190 179 190
120 4 178 233 179 233 179 243 178 243
121 4 177 233 178 233 178 243 177 243
122 7 177 187 179 187 179 190 179 191 179 233 178 233 177 233
123 6 177 186 181 186 189 186 189 187 179 187 177 187
124 8 174 186 175 186 176 186 177 186 177 187 177 233 177 243 174 243
125 5 172 186 174 186 174 243 172 243 172 200
126 7 181 185 182 185 185 185 200 185 200 186 189 186 181 186
127 7 185 183 207 183 207 185 206 185 205 185 200 185 185 185
128 4 182 183 185 183 185 185 182 185
129 7 182 181 201 181 209 181 209 183 207 183 185 183 182 183
130 6 201 179 208 179 256 179 256 181 209 181 201 181
131 6 208 168 256 168 256 179 208 179 208 175 208 173
132 5 201 175 208 175 208 179 201 179 201 177
133 6 182 177 193 177 201 177 201 179 201 181 182 181
134 7 181 177 182 177 182 181 182 183 182 185 181 185 181 184
135 6 176 184 181 184 181 185 181 186 177 186 176 186
136 4 176 177 181 177 181 184 176 184
137 4 193 175 201 175 201 177 193 177
138 5 193 173 208 173 208 175 201 175 193 175
139 7 193 168 208 168 208 173 193 173 193 171 193 170 193 169
140 14 193 143 256 143 256 168 208 168 193 168 193 166 193 165 193 163 193 154 193 153 193 148 193 146 193 145 193 144
141 8 176 171 193 171 193 173 193 175 193 177 182 177 181 177 176 177
142 6 175 171 176 171 176 177 176 184 176 186 175 186
143 5 175 170 193 170 193 171 176 171 175 171
144 4 175 169 193 169 193 170 175 170
145 8 172 169 175 169 175 170 175 171 175 186 174 186 172 186 172 178
146 5 170 200 171 200 172 200 172 243 170 243
147 7 171 178 172 178 172 186 172 200 171 200 171 182 171 180
148 4 170 182 171 182 171 200 170 200
149 5 169 182 170 182 170 200 170 243 169 243
150 4 168 182 169 182 169 243 168 243
151 6 168 180 171 180 171 182 170 182 169 182 168 182
152 5 166 180 168 180 168 182 168 243 166 243
153 4 159 180 166 180 166 243 159 243
154 6 146 180 147 180 148 180 159 180 159 243 146 243
155 7 148 178 171 178 171 180 168 180 166 180 159 180 148 180
156 8 148 169 150 169 152 169 155 169 172 169 172 178 171 178 148 178
157 11 155 166 157 166 158 166 164 166 165 166 193 166 193 168 193 169 175 169 172 169 155 169
158 4 165 165 193 165 193 166 165 166
159 4 165 163 193 163 193 165 165 165
160 6 164 163 165 163 165 165 165 166 164 166 164 164
161 8 164 154 193 154 193 163 165 163 164 163 164 162 164 156 164 155
162 5 158 164 163 164 164 164 164 166 158 166
163 4 157 164 158 164 158 166 157 166
164 5 163 162 164 162 164 163 164 164 163 164
165 6 157 162 160 162 163 162 163 164 158 164 157 164
166 5 155 162 157 162 157 164 157 166 155 166
167 5 152 162 155 162 155 166 155 169 152 169
168 9 160 156 164 156 164 162 163 162 160 162 160 161 160 160 160 159 160 157
169 6 152 161 160 161 160 162 157 162 155 162 152 162
170 5 152 160 154 160 160 160 160 161 152 161
171 6 150 160 152 160 152 161 152 162 152 169 150 169
172 4 148 160 150 160 150 169 148 169
173 6 147 160 148 160 148 169 148 178 148 180 147 180
174 4 154 159 160 159 160 160 154 160
175 4 154 157 160 157 160 159 154 159
176 8 147 157 154 157 154 159 154 160 152 160 150 160 148 160 147 160
177 6 146 157 147 157 147 160 147 180 146 180 146 158
178 5 145 158 146 158 146 180 146 243 145 243
179 6 137 158 138 158 139 158 145 158 145 243 137 243
180 5 139 157 146 157 146 158 145 158 139 158
181 7 139 156 160 156 160 157 154 157 147 157 146 157 139 157
182 7 139 155 140 155 142 155 164 155 164 156 160 156 139 156
183 6 138 155 139 155 139 156 139 157 139 158 138 158
184 5 142 154 162 154 164 154 164 155 142 155
185 6 162 153 173 153 193 153 193 154 164 154 162 154
186 4 142 153 162 153 162 154 142 154
187 7 173 148 193 148 193 153 173 153 173 152 173 151 173 150
188 5 142 152 173 152 173 153 162 153 142 153
189 6 140 152 142 152 142 153 142 154 142 155 140 155
190 5 138 152 140 152 140 155 139 155 138 155
191 6 138 151 173 151 173 152 142 152 140 152 138 152
192 6 137 151 138 151 138 152 138 155 138 158 137 158
193 5 137 150 173 150 173 151 138 151 137 151
194 7 136 150 137 150 137 151 137 158 137 243 136 243 136 167
195 4 134 167 136 167 136 243 134 243
196 5 132 167 134 167 134 243 132 243 132 172
197 4 131 172 132 172 132 243 131 243
198 6 129 172 131 172 131 243 129 243 129 199 129 176
199 4 127 199 129 199 129 243 127 243
200 9 84 199 85 199 86 199 91 199 124 199 126 199 127 199 127 243 84 243
201 5 126 176 129 176 129 199 127 199 126 199
202 4 126 172 129 172 129 176 126 176
203 6 126 167 132 167 132 172 131 172 129 172 126 172
204 6 124 167 126 167 126 172 126 176 126 199 124 199
205 7 124 150 136 150 136 167 134 167 132 167 126 167 124 167
206 6 124 148 173 148 173 150 137 150 136 150 124 150
207 8 91 148 92 148 93 148 124 148 124 150 124 167 124 199 91 199
208 7 93 146 180 146 193 146 193 148 173 148 124 148 93 148
209 4 180 145 193 145 193 146 180 146
210 10 93 145 102 145 109 145 112 145 115 145 117 145 118 145 180 145 180 146 93 146
211 8 118 144 120 144 121 144 143 144 193 144 193 145 180 145 118 145
212 4 143 143 193 143 193 144 143 144
213 4 121 143 143 143 143 144 121 144
214 11 121 142 123 142 125 142 128 142 130 142 153 142 256 142 256 143 193 143 143 143 121 143
215 4 153 141 256 141 256 142 153 142
216 4 153 139 256 139 256 141 153 141
217 5 130 139 153 139 153 141 153 142 130 142
218 5 130 138 256 138 256 139 153 139 130 139
219 5 128 138 130 138 130 139 130 142 128 142
220 5 128 137 256 137 256 138 130 138 128 138
221 5 128 136 199 136 256 136 256 137 128 137
222 6 125 136 128 136 128 137 128 138 128 142 125 142
223 5 199 133 256 133 256 136 199 136 199 134
224 5 125 134 199 134 199 136 128 136 125 136
225 7 125 133 135 133 141 133 151 133 199 133 199 134 125 134
226 6 123 133 125 133 125 134 125 136 125 142 123 142
227 5 151 132 256 132 256 133 199 133 151 133
228 4 151 131 256 131 256 132 151 132
229 5 141 131 151 131 151 132 151 133 141 133
230 5 141 130 256 130 256 131 151 131 141 131
231 5 135 130 141 130 141 131 141 133 135 133
232 5 123 130 135 130 135 133 125 133 123 133
233 6 123 128 256 128 256 130 141 130 135 130 123 130
234 6 121 128 123 128 123 130 123 133 123 142 121 142
235 5 121 125 256 125 256 128 123 128 121 128
236 4 121 124 256 124 256 125 121 125
237 8 120 124 121 124 121 125 121 128 121 142 121 143 121 144 120 144
238 7 120 119 256 119 256 124 121 124 120 124 120 122 120 120
239 7 118 122 120 122 120 124 120 144 118 144 118 129 118 123
240 5 117 129 118 129 118 144 118 145 117 145
241 5 115 129 116 129 117 129 117 145 115 145
242 6 116 123 118 123 118 129 117 129 116 129 116 127
243 4 115 127 116 127 116 129 115 129
244 5 112 127 115 127 115 129 115 145 112 145
245 4 109 127 112 127 112 145 109 145
246 5 102 127 107 127 109 127 109 145 102 145
247 7 107 123 116 123 116 127 115 127 112 127 109 127 107 127
248 4 102 123 107 123 107 127 102 127
249 7 102 122 111 122 118 122 118 123 116 123 107 123 102 123
250 7 93 122 95 122 102 122 102 123 102 127 102 145 93 145
251 6 111 120 120 120 120 122 118 122 111 122 111 121
252 7 95 121 96 121 105 121 111 121 111 122 102 122 95 122
253 4 105 120 111 120 111 121 105 121
254 4 96 120 105 120 105 121 96 121
255 11 96 119 100 119 101 119 103 119 114 119 119 119 120 119 120 120 111 120 105 120 96 120
256 6 119 118 133 118 256 118 256 119 120 119 119 119
257 5 133 116 167 116 256 116 256 118 133 118
258 6 167 109 256 109 256 116 167 116 167 115 167 111
259 5 167 100 256 100 256 109 167 109 167 104
260 4 133 115 167 115 167 116 133 116
261 5 133 111 156 111 167 111 167 115 133 115
262 7 156 104 167 104 167 109 167 111 156 111 156 110 156 106
263 4 133 110 156 110 156 111 133 111
264 4 133 106 156 106 156 110 133 110
265 9 119 106 133 106 133 110 133 111 133 115 133 116 133 118 119 118 119 112
266 6 114 112 119 112 119 118 119 119 114 119 114 117
267 4 114 106 119 106 119 112 114 112
268 6 114 104 156 104 156 106 133 106 119 106 114 106
269 5 114 100 167 100 167 104 156 104 114 104
270 7 114 96 161 96 256 96 256 100 167 100 114 100 114 97
271 7 103 117 104 117 108 117 110 117 114 117 114 119 103 119
272 9 110 97 114 97 114 100 114 104 114 106 114 112 114 117 110 117 110 105
273 4 108 105 110 105 110 117 108 117
274 4 104 105 108 105 108 117 104 117
275 6 104 97 110 97 110 105 108 105 104 105 104 98
276 6 103 98 104 98 104 105 104 117 103 117 103 108
277 5 101 108 103 108 103 117 103 119 101 119
278 4 101 98 103 98 103 108 101 108
279 7 100 98 101 98 101 108 101 119 100 119 100 102 100 101
280 4 96 102 100 102 100 119 96 119
281 7 95 102 96 102 96 119 96 120 96 121 95 121 95 103
282 6 93 103 94 103 95 103 95 121 95 122 93 122
283 7 92 103 93 103 93 122 93 145 93 146 93 148 92 148
284 4 94 102 95 102 95 103 94 103
285 7 94 101 99 101 100 101 100 102 96 102 95 102 94 102
286 4 99 98 100 98 100 101 99 101
287 7 99 97 104 97 104 98 103 98 101 98 100 98 99 98
288 6 99 96 114 96 114 97 110 97 104 97 99 97
289 5 161 93 256 93 256 96 161 96 161 94
290 5 161 82 256 82 256 93 161 93 161 85
291 7 99 94 144 94 161 94 161 96 114 96 99 96 99 95
292 7 144 85 161 85 161 93 161 94 144 94 144 91 144 86
293 4 99 91 144 91 144 94 99 94
294 7 94 95 99 95 99 96 99 97 99 98 99 101 94 101
295 7 92 95 94 95 94 101 94 102 94 103 93 103 92 103
296 7 92 91 99 91 99 94 99 95 94 95 92 95 92 92
297 7 92 86 144 86 144 91 99 91 92 91 92 88 92 87
298 7 91 92 92 92 92 95 92 103 92 148 91 148 91 99
299 9 86 99 87 99 90 99 91 99 91 148 91 199 86 199 86 113 86 107
300 5 85 113 86 113 86 199 85 199 85 174
301 4 84 174 85 174 85 199 84 199
302 6 73 174 74 174 84 174 84 199 84 243 73 243
303 8 74 113 80 113 81 113 85 113 85 174 84 174 74 174 74 140
304 5 81 107 86 107 86 113 85 113 81 113
305 4 81 99 86 99 86 107 81 107
306 4 90 92 91 92 91 99 90 99
307 6 90 88 92 88 92 91 92 92 91 92 90 92
308 6 87 88 90 88 90 92 90 99 87 99 87 89
309 5 87 87 92 87 92 88 90 88 87 88
310 4 87 86 92 86 92 87 87 87
311 6 87 85 122 85 144 85 144 86 92 86 87 86
312 6 122 82 161 82 161 85 144 85 122 85 122 83
313 6 122 81 231 81 256 81 256 82 161 82 122 82
314 4 87 83 122 83 122 85 87 85
315 5 81 89 87 89 87 99 86 99 81 99
316 6 80 89 81 89 81 99 81 107 81 113 80 113
317 9 80 83 87 83 87 85 87 86 87 87 87 88 87 89 81 89 80 89
318 6 80 81 122 81 122 82 122 83 87 83 80 83
319 6 74 81 80 81 80 83 80 89 80 113 74 113
320 4 231 80 256 80 256 81 231 81
321 6 74 80 231 80 231 81 122 81 80 81 74 81
322 10 74 78 77 78 78 78 88 78 98 78 216 78 256 78 256 80 231 80 74 80
323 4 73 140 74 140 74 174 73 174
324 7 52 140 54 140 58 140 73 140 73 174 73 243 52 243
325 9 58 78 60 78 74 78 74 80 74 81 74 113 74 140 73 140 58 140
326 6 216 66 256 66 256 78 216 78 216 76 216 68
327 4 98 76 216 76 216 78 98 78
328 5 88 76 98 76 98 78 88 78 88 77
329 7 88 68 216 68 216 76 98 76 88 76 88 70 88 69
330 5 78 77 82 77 88 77 88 78 78 78
331 7 82 70 88 70 88 76 88 77 82 77 82 74 82 72
332 5 78 74 79 74 82 74 82 77 78 77
333 6 77 74 78 74 78 77 78 78 77 78 77 75
334 4 79 72 82 72 82 74 79 74
335 4 79 70 82 70 82 72 79 72
336 7 77 70 79 70 79 72 79 74 78 74 77 74 77 73
337 6 77 69 88 69 88 70 82 70 79 70 77 70
338 6 60 75 70 75 77 75 77 78 74 78 60 78
339 5 70 73 77 73 77 74 77 75 70 75
340 5 60 73 62 73 70 73 70 75 60 75
341 7 62 69 76 69 77 69 77 70 77 73 70 73 62 73
342 5 76 68 88 68 88 69 77 69 76 69
343 6 76 66 216 66 216 68 88 68 76 68 76 67
344 9 76 46 256 46 256 66 216 66 76 66 76 65 76 64 76 61 76 47
345 9 62 67 65 67 67 67 71 67 72 67 76 67 76 68 76 69 62 69
346 5 72 65 76 65 76 66 76 67 72 67
347 4 71 65 72 65 72 67 71 67
348 5 71 64 76 64 76 65 72 65 71 65
349 5 71 61 76 61 76 64 71 64 71 63
350 7 67 63 69 63 71 63 71 64 71 65 71 67 67 67
351 4 65 63 67 63 67 67 65 67
352 5 62 63 63 63 65 63 65 67 62 67
353 4 69 61 71 61 71 63 69 63
354 10 63 61 64 61 66 61 68 61 69 61 69 63 67 63 65 63 63 63 63 62
355 6 68 47 76 47 76 61 71 61 69 61 68 61
356 9 66 47 68 47 68 61 66 61 66 58 66 56 66 51 66 50 66 49
357 5 64 58 66 58 66 61 64 61 64 60
358 4 63 60 64 60 64 61 63 61
359 4 62 62 63 62 63 63 62 63
360 7 60 62 62 62 62 63 62 67 62 69 62 73 60 73
361 6 58 62 60 62 60 73 60 75 60 78 58 78
362 8 58 60 59 60 63 60 63 61 63 62 62 62 60 62 58 62
363 7 54 60 55 60 58 60 58 62 58 78 58 140 54 140
364 6 59 58 64 58 64 60 63 60 59 60 59 59
365 6 55 59 57 59 59 59 59 60 58 60 55 60
366 4 57 58 59 58 59 59 57 59
367 7 57 56 66 56 66 58 64 58 59 58 57 58 57 57
368 7 57 51 61 51 66 51 66 56 57 56 57 55 57 53
369 4 61 50 66 50 66 51 61 51
370 4 57 50 61 50 61 51 57 51
371 6 55 57 56 57 57 57 57 58 57 59 55 59
372 5 56 55 57 55 57 56 57 57 56 57
373 4 56 53 57 53 57 55 56 55
374 5 55 53 56 53 56 55 56 57 55 57
375 6 54 53 55 53 55 57 55 59 55 60 54 60
376 5 52 53 54 53 54 60 54 140 52 140
377 7 50 53 52 53 52 140 52 243 50 243 50 149 50 147
378 9 50 50 57 50 57 51 57 53 56 53 55 53 54 53 52 53 50 53
379 7 43 149 45 149 46 149 49 149 50 149 50 243 43 243
380 4 49 147 50 147 50 149 49 149
381 5 46 147 48 147 49 147 49 149 46 149
382 6 48 50 50 50 50 53 50 147 49 147 48 147
383 7 48 49 66 49 66 50 61 50 57 50 50 50 48 50
384 6 46 49 47 49 48 49 48 50 48 147 46 147
385 8 45 49 46 49 46 147 46 149 45 149 45 126 45 84 45 54
386 5 47 47 66 47 66 49 48 49 47 49
387 6 47 46 76 46 76 47 68 47 66 47 47 47
388 5 47 41 256 41 256 46 76 46 47 46
389 9 45 41 47 41 47 46 47 47 47 49 46 49 45 49 45 44 45 42
390 5 43 126 45 126 45 149 43 149 43 135
391 5 40 135 43 135 43 149 43 243 40 243
392 4 40 126 43 126 43 135 40 135
393 8 33 126 34 126 35 126 40 126 40 135 40 243 33 243 33 204
394 10 35 84 36 84 37 84 38 84 45 84 45 126 43 126 40 126 35 126 35 90
395 5 38 54 39 54 45 54 45 84 38 84
396 8 39 44 41 44 42 44 45 44 45 49 45 54 39 54 39 45
397 4 38 45 39 45 39 54 38 54
398 4 38 44 39 44 39 45 38 45
399 6 37 44 38 44 38 45 38 54 38 84 37 84
400 5 42 42 45 42 45 44 42 44 42 43
401 4 42 41 45 41 45 42 42 42
402 6 42 40 256 40 256 41 47 41 45 41 42 41
403 4 41 43 42 43 42 44 41 44
404 6 41 40 42 40 42 41 42 42 42 43 41 43
405 7 41 39 149 39 226 39 256 39 256 40 42 40 41 40
406 8 37 39 41 39 41 40 41 43 41 44 39 44 38 44 37 44
407 5 36 39 37 39 37 44 37 84 36 84
408 4 226 38 256 38 256 39 226 39
409 4 149 38 226 38 226 39 149 39
410 6 149 34 256 34 256 38 226 38 149 38 149 37
411 8 36 37 83 37 149 37 149 38 149 39 41 39 37 39 36 39
412 5 35 37 36 37 36 39 36 84 35 84
413 4 34 90 35 90 35 126 34 126
414 4 33 90 34 90 34 126 33 126
415 5 26 204 31 204 33 204 33 243 26 243
416 6 31 90 32 90 33 90 33 126 33 204 31 204
417 8 32 37 35 37 35 84 35 90 34 90 33 90 32 90 32 48
418 6 83 34 149 34 149 37 83 37 83 36 83 35
419 7 32 36 53 36 83 36 83 37 36 37 35 37 32 37
420 4 31 48 32 48 32 90 31 90
421 5 31 36 32 36 32 37 32 48 31 48
422 9 26 36 29 36 30 36 31 36 31 48 31 90 31 204 26 204 26 71
423 4 53 35 83 35 83 36 53 36
424 6 30 35 53 35 53 36 32 36 31 36 30 36
425 4 29 35 30 35 30 36 29 36
426 6 29 34 83 34 83 35 53 35 30 35 29 35
427 6 29 33 256 33 256 34 149 34 83 34 29 34
428 6 29 31 44 31 256 31 256 33 29 33 29 32
429 7 26 32 29 32 29 33 29 34 29 35 29 36 26 36
430 5 23 71 26 71 26 204 26 243 23 243
431 6 17 71 23 71 23 243 17 243 17 114 17 79
432 5 11 114 16 114 17 114 17 243 11 243
433 4 16 79 17 79 17 114 16 114
434 5 11 79 12 79 16 79 16 114 11 114
435 5 12 71 17 71 17 79 16 79 12 79
436 10 12 32 14 32 21 32 26 32 26 36 26 71 23 71 17 71 12 71 12 52
437 6 21 31 27 31 29 31 29 32 26 32 21 32
438 5 44 27 256 27 256 31 44 31 44 29
439 5 27 29 44 29 44 31 29 31 27 31
440 5 21 29 24 29 27 29 27 31 21 31
441 7 14 29 20 29 21 29 21 31 21 32 14 32 14 30
442 5 24 27 44 27 44 29 27 29 24 29
443 5 24 26 256 26 256 27 44 27 24 27
444 6 20 26 24 26 24 27 24 29 21 29 20 29
445 6 20 22 256 22 256 26 24 26 20 26 20 24
446 8 14 24 19 24 20 24 20 26 20 29 14 29 14 28 14 25
447 4 12 30 14 30 14 32 12 32
448 5 12 28 14 28 14 29 14 30 12 30
449 5 11 52 12 52 12 71 12 79 11 79
450 6 0 52 11 52 11 79 11 114 11 243 0 243
451 8 0 28 1 28 12 28 12 30 12 32 12 52 11 52 0 52
452 6 1 25 10 25 14 25 14 28 12 28 1 28
453 5 10 24 13 24 14 24 14 25 10 25
454 4 19 22 20 22 20 24 19 24
455 6 13 22 19 22 19 24 14 24 13 24 13 23
456 9 13 19 106 19 256 19 256 22 20 22 19 22 13 22 13 21 13 20
457 4 10 23 13 23 13 24 10 24
458 7 1 23 2 23 3 23 10 23 10 24 10 25 1 25
459 6 3 21 13 21 13 22 13 23 10 23 3 23
460 7 3 20 4 20 8 20 9 20 13 20 13 21 3 21
461 4 9 19 13 19 13 20 9 20
462 6 106 15 256 15 256 19 106 19 106 18 106 17
463 7 9 18 28 18 89 18 106 18 106 19 13 19 9 19
464 5 8 18 9 18 9 19 9 20 8 20
465 5 89 17 97 17 106 17 106 18 89 18
466 5 28 17 75 17 89 17 89 18 28 18
467 5 97 15 106 15 106 17 97 17 97 16
468 8 97 4 256 4 256 15 106 15 97 15 97 11 97 7 97 6
469 5 75 16 97 16 97 17 89 17 75 17
470 4 28 16 75 16 75 17 28 17
471 6 8 16 28 16 28 17 28 18 9 18 8 18
472 11 8 11 22 11 25 11 97 11 97 15 97 16 75 16 28 16 8 16 8 14 8 12
473 9 4 14 5 14 6 14 7 14 8 14 8 16 8 18 8 20 4 20
474 4 3 14 4 14 4 20 3 20
475 4 7 12 8 12 8 14 7 14
476 4 7 11 8 11 8 12 7 12
477 7 25 7 51 7 97 7 97 11 25 11 25 9 25 8
478 5 22 9 25 9 25 11 22 11 22 10
479 4 22 8 25 8 25 9 22 9
480 5 7 10 22 10 22 11 8 11 7 11
481 7 7 8 15 8 18 8 22 8 22 9 22 10 7 10
482 5 18 7 25 7 25 8 22 8 18 8
483 4 51 6 97 6 97 7 51 7
484 4 51 4 97 4 97 6 51 6
485 5 51 3 256 3 256 4 97 4 51 4
486 8 18 3 51 3 51 4 51 6 51 7 25 7 18 7 18 5
487 5 15 5 18 5 18 7 18 8 15 8
488 4 7 5 15 5 15 8 7 8
489 8 6 5 7 5 7 8 7 10 7 11 7 12 7 14 6 14
490 5 5 5 6 5 6 14 5 14 5 13
491 7 5 3 18 3 18 5 15 5 7 5 6 5 5 5
492 7 5 2 113 2 256 2 256 3 51 3 18 3 5 3
493 4 113 1 256 1 256 2 113 2
494 4 5 1 113 1 113 2 5 2
495 5 5 0 256 0 256 1 113 1 5 1
496 5 3 13 5 13 5 14 4 14 3 14
497 7 2 13 3 13 3 14 3 20 3 21 3 23 2 23
498 4 1 13 2 13 2 23 1 23
499 6 0 13 1 13 1 23 1 25 1 28 0 28
500 11 0 0 5 0 5 1 5 2 5 3 5 5 5 13 3 13 2 13 1 13 0 13
500
1 60 0 250 11 250 12 250 14 250 33 250 35 250 36 250 37 250 38 250 47 250 48 250 51 250 60 250 108 250 110 250 112 250 113 250 115 250 116 250 117 250 119 250 125 250 126 250 127 250 128 250 130 250 132 250 133 250 143 250 144 250 146 250 147 250 148 250 150 250 151 250 154 250 170 250 175 250 176 250 178 250 179 250 180 250 183 250 184 250 185 250 186 250 187 250 189 250 194 250 201 250 204 250 211 250 221 250 222 250 223 250 236 250 239 250 250 250 250 251 0 251
2 6 239 248 242 248 249 248 250 248 250 250 239 250
3 61 249 0 250 0 250 248 249 248 249 246 249 244 249 216 249 210 249 209 249 208 249 207 249 205 249 204 249 185 249 183 249 182 249 181 249 179 249 178 249 176 249 174 249 165 249 164 249 163 249 161 249 158 249 157 249 154 249 151 249 150 249 140 249 136 249 133 249 132 249 130 249 127 249 125 249 122 249 121 249 120 249 117 249 115 249 95 249 93 249 91 249 89 249 70 249 45 249 43 249 42 249 41 249 40 249 39 249 38 249 34 249 33 249 30 249 28 249 27 249 26 249 1
4 4 242 246 249 246 249 248 242 248
5 7 242 244 246 244 247 244 248 244 249 244 249 246 242 246
6 7 248 216 249 216 249 244 248 244 248 220 248 218 248 217
7 9 247 220 248 220 248 244 247 244 247 229 247 227 247 225 247 224 247 222
8 5 246 229 247 229 247 244 246 244 246 233
9 4 242 233 246 233 246 244 242 244
10 8 239 233 240 233 242 233 242 244 242 246 242 248 239 248 239 236
11 6 236 236 239 236 239 248 239 250 236 250 236 243
12 6 223 243 226 243 235 243 236 243 236 250 223 250
13 6 235 236 236 236 236 243 235 243 235 241 235 240
14 6 226 241 227 241 230 241 235 241 235 243 226 243
15 5 230 240 234 240 235 240 235 241 230 241
16 5 234 236 235 236 235 240 234 240 234 238
17 6 234 233 239 233 239 236 236 236 235 236 234 236
18 6 240 229 246 229 246 233 242 233 240 233 240 230
19 6 234 230 240 230 240 233 239 233 234 233 234 232
20 4 230 238 234 238 234 240 230 240
21 7 230 232 234 232 234 233 234 236 234 238 230 238 230 234
22 8 227 234 230 234 230 238 230 240 230 241 227 241 227 239 227 237
23 4 227 232 230 232 230 234 227 234
24 4 226 239 227 239 227 241 226 241
25 7 223 239 224 239 225 239 226 239 226 241 226 243 223 243
26 6 222 239 223 239 223 243 223 250 222 250 222 247
27 4 221 247 222 247 222 250 221 250
28 6 211 247 213 247 214 247 221 247 221 250 211 250
29 5 214 239 222 239 222 247 221 247 214 247
30 5 225 237 227 237 227 239 226 239 225 239
31 5 225 232 227 232 227 234 227 237 225 237
32 5 224 232 225 232 225 237 225 239 224 239
33 7 214 232 215 232 224 232 224 239 223 239 222 239 214 239
34 8 215 230 234 230 234 232 230 232 227 232 225 232 224 232 215 232
35 8 215 229 219 229 228 229 232 229 240 229 240 230 234 230 215 230
36 7 232 227 245 227 247 227 247 229 246 229 240 229 232 229
37 4 228 227 232 227 232 229 228 229
38 5 245 225 247 225 247 227 245 227 245 226
39 4 245 224 247 224 247 225 245 225
40 5 228 226 245 226 245 227 232 227 228 227
41 8 228 224 229 224 238 224 243 224 245 224 245 225 245 226 228 226
42 6 219 224 228 224 228 226 228 227 228 229 219 229
43 5 243 222 247 222 247 224 245 224 243 224
44 4 243 220 247 220 247 222 243 222
45 6 238 220 243 220 243 222 243 224 238 224 238 221
46 6 238 218 248 218 248 220 247 220 243 220 238 220
47 4 229 221 238 221 238 224 229 224
48 5 229 218 238 218 238 220 238 221 229 221
49 5 229 217 248 217 248 218 238 218 229 218
50 7 219 217 229 217 229 218 229 221 229 224 228 224 219 224
51 6 215 217 217 217 219 217 219 224 219 229 215 229
52 7 217 216 237 216 248 216 248 217 229 217 219 217 217 217
53 6 237 210 249 210 249 216 248 216 237 216 237 214
54 5 217 214 218 214 237 214 237 216 217 216
55 4 218 210 237 210 237 214 218 214
56 6 218 209 244 209 249 209 249 210 237 210 218 210
57 4 244 208 249 208 249 209 244 209
58 5 218 208 241 208 244 208 244 209 218 209
59 5 241 207 249 207 249 208 244 208 241 208
60 5 218 207 220 207 241 207 241 208 218 208
61 5 220 205 249 205 249 207 241 207 220 207
62 4 220 204 249 204 249 205 220 205
63 5 218 204 220 204 220 205 220 207 218 207
64 8 217 204 218 204 218 207 218 208 218 209 218 210 218 214 217 214
65 7 217 185 249 185 249 204 220 204 218 204 217 204 217 186
66 8 215 186 217 186 217 204 217 214 217 216 217 217 215 217 215 187
67 13 214 187 215 187 215 217 215 229 215 230 215 232 214 232 214 213 214 203 214 201 214 199 214 189 214 188
68 6 213 213 214 213 214 232 214 239 214 247 213 247
69 4 213 203 214 203 214 213 213 213
70 4 213 201 214 201 214 203 213 203
71 8 211 201 212 201 213 201 213 203 213 213 213 247 211 247 211 235
72 8 204 235 206 235 209 235 210 235 211 235 211 247 211 250 204 250
73 4 210 201 211 201 211 235 210 235
74 4 209 201 210 201 210 235 209 235
75 6 212 199 214 199 214 201 213 201 212 201 212 200
76 4 212 189 214 189 214 199 212 199
77 6 209 200 212 200 212 201 211 201 210 201 209 201
78 8 206 200 208 200 209 200 209 201 209 235 206 235 206 228 206 211
79 9 208 189 212 189 212 199 212 200 209 200 208 200 208 194 208 191 208 190
80 4 206 194 208 194 208 200 206 200
81 5 204 228 206 228 206 235 204 235 204 231
82 5 201 231 204 231 204 235 204 250 201 250
83 6 194 231 195 231 197 231 201 231 201 250 194 250
84 5 197 228 204 228 204 231 201 231 197 231
85 6 197 211 205 211 206 211 206 228 204 228 197 228
86 5 195 211 197 211 197 228 197 231 195 231
87 5 205 194 206 194 206 200 206 211 205 211
88 7 195 194 205 194 205 211 197 211 195 211 195 206 195 197
89 5 194 206 195 206 195 211 195 231 194 231
90 4 194 197 195 197 195 206 194 206
91 8 189 197 190 197 193 197 194 197 194 206 194 231 194 250 189 250
92 6 187 197 188 197 189 197 189 250 187 250 187 223
93 7 193 194 195 194 195 197 194 197 193 197 193 196 193 195
94 4 190 196 193 196 193 197 190 197
95 5 190 195 191 195 193 195 193 196 190 196
96 4 191 194 193 194 193 195 191 195
97 9 191 191 208 191 208 194 206 194 205 194 195 194 193 194 191 194 191 192
98 4 191 190 208 190 208 191 191 191
99 5 190 192 191 192 191 194 191 195 190 195
100 7 188 192 190 192 190 195 190 196 190 197 189 197 188 197
101 6 188 190 191 190 191 191 191 192 190 192 188 192
102 6 187 190 188 190 188 192 188 197 187 197 187 193
103 6 187 189 208 189 208 190 191 190 188 190 187 190
104 4 186 223 187 223 187 250 186 250
105 4 185 223 186 223 186 250 185 250
106 4 184 223 185 223 185 250 184 250
107 4 183 223 184 223 184 250 183 250
108 4 180 223 183 223 183 250 180 250
109 10 180 193 182 193 187 193 187 197 187 223 186 223 185 223 184 223 183 223 180 223
110 7 179 193 180 193 180 223 180 250 179 250 179 242 179 202
111 4 178 242 179 242 179 250 178 250
112 4 178 202 179 202 179 242 178 242
113 4 178 193 179 193 179 202 178 202
114 6 176 193 178 193 178 202 178 242 178 250 176 250
115 5 182 189 187 189 187 190 187 193 182 193
116 7 182 188 214 188 214 189 212 189 208 189 187 189 182 189
117 8 176 188 182 188 182 189 182 193 180 193 179 193 178 193 176 193
118 6 175 188 176 188 176 193 176 250 175 250 175 219
119 6 175 187 214 187 214 188 182 188 176 188 175 188
120 5 175 186 215 186 215 187 214 187 175 187
121 5 170 219 175 219 175 250 170 250 170 249
122 6 170 186 175 186 175 187 175 188 175 219 170 219
123 6 170 185 217 185 217 186 215 186 175 186 170 186
124 9 154 249 155 249 157 249 159 249 160 249 168 249 170 249 170 250 154 250
125 6 168 185 170 185 170 186 170 219 170 249 168 249
126 6 168 183 249 183 249 185 217 185 170 185 168 185
127 4 168 182 249 182 249 183 168 183
128 7 160 182 168 182 168 183 168 185 168 249 160 249 160 215
129 5 160 181 249 181 249 182 168 182 160 182
130 5 160 179 161 179 249 179 249 181 160 181
131 8 161 178 172 178 173 178 199 178 203 178 249 178 249 179 161 179
132 4 203 176 249 176 249 178 203 178
133 5 203 174 249 174 249 176 203 176 203 175
134 6 203 165 249 165 249 174 203 174 203 168 203 167
135 6 199 175 203 175 203 176 203 178 199 178 199 177
136 5 173 177 174 177 199 177 199 178 173 178
137 4 174 175 199 175 199 177 174 177
138 9 174 168 203 168 203 174 203 175 199 175 174 175 174 173 174 172 174 169
139 5 173 173 174 173 174 175 174 177 173 177
140 5 172 173 173 173 173 177 173 178 172 178
141 4 161 173 172 173 172 178 161 178
142 8 161 172 163 172 171 172 174 172 174 173 173 173 172 173 161 173
143 4 171 169 174 169 174 172 171 172
144 6 163 169 171 169 171 172 163 172 163 171 163 170
145 4 161 171 163 171 163 172 161 172
146 4 161 170 163 170 163 171 161 171
147 8 160 170 161 170 161 171 161 172 161 173 161 178 161 179 160 179
148 4 159 215 160 215 160 249 159 249
149 7 159 170 160 170 160 179 160 181 160 182 160 215 159 215
150 6 159 169 163 169 163 170 161 170 160 170 159 170
151 6 159 168 174 168 174 169 171 169 163 169 159 169
152 7 157 168 159 168 159 169 159 170 159 215 159 249 157 249
153 6 157 167 203 167 203 168 174 168 159 168 157 168
154 5 155 167 157 167 157 168 157 249 155 249
155 5 155 165 203 165 203 167 157 167 155 167
156 5 155 164 249 164 249 165 203 165 155 165
157 6 154 164 155 164 155 165 155 167 155 249 154 249
158 8 154 163 169 163 181 163 231 163 249 163 249 164 155 164 154 164
159 7 151 163 152 163 154 163 154 164 154 249 154 250 151 250
160 4 231 161 249 161 249 163 231 163
161 5 231 158 249 158 249 161 231 161 231 159
162 5 181 159 231 159 231 161 231 163 181 163
163 5 169 159 181 159 181 163 169 163 169 162
164 5 152 162 169 162 169 163 154 163 152 163
165 4 152 159 169 159 169 162 152 162
166 7 152 158 177 158 231 158 231 159 181 159 169 159 152 159
167 5 177 157 249 157 249 158 231 158 177 158
168 4 177 154 249 154 249 157 177 157
169 6 177 151 202 151 249 151 249 154 177 154 177 152
170 9 152 152 158 152 177 152 177 154 177 157 177 158 152 158 152 155 152 153
171 7 151 155 152 155 152 158 152 159 152 162 152 163 151 163
172 6 150 155 151 155 151 163 151 250 150 250 150 180
173 5 150 153 152 153 152 155 151 155 150 155
174 4 150 152 152 152 152 153 150 153
175 5 148 180 149 180 150 180 150 250 148 250
176 6 149 152 150 152 150 153 150 155 150 180 149 180
177 4 158 151 177 151 177 152 158 152
178 4 202 150 249 150 249 151 202 151
179 8 202 140 249 140 249 150 202 150 202 149 202 147 202 145 202 141
180 6 158 149 202 149 202 150 202 151 177 151 158 151
181 4 158 147 202 147 202 149 158 149
182 8 149 147 158 147 158 149 158 151 158 152 152 152 150 152 149 152
183 5 149 145 202 145 202 147 158 147 149 147
184 6 148 145 149 145 149 147 149 152 149 180 148 180
185 5 147 145 148 145 148 180 148 250 147 250
186 9 147 141 162 141 164 141 200 141 202 141 202 145 149 145 148 145 147 145
187 8 146 141 147 141 147 145 147 250 146 250 146 146 146 144 146 143
188 5 144 146 146 146 146 250 144 250 144 148
189 4 143 148 144 148 144 250 143 250
190 5 133 148 143 148 143 250 133 250 133 166
191 7 133 146 134 146 137 146 144 146 144 148 143 148 133 148
192 7 137 144 138 144 140 144 146 144 146 146 144 146 137 146
193 4 140 143 146 143 146 144 140 144
194 4 140 141 146 141 146 143 140 143
195 4 200 140 202 140 202 141 200 141
196 7 200 136 233 136 249 136 249 140 202 140 200 140 200 138
197 7 164 138 166 138 200 138 200 140 200 141 164 141 164 139
198 4 162 139 164 139 164 141 162 141
199 8 140 139 141 139 156 139 162 139 162 141 147 141 146 141 140 141
200 5 156 138 164 138 164 139 162 139 156 139
201 5 166 136 200 136 200 138 166 138 166 137
202 6 233 133 249 133 249 136 233 136 233 135 233 134
203 5 166 135 233 135 233 136 200 136 166 136
204 5 156 137 166 137 166 138 164 138 156 138
205 5 156 135 166 135 166 136 166 137 156 137
206 5 156 134 233 134 233 135 166 135 156 135
207 9 141 134 142 134 145 134 156 134 156 135 156 137 156 138 156 139 141 139
208 5 145 133 233 133 233 134 156 134 145 134
209 5 145 132 249 132 249 133 233 133 145 133
210 5 145 130 165 130 249 130 249 132 145 132
211 4 165 127 249 127 249 130 165 130
212 4 165 125 249 125 249 127 165 127
213 4 165 122 249 122 249 125 165 125
214 4 165 121 249 121 249 122 165 122
215 5 165 120 198 120 249 120 249 121 165 121
216 4 198 117 249 117 249 120 198 120
217 4 198 115 249 115 249 117 198 117
218 6 198 95 249 95 249 115 198 115 198 99 198 96
219 6 165 99 198 99 198 115 198 117 198 120 165 120
220 9 145 99 165 99 165 120 165 121 165 122 165 125 165 127 165 130 145 130
221 10 142 99 145 99 145 130 145 132 145 133 145 134 142 134 142 110 142 108 142 101
222 4 141 110 142 110 142 134 141 134
223 7 140 110 141 110 141 134 141 139 140 139 140 119 140 116
224 7 138 119 140 119 140 139 140 141 140 143 140 144 138 144
225 7 137 119 138 119 138 144 137 144 137 131 137 126 137 124
226 7 134 131 136 131 137 131 137 144 137 146 134 146 134 142
227 6 136 126 137 126 137 131 136 131 136 129 136 128
228 4 134 129 136 129 136 131 134 131
229 4 133 142 134 142 134 146 133 146
230 5 132 166 133 166 133 250 132 250 132 184
231 7 132 142 133 142 133 146 133 148 133 166 132 166 132 156
232 4 130 184 132 184 132 250 130 250
233 4 128 184 130 184 130 250 128 250
234 6 128 156 132 156 132 166 132 184 130 184 128 184
235 5 127 156 128 156 128 184 128 250 127 250
236 4 126 156 127 156 127 250 126 250
237 6 126 142 132 142 132 156 128 156 127 156 126 156
238 6 125 142 126 142 126 156 126 250 125 250 125 212
239 8 125 129 134 129 134 131 134 142 133 142 132 142 126 142 125 142
240 5 119 212 121 212 125 212 125 250 119 250
241 5 121 129 125 129 125 142 125 212 121 212
242 4 119 129 121 129 121 212 119 212
243 6 117 129 118 129 119 129 119 212 119 250 117 250
244 9 118 128 120 128 136 128 136 129 134 129 125 129 121 129 119 129 118 129
245 4 120 126 136 126 136 128 120 128
246 5 120 124 137 124 137 126 136 126 120 126
247 6 120 119 123 119 129 119 137 119 137 124 120 124
248 8 129 116 139 116 140 116 140 119 138 119 137 119 129 119 129 118
249 4 123 118 129 118 129 119 123 119
250 4 123 116 129 116 129 118 123 118
251 7 139 110 140 110 140 116 139 116 139 113 139 112 139 111
252 5 123 113 139 113 139 116 129 116 123 116
253 6 120 113 123 113 123 116 123 118 123 119 120 119
254 8 118 113 120 113 120 119 120 124 120 126 120 128 118 128 118 114
255 5 117 114 118 114 118 128 118 129 117 129
256 5 116 114 117 114 117 129 117 250 116 250
257 4 115 114 116 114 116 250 115 250
258 4 113 114 115 114 115 250 113 250
259 7 113 113 118 113 118 114 117 114 116 114 115 114 113 114
260 5 112 113 113 113 113 114 113 250 112 250
261 10 112 112 114 112 131 112 139 112 139 113 123 113 120 113 118 113 113 113 112 113
262 5 110 112 112 112 112 113 112 250 110 250
263 6 108 112 109 112 110 112 110 250 108 250 108 123
264 5 131 111 135 111 139 111 139 112 131 112
265 5 114 111 122 111 131 111 131 112 114 112
266 4 135 110 139 110 139 111 135 111
267 5 122 110 135 110 135 111 131 111 122 111
268 8 122 108 142 108 142 110 141 110 140 110 139 110 135 110 122 110
269 5 122 101 142 101 142 108 122 108 122 103
270 6 114 103 122 103 122 108 122 110 122 111 114 111
271 8 109 103 114 103 114 111 114 112 112 112 110 112 109 112 109 107
272 4 108 107 109 107 109 112 108 112
273 8 60 123 64 123 65 123 78 123 106 123 108 123 108 250 60 250
274 6 106 107 107 107 108 107 108 112 108 123 106 123
275 5 78 107 106 107 106 123 78 123 78 109
276 7 107 103 109 103 109 107 108 107 107 107 107 106 107 105
277 11 78 106 79 106 80 106 81 106 82 106 98 106 100 106 107 106 107 107 106 107 78 107
278 6 100 105 104 105 105 105 107 105 107 106 100 106
279 4 105 103 107 103 107 105 105 105
280 8 105 101 111 101 122 101 122 103 114 103 109 103 107 103 105 103
281 5 104 101 105 101 105 103 105 105 104 105
282 5 111 99 142 99 142 101 122 101 111 101
283 8 111 96 198 96 198 99 165 99 145 99 142 99 111 99 111 97
284 7 104 97 111 97 111 99 111 101 105 101 104 101 104 98
285 4 104 96 111 96 111 97 104 97
286 5 104 95 198 95 198 96 111 96 104 96
287 7 104 93 153 93 249 93 249 95 198 95 104 95 104 94
288 5 100 98 104 98 104 101 104 105 100 105
289 5 98 98 100 98 100 105 100 106 98 106
290 4 82 98 98 98 98 106 82 106
291 14 82 94 85 94 86 94 94 94 97 94 99 94 104 94 104 95 104 96 104 97 104 98 100 98 98 98 82 98
292 4 99 93 104 93 104 94 99 94
293 5 153 91 249 91 249 93 153 93 153 92
294 4 153 89 249 89 249 91 153 91
295 7 153 70 216 70 249 70 249 89 153 89 153 84 153 76
296 5 99 92 153 92 153 93 104 93 99 93
297 5 97 92 99 92 99 93 99 94 97 94
298 9 97 84 153 84 153 89 153 91 153 92 99 92 97 92 97 90 97 85
299 6 94 90 95 90 97 90 97 92 97 94 94 94
300 7 95 85 96 85 97 85 97 90 95 90 95 88 95 86
301 4 96 84 97 84 97 85 96 85
302 4 95 84 96 84 96 85 95 85
303 4 94 88 95 88 95 90 94 90
304 8 86 88 89 88 92 88 93 88 94 88 94 90 94 94 86 94
305 5 93 86 95 86 95 88 94 88 93 88
306 5 92 86 93 86 93 88 92 88 92 87
307 6 92 84 95 84 95 85 95 86 93 86 92 86
308 10 92 76 124 76 153 76 153 84 97 84 96 84 95 84 92 84 92 80 92 78
309 5 89 87 90 87 92 87 92 88 89 88
310 6 90 80 92 80 92 84 92 86 92 87 90 87
311 6 90 78 91 78 92 78 92 80 90 80 90 79
312 7 89 79 90 79 90 80 90 87 89 87 89 83 89 82
313 6 86 83 88 83 89 83 89 87 89 88 86 88
314 4 88 82 89 82 89 83 88 83
315 4 86 82 88 82 88 83 86 83
316 6 85 82 86 82 86 83 86 88 86 94 85 94
317 5 82 82 83 82 85 82 85 94 82 94
318 8 83 79 87 79 89 79 89 82 88 82 86 82 85 82 83 82
319 5 87 78 90 78 90 79 89 79 87 79
320 4 83 78 87 78 87 79 83 79
321 4 91 76 92 76 92 78 91 78
322 7 83 76 91 76 91 78 90 78 87 78 83 78 83 77
323 4 124 70 153 70 153 76 124 76
324 7 216 45 249 45 249 70 216 70 216 53 216 48 216 46
325 7 124 53 216 53 216 70 153 70 124 70 124 56 124 55
326 15 83 56 102 56 103 56 124 56 124 70 124 76 92 76 91 76 83 76 83 75 83 74 83 71 83 60 83 59 83 58
327 6 82 77 83 77 83 78 83 79 83 82 82 82
328 7 81 77 82 77 82 82 82 94 82 98 82 106 81 106
329 6 81 75 83 75 83 76 83 77 82 77 81 77
330 5 80 75 81 75 81 77 81 106 80 106
331 5 79 75 80 75 80 106 79 106 79 100
332 5 78 100 79 100 79 106 78 106 78 104
333 5 65 109 67 109 78 109 78 123 65 123
334 8 67 104 71 104 75 104 78 104 78 106 78 107 78 109 67 109
335 5 75 100 76 100 78 100 78 104 75 104
336 5 71 100 72 100 75 100 75 104 71 104
337 6 67 100 69 100 70 100 71 100 71 104 67 104
338 5 76 75 79 75 79 100 78 100 76 100
339 7 76 74 83 74 83 75 81 75 80 75 79 75 76 75
340 5 76 71 77 71 83 71 83 74 76 74
341 8 72 71 73 71 76 71 76 74 76 75 76 100 75 100 72 100
342 5 77 60 83 60 83 71 77 71 77 64
343 7 73 64 77 64 77 71 76 71 73 71 73 68 73 65
344 4 72 68 73 68 73 71 72 71
345 7 70 68 72 68 72 71 72 100 71 100 70 100 70 81
346 4 69 81 70 81 70 100 69 100
347 4 67 81 69 81 69 100 67 100
348 7 65 81 66 81 67 81 67 100 67 104 67 109 65 109
349 5 64 81 65 81 65 109 65 123 64 123
350 9 66 68 68 68 70 68 70 81 69 81 67 81 66 81 66 73 66 69
351 5 64 73 66 73 66 81 65 81 64 81
352 6 60 73 61 73 64 73 64 81 64 123 60 123
353 6 51 73 52 73 60 73 60 123 60 250 51 250
354 6 61 69 66 69 66 73 64 73 61 73 61 72
355 5 52 72 61 72 61 73 60 73 52 73
356 5 52 69 54 69 61 69 61 72 52 72
357 8 54 68 57 68 58 68 62 68 66 68 66 69 61 69 54 69
358 6 68 65 73 65 73 68 72 68 70 68 68 68
359 6 62 65 63 65 68 65 68 68 66 68 62 68
360 5 63 64 73 64 73 65 68 65 63 65
361 4 62 64 63 64 63 65 62 65
362 8 62 60 77 60 77 64 73 64 63 64 62 64 62 62 62 61
363 6 58 62 62 62 62 64 62 65 62 68 58 68
364 4 58 61 62 61 62 62 58 62
365 7 57 61 58 61 58 62 58 68 57 68 57 67 57 66
366 5 57 60 62 60 62 61 58 61 57 61
367 6 57 59 83 59 83 60 77 60 62 60 57 60
368 5 57 58 74 58 83 58 83 59 57 59
369 4 54 67 57 67 57 68 54 68
370 4 54 66 57 66 57 67 54 67
371 8 54 58 57 58 57 59 57 60 57 61 57 66 54 66 54 63
372 7 52 63 54 63 54 66 54 67 54 68 54 69 52 69
373 6 51 63 52 63 52 69 52 72 52 73 51 73
374 5 51 58 54 58 54 63 52 63 51 63
375 7 48 58 50 58 51 58 51 63 51 73 51 250 48 250
376 4 74 56 83 56 83 58 74 58
377 8 50 56 74 56 74 58 57 58 54 58 51 58 50 58 50 57
378 4 103 55 124 55 124 56 103 56
379 4 103 53 124 53 124 55 103 55
380 7 103 48 216 48 216 53 124 53 103 53 103 52 103 51
381 7 102 52 103 52 103 53 103 55 103 56 102 56 102 54
382 6 50 54 102 54 102 56 83 56 74 56 50 56
383 4 48 57 50 57 50 58 48 58
384 5 48 54 50 54 50 56 50 57 48 57
385 6 47 54 48 54 48 57 48 58 48 250 47 250
386 4 38 54 47 54 47 250 38 250
387 8 38 52 39 52 102 52 102 54 50 54 48 54 47 54 38 54
388 7 39 51 40 51 59 51 103 51 103 52 102 52 39 52
389 6 59 48 103 48 103 51 59 51 59 50 59 49
390 5 40 50 41 50 59 50 59 51 40 51
391 4 41 49 59 49 59 50 41 50
392 6 41 48 46 48 53 48 59 48 59 49 41 49
393 8 53 46 207 46 216 46 216 48 103 48 59 48 53 48 53 47
394 4 46 47 53 47 53 48 46 48
395 4 46 46 53 46 53 47 46 47
396 4 207 45 216 45 216 46 207 46
397 8 46 45 49 45 55 45 56 45 207 45 207 46 53 46 46 46
398 6 56 43 249 43 249 45 216 45 207 45 56 45
399 4 56 42 249 42 249 43 56 43
400 5 56 41 192 41 249 41 249 42 56 42
401 6 55 41 56 41 56 42 56 43 56 45 55 45
402 4 192 40 249 40 249 41 192 41
403 4 192 39 249 39 249 40 192 40
404 6 55 39 192 39 192 40 192 41 56 41 55 41
405 6 55 38 84 38 249 38 249 39 192 39 55 39
406 5 84 34 249 34 249 38 84 38 84 37
407 4 55 37 84 37 84 38 55 38
408 8 49 37 55 37 55 38 55 39 55 41 55 45 49 45 49 44
409 5 49 34 84 34 84 37 55 37 49 37
410 7 49 33 167 33 196 33 249 33 249 34 84 34 49 34
411 4 196 30 249 30 249 33 196 33
412 4 167 30 196 30 196 33 167 33
413 6 167 28 249 28 249 30 196 30 167 30 167 29
414 5 49 29 167 29 167 30 167 33 49 33
415 4 46 44 49 44 49 45 46 45
416 9 46 29 49 29 49 33 49 34 49 37 49 44 46 44 46 36 46 35
417 11 41 36 42 36 43 36 44 36 46 36 46 44 46 45 46 46 46 47 46 48 41 48
418 5 44 35 45 35 46 35 46 36 44 36
419 4 43 35 44 35 44 36 43 36
420 4 45 29 46 29 46 35 45 35
421 7 45 28 101 28 167 28 167 29 49 29 46 29 45 29
422 5 101 27 249 27 249 28 167 28 101 28
423 4 101 26 249 26 249 27 101 27
424 9 101 1 249 1 249 26 101 26 101 7 101 6 101 5 101 4 101 3
425 6 45 7 101 7 101 26 101 27 101 28 45 28
426 8 43 7 45 7 45 28 45 29 45 35 44 35 43 35 43 8
427 6 42 8 43 8 43 35 43 36 42 36 42 25
428 4 41 25 42 25 42 36 41 36
429 5 41 8 42 8 42 25 41 25 41 10
430 10 40 10 41 10 41 25 41 36 41 48 41 49 41 50 40 50 40 18 40 11
431 5 39 18 40 18 40 50 40 51 39 51
432 6 38 18 39 18 39 51 39 52 38 52 38 19
433 6 37 19 38 19 38 52 38 54 38 250 37 250
434 7 36 19 37 19 37 250 36 250 36 245 36 102 36 24
435 4 35 245 36 245 36 250 35 250
436 4 33 245 35 245 35 250 33 250
437 8 14 245 17 245 18 245 19 245 20 245 33 245 33 250 14 250
438 10 20 102 21 102 22 102 27 102 29 102 36 102 36 245 35 245 33 245 20 245
439 6 29 24 34 24 36 24 36 102 29 102 29 32
440 5 34 19 36 19 36 24 34 24 34 23
441 6 34 18 38 18 38 19 37 19 36 19 34 19
442 6 29 23 31 23 32 23 34 23 34 24 29 24
443 5 32 18 34 18 34 19 34 23 32 23
444 8 32 11 40 11 40 18 39 18 38 18 34 18 32 18 32 12
445 6 31 12 32 12 32 18 32 23 31 23 31 15
446 6 29 15 31 15 31 23 29 23 29 21 29 17
447 5 27 32 28 32 29 32 29 102 27 102
448 7 22 32 23 32 25 32 26 32 27 32 27 102 22 102
449 6 28 21 29 21 29 23 29 24 29 32 28 32
450 5 26 21 28 21 28 32 27 32 26 32
451 6 25 21 26 21 26 32 25 32 25 31 25 22
452 4 23 31 25 31 25 32 23 32
453 4 23 22 25 22 25 31 23 31
454 5 22 22 23 22 23 31 23 32 22 32
455 5 21 22 22 22 22 32 22 102 21 102
456 6 21 21 25 21 25 22 23 22 22 22 21 22
457 7 21 17 29 17 29 21 28 21 26 21 25 21 21 21
458 6 20 17 21 17 21 21 21 22 21 102 20 102
459 5 20 15 29 15 29 17 21 17 20 17
460 8 19 15 20 15 20 17 20 102 20 245 19 245 19 20 19 16
461 4 18 20 19 20 19 245 18 245
462 5 17 20 18 20 18 245 17 245 17 160
463 4 14 160 17 160 17 245 14 245
464 4 14 20 17 20 17 160 14 160
465 6 12 20 14 20 14 160 14 245 14 250 12 250
466 5 11 20 12 20 12 250 11 250 11 198
467 7 0 198 1 198 2 198 3 198 11 198 11 250 0 250
468 5 3 20 4 20 11 20 11 198 3 198
469 9 4 16 19 16 19 20 18 20 17 20 14 20 12 20 11 20 4 20
470 10 4 15 5 15 6 15 7 15 9 15 10 15 15 15 19 15 19 16 4 16
471 8 15 12 31 12 31 15 29 15 20 15 19 15 15 15 15 14
472 4 10 14 15 14 15 15 10 15
473 4 10 12 15 12 15 14 10 14
474 6 10 11 32 11 32 12 31 12 15 12 10 12
475 6 10 10 13 10 40 10 40 11 32 11 10 11
476 8 9 10 10 10 10 11 10 12 10 14 10 15 9 15 9 13
477 5 13 8 41 8 41 10 40 10 13 10
478 5 9 8 13 8 13 10 10 10 9 10
479 7 9 7 43 7 43 8 42 8 41 8 13 8 9 8
480 6 9 6 101 6 101 7 45 7 43 7 9 7
481 5 9 5 30 5 101 5 101 6 9 6
482 5 7 13 8 13 9 13 9 15 7 15
483 8 8 5 9 5 9 6 9 7 9 8 9 10 9 13 8 13
484 4 7 5 8 5 8 13 7 13
485 5 6 5 7 5 7 13 7 15 6 15
486 4 30 4 101 4 101 5 30 5
487 8 6 4 24 4 30 4 30 5 9 5 8 5 7 5 6 5
488 5 24 3 101 3 101 4 30 4 24 4
489 5 6 3 16 3 24 3 24 4 6 4
490 6 5 3 6 3 6 4 6 5 6 15 5 15
491 6 16 1 101 1 101 3 24 3 16 3 16 2
492 5 16 0 249 0 249 1 101 1 16 1
493 5 5 2 16 2 16 3 6 3 5 3
494 6 4 2 5 2 5 3 5 15 4 15 4 9
495 6 3 9 4 9 4 15 4 16 4 20 3 20
496 5 2 9 3 9 3 20 3 198 2 198
497 5 2 2 4 2 4 9 3 9 2 9
498 7 2 0 16 0 16 1 16 2 5 2 4 2 2 2
499 6 1 0 2 0 2 2 2 9 2 198 1 198
500 4 0 0 1 0 1 198 0 198
500
1 71 0 258 1 258 2 258 3 258 5 258 7 258 8 258 11 258 14 258 16 258 19 258 20 258 21 258 22 258 23 258 24 258 25 258 27 258 28 258 29 258 30 258 31 258 32 258 39 258 41 258 42 258 43 258 44 258 47 258 49 258 50 258 53 258 61 258 62 258 66 258 70 258 71 258 72 258 74 258 75 258 77 258 79 258 80 258 83 258 84 258 85 258 86 258 87 258 88 258 90 258 92 258 94 258 120 258 121 258 122 258 123 258 133 258 135 258 136 258 137 258 147 258 158 258 160 258 174 258 176 258 198 258 201 258 202 258 242 258 242 259 0 259
2 6 202 256 203 256 204 256 242 256 242 258 202 258
3 6 204 255 205 255 241 255 242 255 242 256 204 256
4 60 241 0 242 0 242 255 241 255 241 254 241 253 241 252 241 251 241 249 241 248 241 247 241 245 241 240 241 233 241 228 241 214 241 211 241 191 241 165 241 156 241 153 241 151 241 150 241 149 241 148 241 146 241 143 241 141 241 140 241 136 241 135 241 134 241 133 241 132 241 131 241 128 241 127 241 125 241 124 241 122 241 121 241 119 241 117 241 116 241 112 241 111 241 95 241 94 241 92 241 91 241 85 241 83 241 71 241 69 241 66 241 58 241 33 241 15 241 14 241 7
5 4 205 254 241 254 241 255 205 255
6 5 205 253 206 253 241 253 241 254 205 254
7 6 206 252 233 252 236 252 241 252 241 253 206 253
8 4 236 251 241 251 241 252 236 252
9 4 236 249 241 249 241 251 236 251
10 4 236 248 241 248 241 249 236 249
11 5 236 247 240 247 241 247 241 248 236 248
12 4 240 245 241 245 241 247 240 247
13 5 240 240 241 240 241 245 240 245 240 244
14 5 236 244 240 244 240 245 240 247 236 247
15 10 233 244 236 244 236 247 236 248 236 249 236 251 236 252 233 252 233 250 233 246
16 7 233 240 240 240 240 244 236 244 233 244 233 243 233 242
17 11 233 233 235 233 237 233 238 233 241 233 241 240 240 240 233 240 233 237 233 236 233 234
18 5 206 250 229 250 233 250 233 252 206 252
19 4 229 246 233 246 233 250 229 250
20 5 229 243 233 243 233 244 233 246 229 246
21 10 206 243 207 243 208 243 219 243 223 243 227 243 229 243 229 246 229 250 206 250
22 5 227 242 233 242 233 243 229 243 227 243
23 4 223 242 227 242 227 243 223 243
24 6 223 237 233 237 233 240 233 242 227 242 223 242
25 6 223 236 225 236 226 236 233 236 233 237 223 237
26 4 226 234 233 234 233 236 226 236
27 5 225 234 226 234 226 236 225 236 225 235
28 4 223 235 225 235 225 236 223 236
29 8 219 235 223 235 223 236 223 237 223 242 223 243 219 243 219 241
30 5 219 234 225 234 225 235 223 235 219 235
31 6 219 233 233 233 233 234 226 234 225 234 219 234
32 7 238 228 241 228 241 233 238 233 238 232 238 231 238 230
33 6 238 214 241 214 241 228 238 228 238 226 238 220
34 4 237 232 238 232 238 233 237 233
35 4 235 232 237 232 237 233 235 233
36 5 235 231 238 231 238 232 237 232 235 232
37 6 219 231 235 231 235 232 235 233 233 233 219 233
38 7 219 230 220 230 230 230 238 230 238 231 235 231 219 231
39 4 208 241 219 241 219 243 208 243
40 14 208 230 209 230 210 230 211 230 215 230 217 230 219 230 219 231 219 233 219 234 219 235 219 241 208 241 208 238
41 5 230 226 238 226 238 228 238 230 230 230
42 4 230 220 238 220 238 226 230 226
43 6 220 220 230 220 230 226 230 230 220 230 220 223
44 7 217 223 220 223 220 230 219 230 217 230 217 227 217 224
45 6 215 227 216 227 217 227 217 230 215 230 215 229
46 5 211 229 212 229 215 229 215 230 211 230
47 4 212 227 215 227 215 229 212 229
48 5 216 224 217 224 217 227 216 227 216 225
49 6 212 225 213 225 216 225 216 227 215 227 212 227
50 4 213 224 216 224 216 225 213 225
51 5 213 223 217 223 217 224 216 224 213 224
52 5 213 220 220 220 220 223 217 223 213 223
53 8 213 214 238 214 238 220 230 220 220 220 213 220 213 219 213 218
54 6 213 211 232 211 241 211 241 214 238 214 213 214
55 7 212 219 213 219 213 220 213 223 213 224 213 225 212 225
56 4 212 218 213 218 213 219 212 219
57 7 211 218 212 218 212 219 212 225 212 227 212 229 211 229
58 6 211 211 213 211 213 214 213 218 212 218 211 218
59 16 232 191 241 191 241 211 232 211 232 210 232 209 232 208 232 205 232 203 232 202 232 201 232 200 232 199 232 198 232 197 232 194
60 5 211 210 232 210 232 211 213 211 211 211
61 8 210 210 211 210 211 211 211 218 211 229 211 230 210 230 210 216
62 4 209 216 210 216 210 230 209 230
63 4 209 210 210 210 210 216 209 216
64 7 209 209 221 209 232 209 232 210 211 210 210 210 209 210
65 7 208 209 209 209 209 210 209 216 209 230 208 230 208 222
66 4 221 208 232 208 232 209 221 209
67 5 208 208 221 208 221 209 209 209 208 209
68 7 208 205 232 205 232 208 221 208 208 208 208 207 208 206
69 5 207 238 208 238 208 241 208 243 207 243
70 5 207 222 208 222 208 230 208 238 207 238
71 7 207 207 208 207 208 208 208 209 208 222 207 222 207 212
72 6 206 212 207 212 207 222 207 238 207 243 206 243
73 8 205 212 206 212 206 243 206 250 206 252 206 253 205 253 205 215
74 6 204 215 205 215 205 253 205 254 205 255 204 255
75 4 204 212 205 212 205 215 204 215
76 6 203 212 204 212 204 215 204 255 204 256 203 256
77 7 203 207 207 207 207 212 206 212 205 212 204 212 203 212
78 5 203 206 208 206 208 207 207 207 203 207
79 6 202 206 203 206 203 207 203 212 203 256 202 256
80 6 201 206 202 206 202 256 202 258 201 258 201 221
81 5 198 221 199 221 201 221 201 258 198 258
82 4 199 206 201 206 201 221 199 221
83 8 199 205 200 205 208 205 208 206 203 206 202 206 201 206 199 206
84 5 198 205 199 205 199 206 199 221 198 221
85 6 200 203 232 203 232 205 208 205 200 205 200 204
86 4 200 202 232 202 232 203 200 203
87 4 200 201 232 201 232 202 200 202
88 5 198 204 200 204 200 205 199 205 198 205
89 9 176 204 179 204 180 204 182 204 198 204 198 205 198 221 198 258 176 258
90 8 182 201 187 201 200 201 200 202 200 203 200 204 198 204 182 204
91 8 187 200 188 200 189 200 192 200 232 200 232 201 200 201 187 201
92 4 192 199 232 199 232 200 192 200
93 5 192 198 197 198 232 198 232 199 192 199
94 5 197 197 228 197 232 197 232 198 197 198
95 4 228 194 232 194 232 197 228 197
96 4 228 191 232 191 232 194 228 194
97 9 228 165 241 165 241 191 232 191 228 191 228 183 228 180 228 171 228 167
98 9 197 183 228 183 228 191 228 194 228 197 197 197 197 195 197 192 197 184
99 6 192 195 197 195 197 197 197 198 192 198 192 196
100 6 189 196 192 196 192 198 192 199 192 200 189 200
101 4 188 196 189 196 189 200 188 200
102 6 188 195 191 195 192 195 192 196 189 196 188 196
103 7 191 192 193 192 196 192 197 192 197 195 192 195 191 195
104 6 196 184 197 184 197 192 196 192 196 186 196 185
105 5 193 186 196 186 196 192 193 192 193 187
106 4 191 187 193 187 193 192 191 192
107 5 188 187 191 187 191 192 191 195 188 195
108 8 187 187 188 187 188 195 188 196 188 200 187 200 187 190 187 189
109 6 182 190 185 190 187 190 187 200 187 201 182 201
110 4 185 189 187 189 187 190 185 190
111 4 185 187 187 187 187 189 185 189
112 7 185 186 193 186 193 187 191 187 188 187 187 187 185 187
113 5 185 185 196 185 196 186 193 186 185 186
114 8 182 185 183 185 185 185 185 186 185 187 185 189 185 190 182 190
115 7 180 185 181 185 182 185 182 190 182 201 182 204 180 204
116 5 183 184 196 184 196 185 185 185 183 185
117 6 183 183 195 183 197 183 197 184 196 184 183 184
118 5 195 180 228 180 228 183 197 183 195 183
119 6 195 171 228 171 228 180 195 180 195 176 195 172
120 6 183 176 195 176 195 180 195 183 183 183 183 178
121 7 181 178 183 178 183 183 183 184 183 185 182 185 181 185
122 5 180 178 181 178 181 185 180 185 180 181
123 5 179 181 180 181 180 185 180 204 179 204
124 4 176 181 179 181 179 204 176 204
125 7 174 181 175 181 176 181 176 204 176 258 174 258 174 188
126 8 160 188 161 188 166 188 167 188 168 188 174 188 174 258 160 258
127 5 168 181 171 181 174 181 174 188 168 188
128 7 175 178 180 178 180 181 179 181 176 181 175 181 175 179
129 6 171 179 172 179 175 179 175 181 174 181 171 181
130 4 172 178 175 178 175 179 172 179
131 7 172 176 183 176 183 178 181 178 180 178 175 178 172 178
132 5 172 172 195 172 195 176 183 176 172 176
133 6 171 172 172 172 172 176 172 178 172 179 171 179
134 5 171 171 195 171 195 172 172 172 171 172
135 8 168 171 171 171 171 172 171 179 171 181 168 181 168 177 168 173
136 6 168 167 228 167 228 171 195 171 171 171 168 171
137 5 167 177 168 177 168 181 168 188 167 188
138 4 167 173 168 173 168 177 167 177
139 5 167 167 168 167 168 171 168 173 167 173
140 6 167 165 173 165 228 165 228 167 168 167 167 167
141 9 166 165 167 165 167 167 167 173 167 177 167 188 166 188 166 175 166 168
142 10 173 156 239 156 241 156 241 165 228 165 173 165 173 164 173 163 173 162 173 159
143 6 166 164 170 164 173 164 173 165 167 165 166 165
144 5 161 175 163 175 166 175 166 188 161 188
145 7 163 168 165 168 166 168 166 175 163 175 163 170 163 169
146 6 161 170 162 170 163 170 163 175 161 175 161 174
147 5 160 174 161 174 161 175 161 188 160 188
148 5 158 174 160 174 160 188 160 258 158 258
149 5 158 170 161 170 161 174 160 174 158 174
150 4 162 169 163 169 163 170 162 170
151 4 162 168 163 168 163 169 162 169
152 6 158 168 162 168 162 169 162 170 161 170 158 170
153 7 147 168 158 168 158 170 158 174 158 258 147 258 147 257
154 5 165 164 166 164 166 165 166 168 165 168
155 4 170 163 173 163 173 164 170 164
156 5 165 163 170 163 170 164 166 164 165 164
157 12 147 163 149 163 151 163 152 163 154 163 165 163 165 164 165 168 163 168 162 168 158 168 147 168
158 7 154 162 164 162 173 162 173 163 170 163 165 163 154 163
159 6 164 159 173 159 173 162 164 162 164 161 164 160
160 4 154 161 164 161 164 162 154 162
161 5 152 161 154 161 154 162 154 163 152 163
162 6 152 160 156 160 164 160 164 161 154 161 152 161
163 5 151 160 152 160 152 161 152 163 151 163
164 4 156 159 164 159 164 160 156 160
165 5 151 159 156 159 156 160 152 160 151 160
166 6 151 156 173 156 173 159 164 159 156 159 151 159
167 6 149 156 151 156 151 159 151 160 151 163 149 163
168 6 239 153 241 153 241 156 239 156 239 155 239 154
169 4 239 151 241 151 241 153 239 153
170 4 239 150 241 150 241 151 239 151
171 6 149 155 239 155 239 156 173 156 151 156 149 156
172 5 147 155 149 155 149 156 149 163 147 163
173 6 137 257 138 257 140 257 147 257 147 258 137 258
174 7 140 155 142 155 147 155 147 163 147 168 147 257 140 257
175 8 142 154 143 154 144 154 239 154 239 155 149 155 147 155 142 155
176 8 144 150 145 150 146 150 239 150 239 151 239 153 239 154 144 154
177 6 146 149 153 149 241 149 241 150 239 150 146 150
178 4 153 148 241 148 241 149 153 149
179 4 153 146 241 146 241 148 153 148
180 6 146 146 150 146 153 146 153 148 153 149 146 149
181 6 150 143 214 143 241 143 241 146 153 146 150 146
182 5 214 141 241 141 241 143 214 143 214 142
183 5 214 140 218 140 241 140 241 141 214 141
184 4 150 142 214 142 214 143 150 143
185 5 150 140 214 140 214 141 214 142 150 142
186 6 146 140 150 140 150 142 150 143 150 146 146 146
187 6 218 136 241 136 241 140 218 140 218 139 218 137
188 6 146 139 218 139 218 140 214 140 150 140 146 140
189 4 146 137 218 137 218 139 146 139
190 8 145 137 146 137 146 139 146 140 146 146 146 149 146 150 145 150
191 8 145 136 155 136 178 136 184 136 218 136 218 137 146 137 145 137
192 6 184 135 194 135 241 135 241 136 218 136 184 136
193 4 194 134 241 134 241 135 194 135
194 4 194 133 241 133 241 134 194 134
195 5 184 133 194 133 194 134 194 135 184 135
196 6 184 132 224 132 241 132 241 133 194 133 184 133
197 4 224 131 241 131 241 132 224 132
198 4 184 131 224 131 224 132 184 132
199 5 184 128 241 128 241 131 224 131 184 131
200 8 178 128 184 128 184 131 184 132 184 133 184 135 184 136 178 136
201 6 178 127 234 127 241 127 241 128 184 128 178 128
202 4 234 125 241 125 241 127 234 127
203 4 234 124 241 124 241 125 234 125
204 4 234 122 241 122 241 124 234 124
205 4 234 121 241 121 241 122 234 122
206 4 234 119 241 119 241 121 234 121
207 8 178 119 234 119 234 121 234 122 234 124 234 125 234 127 178 127
208 5 178 117 241 117 241 119 234 119 178 119
209 7 178 116 186 116 222 116 231 116 241 116 241 117 178 117
210 10 155 116 157 116 159 116 178 116 178 117 178 119 178 127 178 128 178 136 155 136
211 5 231 112 241 112 241 116 231 116 231 114
212 4 222 114 231 114 231 116 222 116
213 4 222 112 231 112 231 114 222 114
214 5 222 111 241 111 241 112 231 112 222 112
215 8 222 95 241 95 241 111 222 111 222 99 222 98 222 97 222 96
216 10 186 99 222 99 222 111 222 112 222 114 222 116 186 116 186 113 186 110 186 104
217 5 159 113 186 113 186 116 178 116 159 116
218 4 157 113 159 113 159 116 157 116
219 5 157 110 186 110 186 113 159 113 157 113
220 4 157 104 186 104 186 110 157 110
221 6 155 104 157 104 157 110 157 113 157 116 155 116
222 7 155 99 186 99 186 104 157 104 155 104 155 103 155 102
223 7 145 103 155 103 155 104 155 116 155 136 145 136 145 129
224 6 144 129 145 129 145 136 145 137 145 150 144 150
225 5 143 129 144 129 144 150 144 154 143 154
226 6 143 103 145 103 145 129 144 129 143 129 143 106
227 5 143 102 155 102 155 103 145 103 143 103
228 6 142 106 143 106 143 129 143 154 142 154 142 144
229 5 142 102 143 102 143 103 143 106 142 106
230 5 140 144 142 144 142 154 142 155 140 155
231 5 140 102 142 102 142 106 142 144 140 144
232 7 138 102 139 102 140 102 140 144 140 155 140 257 138 257
233 8 139 99 148 99 155 99 155 102 143 102 142 102 140 102 139 102
234 7 148 98 169 98 222 98 222 99 186 99 155 99 148 99
235 4 169 97 222 97 222 98 169 98
236 4 169 96 222 96 222 97 169 97
237 4 169 95 222 95 222 96 169 96
238 5 169 94 241 94 241 95 222 95 169 95
239 7 148 94 169 94 169 95 169 96 169 97 169 98 148 98
240 6 148 92 177 92 241 92 241 94 169 94 148 94
241 4 177 91 241 91 241 92 177 92
242 4 177 85 241 85 241 91 177 91
243 4 177 83 241 83 241 85 177 85
244 4 177 71 241 71 241 83 177 83
245 8 148 71 177 71 177 83 177 85 177 91 177 92 148 92 148 88
246 8 139 88 141 88 148 88 148 92 148 94 148 98 148 99 139 99
247 4 141 71 148 71 148 88 141 88
248 6 141 69 241 69 241 71 177 71 148 71 141 71
249 5 141 66 190 66 241 66 241 69 141 69
250 4 190 58 241 58 241 66 190 66
251 4 141 58 190 58 190 66 141 66
252 7 139 58 141 58 141 66 141 69 141 71 141 88 139 88
253 9 139 33 241 33 241 58 190 58 141 58 139 58 139 48 139 46 139 36
254 9 138 48 139 48 139 58 139 88 139 99 139 102 138 102 138 90 138 49
255 5 137 90 138 90 138 102 138 257 137 257
256 5 136 90 137 90 137 257 137 258 136 258
257 5 135 90 136 90 136 258 135 258 135 158
258 6 133 158 134 158 135 158 135 258 133 258 133 217
259 4 134 90 135 90 135 158 134 158
260 10 134 49 138 49 138 90 137 90 136 90 135 90 134 90 134 67 134 64 134 51
261 5 133 67 134 67 134 90 134 158 133 158
262 9 123 217 124 217 126 217 129 217 130 217 132 217 133 217 133 258 123 258
263 9 132 67 133 67 133 158 133 217 132 217 132 157 132 118 132 109 132 75
264 4 130 157 132 157 132 217 130 217
265 5 130 118 131 118 132 118 132 157 130 157
266 6 129 118 130 118 130 157 130 217 129 217 129 130
267 4 131 109 132 109 132 118 131 118
268 4 131 75 132 75 132 109 131 109
269 8 129 75 131 75 131 109 131 118 130 118 129 118 129 107 129 86
270 5 129 67 132 67 132 75 131 75 129 75
271 6 126 130 127 130 128 130 129 130 129 217 126 217
272 5 128 107 129 107 129 118 129 130 128 130
273 4 127 107 128 107 128 130 127 130
274 5 127 86 129 86 129 107 128 107 127 107
275 6 126 86 127 86 127 107 127 130 126 130 126 87
276 6 124 87 126 87 126 130 126 217 124 217 124 152
277 4 123 152 124 152 124 217 123 217
278 5 122 152 123 152 123 217 123 258 122 258
279 4 121 152 122 152 122 258 121 258
280 4 120 152 121 152 121 258 120 258
281 11 94 152 95 152 96 152 98 152 100 152 116 152 117 152 120 152 120 258 94 258 94 193
282 8 117 87 124 87 124 152 123 152 122 152 121 152 120 152 117 152
283 5 117 86 126 86 126 87 124 87 117 87
284 6 116 86 117 86 117 87 117 152 116 152 116 126
285 10 100 126 101 126 102 126 103 126 106 126 113 126 114 126 116 126 116 152 100 152
286 4 114 86 116 86 116 126 114 126
287 10 114 67 115 67 129 67 129 75 129 86 127 86 126 86 117 86 116 86 114 86
288 10 115 64 118 64 119 64 125 64 134 64 134 67 133 67 132 67 129 67 115 67
289 5 125 51 134 51 134 64 125 64 125 52
290 6 119 52 125 52 125 64 119 64 119 57 119 56
291 5 118 57 119 57 119 64 118 64 118 59
292 4 115 59 118 59 118 64 115 64
293 4 115 57 118 57 118 59 115 59
294 5 115 56 119 56 119 57 118 57 115 57
295 8 114 56 115 56 115 57 115 59 115 64 115 67 114 67 114 61
296 7 113 61 114 61 114 67 114 86 114 126 113 126 113 89
297 7 106 89 110 89 111 89 112 89 113 89 113 126 106 126
298 4 112 61 113 61 113 89 112 89
299 7 111 61 112 61 112 89 111 89 111 82 111 78 111 62
300 4 110 82 111 82 111 89 110 89
301 4 110 78 111 78 111 82 110 82
302 5 110 62 111 62 111 78 110 78 110 72
303 8 106 72 108 72 109 72 110 72 110 78 110 82 110 89 106 89
304 4 109 62 110 62 110 72 109 72
305 5 109 61 111 61 111 62 110 62 109 62
306 8 109 56 114 56 114 61 113 61 112 61 111 61 109 61 109 60
307 7 108 60 109 60 109 61 109 62 109 72 108 72 108 63
308 5 106 63 107 63 108 63 108 72 106 72
309 4 107 60 108 60 108 63 107 63
310 5 107 56 109 56 109 60 108 60 107 60
311 7 107 52 119 52 119 56 115 56 114 56 109 56 107 56
312 5 107 51 125 51 125 52 119 52 107 52
313 7 106 51 107 51 107 52 107 56 107 60 107 63 106 63
314 7 103 51 106 51 106 63 106 72 106 89 106 126 103 126
315 7 103 49 134 49 134 51 125 51 107 51 106 51 103 51
316 6 102 49 103 49 103 51 103 126 102 126 102 81
317 8 102 48 104 48 105 48 138 48 138 49 134 49 103 49 102 49
318 4 101 81 102 81 102 126 101 126
319 4 100 81 101 81 101 126 100 126
320 6 100 48 102 48 102 49 102 81 101 81 100 81
321 7 98 48 99 48 100 48 100 81 100 126 100 152 98 152
322 5 105 46 139 46 139 48 138 48 105 48
323 6 105 36 139 36 139 46 105 46 105 41 105 39
324 5 104 41 105 41 105 46 105 48 104 48
325 4 104 39 105 39 105 41 104 41
326 4 104 36 105 36 105 39 104 39
327 5 104 33 139 33 139 36 105 36 104 36
328 11 99 33 104 33 104 36 104 39 104 41 104 48 102 48 100 48 99 48 99 45 99 44
329 7 99 15 241 15 241 33 139 33 104 33 99 33 99 16
330 4 98 45 99 45 99 48 98 48
331 5 96 45 98 45 98 48 98 152 96 152
332 6 96 44 97 44 99 44 99 45 98 45 96 45
333 14 97 16 99 16 99 33 99 44 97 44 97 27 97 26 97 24 97 23 97 22 97 21 97 19 97 18 97 17
334 4 96 27 97 27 97 44 96 44
335 10 95 27 96 27 96 44 96 45 96 152 95 152 95 35 95 32 95 30 95 29
336 6 94 35 95 35 95 152 94 152 94 68 94 37
337 4 92 193 94 193 94 258 92 258
338 6 92 68 93 68 94 68 94 152 94 193 92 193
339 5 93 37 94 37 94 68 93 68 93 42
340 4 92 42 93 42 93 68 92 68
341 9 90 42 92 42 92 68 92 193 92 258 90 258 90 93 90 77 90 43
342 6 90 37 93 37 93 42 92 42 90 42 90 40
343 5 88 93 89 93 90 93 90 258 88 258
344 5 87 93 88 93 88 258 87 258 87 105
345 4 86 105 87 105 87 258 86 258
346 4 85 105 86 105 86 258 85 258
347 5 85 93 87 93 87 105 86 105 85 105
348 5 84 93 85 93 85 105 85 258 84 258
349 4 89 77 90 77 90 93 89 93
350 4 89 43 90 43 90 77 89 77
351 8 84 43 89 43 89 77 89 93 88 93 87 93 85 93 84 93
352 6 83 43 84 43 84 93 84 258 83 258 83 147
353 5 80 147 82 147 83 147 83 258 80 258
354 5 82 43 83 43 83 147 82 147 82 47
355 5 80 47 82 47 82 147 80 147 80 53
356 7 79 53 80 53 80 147 80 258 79 258 79 145 79 100
357 4 77 145 79 145 79 258 77 258
358 4 75 145 77 145 77 258 75 258
359 4 74 145 75 145 75 258 74 258
360 8 74 100 79 100 79 145 77 145 75 145 74 145 74 120 74 108
361 5 72 120 74 120 74 145 74 258 72 258
362 5 72 108 73 108 74 108 74 120 72 120
363 4 73 100 74 100 74 108 73 108
364 5 73 53 79 53 79 100 74 100 73 100
365 7 72 53 73 53 73 100 73 108 72 108 72 76 72 74
366 6 71 76 72 76 72 108 72 120 72 258 71 258
367 4 70 76 71 76 71 258 70 258
368 4 66 76 70 76 70 258 66 258
369 7 62 76 65 76 66 76 66 258 62 258 62 213 62 80
370 7 65 74 72 74 72 76 71 76 70 76 66 76 65 76
371 5 65 53 72 53 72 74 65 74 65 70
372 5 62 70 65 70 65 74 65 76 62 76
373 4 61 213 62 213 62 258 61 258
374 4 53 213 61 213 61 258 53 258
375 8 53 80 55 80 57 80 59 80 62 80 62 213 61 213 53 213
376 5 50 80 53 80 53 213 53 258 50 258
377 6 59 70 60 70 62 70 62 76 62 80 59 80
378 5 60 53 65 53 65 70 62 70 60 70
379 4 59 53 60 53 60 70 59 70
380 9 59 47 80 47 80 53 79 53 73 53 72 53 65 53 60 53 59 53
381 6 57 47 59 47 59 53 59 70 59 80 57 80
382 6 57 43 82 43 82 47 80 47 59 47 57 47
383 10 57 40 76 40 90 40 90 42 90 43 89 43 84 43 83 43 82 43 57 43
384 6 55 40 57 40 57 43 57 47 57 80 55 80
385 5 76 37 81 37 90 37 90 40 76 40
386 7 55 37 63 37 69 37 76 37 76 40 57 40 55 40
387 6 81 35 94 35 94 37 93 37 90 37 81 37
388 6 81 32 95 32 95 35 94 35 81 35 81 34
389 4 81 30 95 30 95 32 81 32
390 6 69 34 81 34 81 35 81 37 76 37 69 37
391 5 69 30 81 30 81 32 81 34 69 34
392 5 63 30 69 30 69 34 69 37 63 37
393 4 55 30 63 30 63 37 55 37
394 8 55 29 91 29 95 29 95 30 81 30 69 30 63 30 55 30
395 11 50 29 51 29 54 29 55 29 55 30 55 37 55 40 55 80 53 80 50 80 50 73
396 4 91 27 95 27 95 29 91 29
397 6 91 26 97 26 97 27 96 27 95 27 91 27
398 8 54 26 67 26 78 26 91 26 91 27 91 29 55 29 54 29
399 6 78 24 97 24 97 26 91 26 78 26 78 25
400 4 67 25 78 25 78 26 67 26
401 4 54 25 67 25 67 26 54 26
402 6 51 25 54 25 54 26 54 29 51 29 51 28
403 8 51 24 52 24 56 24 78 24 78 25 67 25 54 25 51 25
404 7 56 23 58 23 68 23 97 23 97 24 78 24 56 24
405 4 68 22 97 22 97 23 68 23
406 4 58 22 68 22 68 23 58 23
407 4 56 22 58 22 58 23 56 23
408 6 56 21 97 21 97 22 68 22 58 22 56 22
409 6 52 21 56 21 56 22 56 23 56 24 52 24
410 5 52 19 97 19 97 21 56 21 52 21
411 6 51 19 52 19 52 21 52 24 51 24 51 20
412 4 50 28 51 28 51 29 50 29
413 5 49 73 50 73 50 80 50 258 49 258
414 6 47 73 48 73 49 73 49 258 47 258 47 182
415 6 48 28 50 28 50 29 50 73 49 73 48 73
416 4 47 28 48 28 48 73 47 73
417 4 44 182 47 182 47 258 44 258
418 4 43 182 44 182 44 258 43 258
419 6 43 28 47 28 47 73 47 182 44 182 43 182
420 5 42 28 43 28 43 182 43 258 42 258
421 11 42 20 45 20 51 20 51 24 51 25 51 28 50 28 48 28 47 28 43 28 42 28
422 4 45 19 51 19 51 20 45 20
423 6 45 18 97 18 97 19 52 19 51 19 45 19
424 5 42 18 45 18 45 19 45 20 42 20
425 7 41 18 42 18 42 20 42 28 42 258 41 258 41 84
426 8 41 17 46 17 64 17 97 17 97 18 45 18 42 18 41 18
427 5 39 84 41 84 41 258 39 258 39 123
428 5 32 123 33 123 39 123 39 258 32 258
429 7 33 84 34 84 35 84 38 84 39 84 39 123 33 123
430 8 38 17 40 17 41 17 41 18 41 84 39 84 38 84 38 79
431 5 35 79 37 79 38 79 38 84 35 84
432 5 37 17 38 17 38 79 37 79 37 31
433 5 35 31 36 31 37 31 37 79 35 79
434 4 36 17 37 17 37 31 36 31
435 4 64 16 97 16 97 17 64 17
436 5 64 15 99 15 99 16 97 16 64 16
437 5 64 14 241 14 241 15 99 15 64 15
438 4 64 7 241 7 241 14 64 14
439 7 46 7 64 7 64 14 64 15 64 16 64 17 46 17
440 7 40 7 46 7 46 17 41 17 40 17 40 13 40 10
441 7 40 0 241 0 241 7 64 7 46 7 40 7 40 3
442 6 36 13 40 13 40 17 38 17 37 17 36 17
443 4 36 10 40 10 40 13 36 13
444 6 35 10 36 10 36 13 36 17 36 31 35 31
445 6 34 10 35 10 35 31 35 79 35 84 34 84
446 7 34 3 40 3 40 7 40 10 36 10 35 10 34 10
447 4 34 0 40 0 40 3 34 3
448 9 33 0 34 0 34 3 34 10 34 84 33 84 33 65 33 5 33 2
449 5 32 65 33 65 33 84 33 123 32 123
450 5 31 65 32 65 32 123 32 258 31 258
451 7 31 5 33 5 33 65 32 65 31 65 31 38 31 12
452 5 30 38 31 38 31 65 31 258 30 258
453 6 29 38 30 38 30 258 29 258 29 239 29 115
454 4 28 239 29 239 29 258 28 258
455 4 27 239 28 239 28 258 27 258
456 4 25 239 27 239 27 258 25 258
457 4 24 239 25 239 25 258 24 258
458 8 24 115 26 115 29 115 29 239 28 239 27 239 25 239 24 239
459 5 23 115 24 115 24 239 24 258 23 258
460 4 26 38 29 38 29 115 26 115
461 6 26 12 31 12 31 38 30 38 29 38 26 38
462 6 26 5 31 5 31 12 26 12 26 9 26 6
463 8 23 9 26 9 26 12 26 38 26 115 24 115 23 115 23 101
464 6 22 101 23 101 23 115 23 258 22 258 22 138
465 4 22 9 23 9 23 101 22 101
466 5 21 138 22 138 22 258 21 258 21 166
467 6 21 9 22 9 22 101 22 138 21 138 21 11
468 4 20 166 21 166 21 258 20 258
469 5 20 11 21 11 21 138 21 166 20 166
470 6 19 11 20 11 20 166 20 258 19 258 19 55
471 5 16 55 18 55 19 55 19 258 16 258
472 4 14 55 16 55 16 258 14 258
473 4 11 55 14 55 14 258 11 258
474 4 18 11 19 11 19 55 18 55
475 6 11 11 18 11 18 55 16 55 14 55 11 55
476 7 8 11 9 11 11 11 11 55 11 258 8 258 8 54
477 9 9 9 10 9 21 9 21 11 20 11 19 11 18 11 11 11 9 11
478 8 10 6 12 6 26 6 26 9 23 9 22 9 21 9 10 9
479 6 12 5 13 5 15 5 26 5 26 6 12 6
480 8 15 2 17 2 33 2 33 5 31 5 26 5 15 5 15 4
481 5 17 0 33 0 33 2 17 2 17 1
482 4 15 1 17 1 17 2 15 2
483 4 15 0 17 0 17 1 15 1
484 4 13 4 15 4 15 5 13 5
485 6 13 0 15 0 15 1 15 2 15 4 13 4
486 5 12 0 13 0 13 4 13 5 12 5
487 5 10 0 12 0 12 5 12 6 10 6
488 6 9 0 10 0 10 6 10 9 9 9 9 8
489 5 8 8 9 8 9 9 9 11 8 11
490 4 7 54 8 54 8 258 7 258
491 5 5 54 6 54 7 54 7 258 5 258
492 5 3 54 4 54 5 54 5 258 3 258
493 6 6 8 8 8 8 11 8 54 7 54 6 54
494 6 4 8 6 8 6 54 5 54 4 54 4 50
495 4 3 50 4 50 4 54 3 54
496 5 2 50 3 50 3 54 3 258 2 258
497 5 2 8 4 8 4 50 3 50 2 50
498 5 1 8 2 8 2 50 2 258 1 258
499 4 0 8 1 8 1 258 0 258
500 9 0 0 9 0 9 8 8 8 6 8 4 8 2 8 1 8 0 8
